{
  "dataset_revision": "a75a0eb",
  "evaluation_time": 1539.888409614563,
  "kg_co2_emissions": null,
  "mteb_version": "1.14.12",
  "scores": {
    "standard": [
      {
        "hf_subset": "theoremqa_theorems",
        "languages": [
          "eng-Latn"
        ],
        "main_score": 0.28943,
        "map_at_1": 0.12103,
        "map_at_10": 0.23023,
        "map_at_100": 0.24816,
        "map_at_1000": 0.24992,
        "map_at_20": 0.23907,
        "map_at_3": 0.19282,
        "map_at_5": 0.21205,
        "mrr_at_1": 0.23076923076923078,
        "mrr_at_10": 0.30131257631257624,
        "mrr_at_100": 0.3113517343618356,
        "mrr_at_1000": 0.3120850836764895,
        "mrr_at_20": 0.3074312289018171,
        "mrr_at_3": 0.2717948717948718,
        "mrr_at_5": 0.2779487179487179,
        "nauc_map_at_1000_diff1": 0.1861816556111447,
        "nauc_map_at_1000_max": -0.0002270917542316336,
        "nauc_map_at_1000_std": -0.039003101661409544,
        "nauc_map_at_100_diff1": 0.18693420540555086,
        "nauc_map_at_100_max": -0.001671227152445654,
        "nauc_map_at_100_std": -0.04164575594492736,
        "nauc_map_at_10_diff1": 0.19761725859326604,
        "nauc_map_at_10_max": 0.00025355998468177735,
        "nauc_map_at_10_std": -0.04525868930248625,
        "nauc_map_at_1_diff1": 0.21658472553676975,
        "nauc_map_at_1_max": 0.0038289750849331587,
        "nauc_map_at_1_std": -0.1113060540082692,
        "nauc_map_at_20_diff1": 0.1923030624020193,
        "nauc_map_at_20_max": -0.005955926688211247,
        "nauc_map_at_20_std": -0.04491501345705003,
        "nauc_map_at_3_diff1": 0.20846881024021752,
        "nauc_map_at_3_max": 0.05133116169531272,
        "nauc_map_at_3_std": -0.0029390966623304947,
        "nauc_map_at_5_diff1": 0.2129534518820988,
        "nauc_map_at_5_max": 0.019024637666672607,
        "nauc_map_at_5_std": -0.05134069815654762,
        "nauc_mrr_at_1000_diff1": 0.09590822132149313,
        "nauc_mrr_at_1000_max": -0.016222929222601726,
        "nauc_mrr_at_1000_std": -0.059184680171516874,
        "nauc_mrr_at_100_diff1": 0.09641220877900047,
        "nauc_mrr_at_100_max": -0.015965004542264946,
        "nauc_mrr_at_100_std": -0.05993290195746172,
        "nauc_mrr_at_10_diff1": 0.08914990688724984,
        "nauc_mrr_at_10_max": -0.018513101757968484,
        "nauc_mrr_at_10_std": -0.06213951241216392,
        "nauc_mrr_at_1_diff1": 0.13674095059524688,
        "nauc_mrr_at_1_max": -0.008391974624086626,
        "nauc_mrr_at_1_std": -0.03988646125857737,
        "nauc_mrr_at_20_diff1": 0.0924120266563586,
        "nauc_mrr_at_20_max": -0.028570895267828893,
        "nauc_mrr_at_20_std": -0.06154037358822605,
        "nauc_mrr_at_3_diff1": 0.09104385671872559,
        "nauc_mrr_at_3_max": -0.024348650815455068,
        "nauc_mrr_at_3_std": -0.081246497845521,
        "nauc_mrr_at_5_diff1": 0.09768180858655899,
        "nauc_mrr_at_5_max": -0.011647233678329493,
        "nauc_mrr_at_5_std": -0.09031678619155346,
        "nauc_ndcg_at_1000_diff1": 0.12556279965388292,
        "nauc_ndcg_at_1000_max": -0.004317318393843552,
        "nauc_ndcg_at_1000_std": 0.0018129166759458387,
        "nauc_ndcg_at_100_diff1": 0.13710741196307974,
        "nauc_ndcg_at_100_max": -0.020976184617694803,
        "nauc_ndcg_at_100_std": -0.04018926237308922,
        "nauc_ndcg_at_10_diff1": 0.15791982222912102,
        "nauc_ndcg_at_10_max": -0.030275562840900994,
        "nauc_ndcg_at_10_std": -0.05920377362117213,
        "nauc_ndcg_at_1_diff1": 0.13674095059524688,
        "nauc_ndcg_at_1_max": -0.008391974624086626,
        "nauc_ndcg_at_1_std": -0.03988646125857737,
        "nauc_ndcg_at_20_diff1": 0.15435330959009205,
        "nauc_ndcg_at_20_max": -0.05723251932967919,
        "nauc_ndcg_at_20_std": -0.05597660264319277,
        "nauc_ndcg_at_3_diff1": 0.16711951869859806,
        "nauc_ndcg_at_3_max": 0.027728422639183365,
        "nauc_ndcg_at_3_std": -0.029028822161286397,
        "nauc_ndcg_at_5_diff1": 0.1797874389284724,
        "nauc_ndcg_at_5_max": -0.0025319488652389595,
        "nauc_ndcg_at_5_std": -0.09013894528167761,
        "nauc_precision_at_1000_diff1": -0.10344489496962805,
        "nauc_precision_at_1000_max": 0.1198147908637654,
        "nauc_precision_at_1000_std": 0.24084076553633718,
        "nauc_precision_at_100_diff1": -0.04090132511170668,
        "nauc_precision_at_100_max": -0.002583542544690866,
        "nauc_precision_at_100_std": 0.083324114014785,
        "nauc_precision_at_10_diff1": 0.04782477907209134,
        "nauc_precision_at_10_max": -0.02551109228724669,
        "nauc_precision_at_10_std": -0.005522566694823679,
        "nauc_precision_at_1_diff1": 0.13674095059524688,
        "nauc_precision_at_1_max": -0.008391974624086626,
        "nauc_precision_at_1_std": -0.03988646125857737,
        "nauc_precision_at_20_diff1": -0.00536086677889936,
        "nauc_precision_at_20_max": -0.06185790875470347,
        "nauc_precision_at_20_std": 0.004182038078183504,
        "nauc_precision_at_3_diff1": 0.10298151088760872,
        "nauc_precision_at_3_max": 0.09070470650042889,
        "nauc_precision_at_3_std": 0.05085075095666282,
        "nauc_precision_at_5_diff1": 0.09566359808236417,
        "nauc_precision_at_5_max": 0.03596924485056501,
        "nauc_precision_at_5_std": -0.06739151624883444,
        "nauc_recall_at_1000_diff1": -0.2241500033142916,
        "nauc_recall_at_1000_max": 0.08928426647066684,
        "nauc_recall_at_1000_std": 0.6572304664969755,
        "nauc_recall_at_100_diff1": 0.05836502434591528,
        "nauc_recall_at_100_max": -0.042041497898817906,
        "nauc_recall_at_100_std": -0.004157272206385066,
        "nauc_recall_at_10_diff1": 0.14901918597730685,
        "nauc_recall_at_10_max": -0.08724385540345453,
        "nauc_recall_at_10_std": -0.06037706059389496,
        "nauc_recall_at_1_diff1": 0.21658472553676975,
        "nauc_recall_at_1_max": 0.0038289750849331587,
        "nauc_recall_at_1_std": -0.1113060540082692,
        "nauc_recall_at_20_diff1": 0.1555632618022098,
        "nauc_recall_at_20_max": -0.18205375515768993,
        "nauc_recall_at_20_std": -0.05209304840140451,
        "nauc_recall_at_3_diff1": 0.17587478880267815,
        "nauc_recall_at_3_max": 0.016890009913841538,
        "nauc_recall_at_3_std": -0.023424656454724944,
        "nauc_recall_at_5_diff1": 0.18913558914092882,
        "nauc_recall_at_5_max": -0.027293467937474232,
        "nauc_recall_at_5_std": -0.13395586057795594,
        "ndcg_at_1": 0.23077,
        "ndcg_at_10": 0.28943,
        "ndcg_at_100": 0.36154,
        "ndcg_at_1000": 0.39328,
        "ndcg_at_20": 0.31708,
        "ndcg_at_3": 0.22354,
        "ndcg_at_5": 0.24598,
        "precision_at_1": 0.23077,
        "precision_at_10": 0.07385,
        "precision_at_100": 0.01369,
        "precision_at_1000": 0.00177,
        "precision_at_20": 0.04615,
        "precision_at_3": 0.14359,
        "precision_at_5": 0.10769,
        "recall_at_1": 0.12103,
        "recall_at_10": 0.40103,
        "recall_at_100": 0.67718,
        "recall_at_1000": 0.8841,
        "recall_at_20": 0.49179,
        "recall_at_3": 0.22872,
        "recall_at_5": 0.28513
      }
    ]
  },
  "task_name": "BrightRetrieval"
}