{
  "dataset_revision": "3066d29",
  "evaluation_time": 1470.2859041690826,
  "kg_co2_emissions": null,
  "mteb_version": "1.14.12",
  "scores": {
    "standard": [
      {
        "hf_subset": "biology",
        "languages": [
          "eng-Latn"
        ],
        "main_score": 0.17072,
        "map_at_1": 0.03491,
        "map_at_10": 0.10936,
        "map_at_100": 0.13636,
        "map_at_1000": 0.13847,
        "map_at_20": 0.12283,
        "map_at_3": 0.07322,
        "map_at_5": 0.09364,
        "mrr_at_1": 0.14563106796116504,
        "mrr_at_10": 0.22628294036061025,
        "mrr_at_100": 0.2381284778906991,
        "mrr_at_1000": 0.2387182994287933,
        "mrr_at_20": 0.23230976994390384,
        "mrr_at_3": 0.20064724919093851,
        "mrr_at_5": 0.21181229773462784,
        "nauc_map_at_1000_diff1": 0.3807468141135277,
        "nauc_map_at_1000_max": 0.14057588808721078,
        "nauc_map_at_1000_std": -0.0161516441372115,
        "nauc_map_at_100_diff1": 0.3847168831681366,
        "nauc_map_at_100_max": 0.1405011466954892,
        "nauc_map_at_100_std": -0.018986642158560874,
        "nauc_map_at_10_diff1": 0.3834940051334829,
        "nauc_map_at_10_max": 0.1211729056725801,
        "nauc_map_at_10_std": -0.019143362070637892,
        "nauc_map_at_1_diff1": 0.4732744274665733,
        "nauc_map_at_1_max": -0.019773517333438125,
        "nauc_map_at_1_std": -0.08197472768120861,
        "nauc_map_at_20_diff1": 0.3946249626388655,
        "nauc_map_at_20_max": 0.13236554499295256,
        "nauc_map_at_20_std": -0.025071549243141093,
        "nauc_map_at_3_diff1": 0.36048324541912125,
        "nauc_map_at_3_max": 0.12691246993758318,
        "nauc_map_at_3_std": -0.03742138884158589,
        "nauc_map_at_5_diff1": 0.3917487102673639,
        "nauc_map_at_5_max": 0.14137471961940284,
        "nauc_map_at_5_std": -0.002907245922109289,
        "nauc_mrr_at_1000_diff1": 0.35033975247337507,
        "nauc_mrr_at_1000_max": 0.09248301755468333,
        "nauc_mrr_at_1000_std": -0.056768697816372116,
        "nauc_mrr_at_100_diff1": 0.35017566888874363,
        "nauc_mrr_at_100_max": 0.0916789059951088,
        "nauc_mrr_at_100_std": -0.058047072727199854,
        "nauc_mrr_at_10_diff1": 0.35765120889167795,
        "nauc_mrr_at_10_max": 0.09374015752126102,
        "nauc_mrr_at_10_std": -0.0535726548090198,
        "nauc_mrr_at_1_diff1": 0.4140602621610633,
        "nauc_mrr_at_1_max": -0.014506143396771058,
        "nauc_mrr_at_1_std": -0.09861870040235823,
        "nauc_mrr_at_20_diff1": 0.3517282867964875,
        "nauc_mrr_at_20_max": 0.09080692868325503,
        "nauc_mrr_at_20_std": -0.057156197033881334,
        "nauc_mrr_at_3_diff1": 0.35625885484614234,
        "nauc_mrr_at_3_max": 0.08459155438003367,
        "nauc_mrr_at_3_std": -0.04472345281790901,
        "nauc_mrr_at_5_diff1": 0.35645743512687733,
        "nauc_mrr_at_5_max": 0.10281446709576345,
        "nauc_mrr_at_5_std": -0.044070909093120454,
        "nauc_ndcg_at_1000_diff1": 0.32685933522392147,
        "nauc_ndcg_at_1000_max": 0.16091487514246083,
        "nauc_ndcg_at_1000_std": 0.00477992224823916,
        "nauc_ndcg_at_100_diff1": 0.3522185831813602,
        "nauc_ndcg_at_100_max": 0.15325640576993105,
        "nauc_ndcg_at_100_std": -0.0289136926023591,
        "nauc_ndcg_at_10_diff1": 0.35593024289950664,
        "nauc_ndcg_at_10_max": 0.1203051391473684,
        "nauc_ndcg_at_10_std": -0.0358693654858029,
        "nauc_ndcg_at_1_diff1": 0.4140602621610633,
        "nauc_ndcg_at_1_max": -0.014506143396771058,
        "nauc_ndcg_at_1_std": -0.09861870040235823,
        "nauc_ndcg_at_20_diff1": 0.3706912161647897,
        "nauc_ndcg_at_20_max": 0.13632933646496556,
        "nauc_ndcg_at_20_std": -0.04110382774143136,
        "nauc_ndcg_at_3_diff1": 0.31555238541737346,
        "nauc_ndcg_at_3_max": 0.10593235288851996,
        "nauc_ndcg_at_3_std": -0.05417355437765915,
        "nauc_ndcg_at_5_diff1": 0.3571663931285126,
        "nauc_ndcg_at_5_max": 0.14669442500334504,
        "nauc_ndcg_at_5_std": -0.012229183436181701,
        "nauc_precision_at_1000_diff1": 0.023454612128205134,
        "nauc_precision_at_1000_max": 0.05594724019514674,
        "nauc_precision_at_1000_std": 0.023433105851670296,
        "nauc_precision_at_100_diff1": 0.12367310181392065,
        "nauc_precision_at_100_max": 0.05915100422556327,
        "nauc_precision_at_100_std": -0.05066225649854722,
        "nauc_precision_at_10_diff1": 0.22218147628012494,
        "nauc_precision_at_10_max": 0.04308104708159461,
        "nauc_precision_at_10_std": -0.08578156189335137,
        "nauc_precision_at_1_diff1": 0.4140602621610633,
        "nauc_precision_at_1_max": -0.014506143396771058,
        "nauc_precision_at_1_std": -0.09861870040235823,
        "nauc_precision_at_20_diff1": 0.22771243018734463,
        "nauc_precision_at_20_max": 0.06593231880809644,
        "nauc_precision_at_20_std": -0.07722113140777495,
        "nauc_precision_at_3_diff1": 0.2437084033240567,
        "nauc_precision_at_3_max": 0.11813492027291145,
        "nauc_precision_at_3_std": -0.04804955964118864,
        "nauc_precision_at_5_diff1": 0.26971788214226633,
        "nauc_precision_at_5_max": 0.12915651629057923,
        "nauc_precision_at_5_std": -0.025141939045252294,
        "nauc_recall_at_1000_diff1": 0.22108229985892294,
        "nauc_recall_at_1000_max": 0.22381819841288073,
        "nauc_recall_at_1000_std": 0.12855568407120002,
        "nauc_recall_at_100_diff1": 0.31315178603263477,
        "nauc_recall_at_100_max": 0.18905491258688964,
        "nauc_recall_at_100_std": -0.0020624598316322956,
        "nauc_recall_at_10_diff1": 0.3500656541427219,
        "nauc_recall_at_10_max": 0.1497098255102999,
        "nauc_recall_at_10_std": -0.00934396174953522,
        "nauc_recall_at_1_diff1": 0.4732744274665733,
        "nauc_recall_at_1_max": -0.019773517333438125,
        "nauc_recall_at_1_std": -0.08197472768120861,
        "nauc_recall_at_20_diff1": 0.3461957176820397,
        "nauc_recall_at_20_max": 0.15430200305370906,
        "nauc_recall_at_20_std": -0.040527764618900376,
        "nauc_recall_at_3_diff1": 0.33294772888113594,
        "nauc_recall_at_3_max": 0.19493942499029399,
        "nauc_recall_at_3_std": 0.005566447248937633,
        "nauc_recall_at_5_diff1": 0.3877323574322956,
        "nauc_recall_at_5_max": 0.2391863388802544,
        "nauc_recall_at_5_std": 0.06756078020736782,
        "ndcg_at_1": 0.14563,
        "ndcg_at_10": 0.17072,
        "ndcg_at_100": 0.26981,
        "ndcg_at_1000": 0.29532,
        "ndcg_at_20": 0.20632,
        "ndcg_at_3": 0.13987,
        "ndcg_at_5": 0.1489,
        "precision_at_1": 0.14563,
        "precision_at_10": 0.0835,
        "precision_at_100": 0.02078,
        "precision_at_1000": 0.0025,
        "precision_at_20": 0.06117,
        "precision_at_3": 0.12945,
        "precision_at_5": 0.11068,
        "recall_at_1": 0.03491,
        "recall_at_10": 0.2119,
        "recall_at_100": 0.55352,
        "recall_at_1000": 0.68515,
        "recall_at_20": 0.3121,
        "recall_at_3": 0.10055,
        "recall_at_5": 0.14418
      }
    ]
  },
  "task_name": "BrightBiology"
}