{
  "dataset_revision": "3066d29",
  "evaluation_time": 667.7730708122253,
  "kg_co2_emissions": null,
  "mteb_version": "1.14.12",
  "scores": {
    "standard": [
      {
        "hf_subset": "theoremqa_theorems",
        "languages": [
          "eng-Latn"
        ],
        "main_score": 0.25632,
        "map_at_1": 0.1203,
        "map_at_10": 0.20487,
        "map_at_100": 0.22021,
        "map_at_1000": 0.22116,
        "map_at_20": 0.21359,
        "map_at_3": 0.17084,
        "map_at_5": 0.19804,
        "mrr_at_1": 0.2236842105263158,
        "mrr_at_10": 0.28753654970760234,
        "mrr_at_100": 0.3005828350794354,
        "mrr_at_1000": 0.3015240707192355,
        "mrr_at_20": 0.295772051306107,
        "mrr_at_3": 0.2697368421052631,
        "mrr_at_5": 0.2822368421052632,
        "nauc_map_at_1000_diff1": 0.2020093274982843,
        "nauc_map_at_1000_max": 0.043085468253480814,
        "nauc_map_at_1000_std": 0.13240817669821656,
        "nauc_map_at_100_diff1": 0.20307443186413135,
        "nauc_map_at_100_max": 0.043928302907382824,
        "nauc_map_at_100_std": 0.1328455174589137,
        "nauc_map_at_10_diff1": 0.2115693322528124,
        "nauc_map_at_10_max": 0.057921297045536946,
        "nauc_map_at_10_std": 0.12852594932574554,
        "nauc_map_at_1_diff1": 0.18956191690480292,
        "nauc_map_at_1_max": 0.03632861243655811,
        "nauc_map_at_1_std": 0.15362242096042636,
        "nauc_map_at_20_diff1": 0.21177547672584152,
        "nauc_map_at_20_max": 0.05187940446147916,
        "nauc_map_at_20_std": 0.1400665989632514,
        "nauc_map_at_3_diff1": 0.16707712396901592,
        "nauc_map_at_3_max": 0.0853745987493068,
        "nauc_map_at_3_std": 0.13884364656358025,
        "nauc_map_at_5_diff1": 0.18916788554721442,
        "nauc_map_at_5_max": 0.06703113633624028,
        "nauc_map_at_5_std": 0.1374235094048677,
        "nauc_mrr_at_1000_diff1": 0.21215290488909458,
        "nauc_mrr_at_1000_max": -0.053410939537335576,
        "nauc_mrr_at_1000_std": 0.09898083306788745,
        "nauc_mrr_at_100_diff1": 0.21261038803685312,
        "nauc_mrr_at_100_max": -0.05235832339461918,
        "nauc_mrr_at_100_std": 0.09922698545279068,
        "nauc_mrr_at_10_diff1": 0.20961791770429303,
        "nauc_mrr_at_10_max": -0.04962931802696186,
        "nauc_mrr_at_10_std": 0.09990681929628639,
        "nauc_mrr_at_1_diff1": 0.22427380392191718,
        "nauc_mrr_at_1_max": -0.06666467761948075,
        "nauc_mrr_at_1_std": 0.10842977994232804,
        "nauc_mrr_at_20_diff1": 0.21421466021614735,
        "nauc_mrr_at_20_max": -0.05043617517154779,
        "nauc_mrr_at_20_std": 0.10417381974362695,
        "nauc_mrr_at_3_diff1": 0.20312036670616224,
        "nauc_mrr_at_3_max": -0.056653604250033074,
        "nauc_mrr_at_3_std": 0.0939254144523709,
        "nauc_mrr_at_5_diff1": 0.20333347798364582,
        "nauc_mrr_at_5_max": -0.05161291560249988,
        "nauc_mrr_at_5_std": 0.09310360009298094,
        "nauc_ndcg_at_1000_diff1": 0.18219579329786512,
        "nauc_ndcg_at_1000_max": -0.04396008579370748,
        "nauc_ndcg_at_1000_std": 0.09574435072058124,
        "nauc_ndcg_at_100_diff1": 0.20063399156854297,
        "nauc_ndcg_at_100_max": -0.02554977861167292,
        "nauc_ndcg_at_100_std": 0.103542372047823,
        "nauc_ndcg_at_10_diff1": 0.22518375072007424,
        "nauc_ndcg_at_10_max": 0.021276039005954612,
        "nauc_ndcg_at_10_std": 0.11100030256347312,
        "nauc_ndcg_at_1_diff1": 0.22427380392191718,
        "nauc_ndcg_at_1_max": -0.06666467761948075,
        "nauc_ndcg_at_1_std": 0.10842977994232804,
        "nauc_ndcg_at_20_diff1": 0.23550029176224704,
        "nauc_ndcg_at_20_max": 0.012529497663452521,
        "nauc_ndcg_at_20_std": 0.1410046169021646,
        "nauc_ndcg_at_3_diff1": 0.16505036675808796,
        "nauc_ndcg_at_3_max": 0.03565554316054773,
        "nauc_ndcg_at_3_std": 0.09974864758186204,
        "nauc_ndcg_at_5_diff1": 0.1878858706486877,
        "nauc_ndcg_at_5_max": 0.03054049433351589,
        "nauc_ndcg_at_5_std": 0.1113168569599242,
        "nauc_precision_at_1000_diff1": 0.05713827524817314,
        "nauc_precision_at_1000_max": -0.2347046805034821,
        "nauc_precision_at_1000_std": -0.042828202700226435,
        "nauc_precision_at_100_diff1": 0.15221891762186818,
        "nauc_precision_at_100_max": -0.15068227075880447,
        "nauc_precision_at_100_std": 0.026946530962248093,
        "nauc_precision_at_10_diff1": 0.2545471619983186,
        "nauc_precision_at_10_max": -0.002225934957681396,
        "nauc_precision_at_10_std": 0.08420116293356647,
        "nauc_precision_at_1_diff1": 0.22427380392191718,
        "nauc_precision_at_1_max": -0.06666467761948075,
        "nauc_precision_at_1_std": 0.10842977994232804,
        "nauc_precision_at_20_diff1": 0.2574957019808474,
        "nauc_precision_at_20_max": -0.03553882121502313,
        "nauc_precision_at_20_std": 0.14049860804324585,
        "nauc_precision_at_3_diff1": 0.16338573281662835,
        "nauc_precision_at_3_max": 0.031640192379061606,
        "nauc_precision_at_3_std": 0.07232583182101085,
        "nauc_precision_at_5_diff1": 0.19332518059746764,
        "nauc_precision_at_5_max": 0.010474622896406457,
        "nauc_precision_at_5_std": 0.08216542498984257,
        "nauc_recall_at_1000_diff1": -0.042644426992350465,
        "nauc_recall_at_1000_max": -0.33998002246001546,
        "nauc_recall_at_1000_std": -0.07066167496271378,
        "nauc_recall_at_100_diff1": 0.11873742632350566,
        "nauc_recall_at_100_max": -0.17642017504540103,
        "nauc_recall_at_100_std": 0.0022234180092421283,
        "nauc_recall_at_10_diff1": 0.24342937858377406,
        "nauc_recall_at_10_max": 0.0136306412537785,
        "nauc_recall_at_10_std": 0.08418567321663838,
        "nauc_recall_at_1_diff1": 0.18956191690480292,
        "nauc_recall_at_1_max": 0.03632861243655811,
        "nauc_recall_at_1_std": 0.15362242096042636,
        "nauc_recall_at_20_diff1": 0.2740995261185675,
        "nauc_recall_at_20_max": -0.0021255911595254393,
        "nauc_recall_at_20_std": 0.16928752413359946,
        "nauc_recall_at_3_diff1": 0.1380749271628658,
        "nauc_recall_at_3_max": 0.09017159945523295,
        "nauc_recall_at_3_std": 0.10418394629844943,
        "nauc_recall_at_5_diff1": 0.15946503179186058,
        "nauc_recall_at_5_max": 0.05277900664470295,
        "nauc_recall_at_5_std": 0.09661399304927161,
        "ndcg_at_1": 0.22368,
        "ndcg_at_10": 0.25632,
        "ndcg_at_100": 0.32696,
        "ndcg_at_1000": 0.34386,
        "ndcg_at_20": 0.28541,
        "ndcg_at_3": 0.2099,
        "ndcg_at_5": 0.24308,
        "precision_at_1": 0.22368,
        "precision_at_10": 0.06184,
        "precision_at_100": 0.01145,
        "precision_at_1000": 0.00136,
        "precision_at_20": 0.03882,
        "precision_at_3": 0.13596,
        "precision_at_5": 0.11053,
        "recall_at_1": 0.1203,
        "recall_at_10": 0.32472,
        "recall_at_100": 0.61717,
        "recall_at_1000": 0.71366,
        "recall_at_20": 0.42747,
        "recall_at_3": 0.20739,
        "recall_at_5": 0.28195
      }
    ]
  },
  "task_name": "BrightTheoremqaTheorems"
}