{
  "dataset_revision": "a75a0eb",
  "evaluation_time": 24606.4361679554,
  "kg_co2_emissions": null,
  "mteb_version": "1.14.12",
  "scores": {
    "standard": [
      {
        "hf_subset": "leetcode",
        "languages": [
          "eng-Latn"
        ],
        "main_score": 0.17431,
        "map_at_1": 0.00352,
        "map_at_10": 0.11132,
        "map_at_100": 0.12529,
        "map_at_1000": 0.12719,
        "map_at_20": 0.11935,
        "map_at_3": 0.08206,
        "map_at_5": 0.09227,
        "mrr_at_1": 0.007042253521126761,
        "mrr_at_10": 0.15452157388777105,
        "mrr_at_100": 0.16332779748097176,
        "mrr_at_1000": 0.1643072576052462,
        "mrr_at_20": 0.15960234229594977,
        "mrr_at_3": 0.1267605633802817,
        "mrr_at_5": 0.1397887323943662,
        "nauc_map_at_1000_diff1": -0.2827708100913847,
        "nauc_map_at_1000_max": -0.14199924196827843,
        "nauc_map_at_1000_std": 0.03898780882859512,
        "nauc_map_at_100_diff1": -0.283442427392217,
        "nauc_map_at_100_max": -0.14054616019207639,
        "nauc_map_at_100_std": 0.0425266161704956,
        "nauc_map_at_10_diff1": -0.2792968147573003,
        "nauc_map_at_10_max": -0.15555548538912572,
        "nauc_map_at_10_std": 0.034438959913097957,
        "nauc_map_at_1_diff1": -0.5706102875384583,
        "nauc_map_at_1_max": -0.5706102875384583,
        "nauc_map_at_1_std": 0.31910369050032744,
        "nauc_map_at_20_diff1": -0.2709961015481336,
        "nauc_map_at_20_max": -0.14204584282765945,
        "nauc_map_at_20_std": 0.024044378673876102,
        "nauc_map_at_3_diff1": -0.2249393169497383,
        "nauc_map_at_3_max": -0.16371484343478118,
        "nauc_map_at_3_std": -0.04630205974215233,
        "nauc_map_at_5_diff1": -0.25058990854880836,
        "nauc_map_at_5_max": -0.15921502738592339,
        "nauc_map_at_5_std": -0.024811990342207997,
        "nauc_mrr_at_1000_diff1": -0.29523092508515475,
        "nauc_mrr_at_1000_max": -0.1657962714590941,
        "nauc_mrr_at_1000_std": 0.004005218726820019,
        "nauc_mrr_at_100_diff1": -0.2965967999190153,
        "nauc_mrr_at_100_max": -0.16579468140299577,
        "nauc_mrr_at_100_std": 0.005853679076696194,
        "nauc_mrr_at_10_diff1": -0.28888231576068646,
        "nauc_mrr_at_10_max": -0.17756367463728046,
        "nauc_mrr_at_10_std": -0.0012850591449537663,
        "nauc_mrr_at_1_diff1": -0.5706102875384583,
        "nauc_mrr_at_1_max": -0.5706102875384583,
        "nauc_mrr_at_1_std": 0.31910369050032744,
        "nauc_mrr_at_20_diff1": -0.290135902726004,
        "nauc_mrr_at_20_max": -0.16407544620022083,
        "nauc_mrr_at_20_std": -0.0016515394752128591,
        "nauc_mrr_at_3_diff1": -0.25713009527416725,
        "nauc_mrr_at_3_max": -0.19007913322480943,
        "nauc_mrr_at_3_std": -0.08126935748037985,
        "nauc_mrr_at_5_diff1": -0.273099985959468,
        "nauc_mrr_at_5_max": -0.19978844072594257,
        "nauc_mrr_at_5_std": -0.04406642947972051,
        "nauc_ndcg_at_1000_diff1": -0.3091761357234586,
        "nauc_ndcg_at_1000_max": -0.11589606434352075,
        "nauc_ndcg_at_1000_std": 0.058080516156010745,
        "nauc_ndcg_at_100_diff1": -0.3413739544804386,
        "nauc_ndcg_at_100_max": -0.11546165277130868,
        "nauc_ndcg_at_100_std": 0.11841728502006249,
        "nauc_ndcg_at_10_diff1": -0.3050108721103579,
        "nauc_ndcg_at_10_max": -0.15870075221029448,
        "nauc_ndcg_at_10_std": 0.053086951995399305,
        "nauc_ndcg_at_1_diff1": -0.5706102875384583,
        "nauc_ndcg_at_1_max": -0.5706102875384583,
        "nauc_ndcg_at_1_std": 0.31910369050032744,
        "nauc_ndcg_at_20_diff1": -0.28702125084982044,
        "nauc_ndcg_at_20_max": -0.11106571250228471,
        "nauc_ndcg_at_20_std": 0.038669617902598,
        "nauc_ndcg_at_3_diff1": -0.2523375934328167,
        "nauc_ndcg_at_3_max": -0.17234833533290153,
        "nauc_ndcg_at_3_std": -0.05181903590562254,
        "nauc_ndcg_at_5_diff1": -0.2703590786632041,
        "nauc_ndcg_at_5_max": -0.1740615630589266,
        "nauc_ndcg_at_5_std": -0.023510144033470546,
        "nauc_precision_at_1000_diff1": -0.1878368381360194,
        "nauc_precision_at_1000_max": -0.0031289977266643204,
        "nauc_precision_at_1000_std": 0.04174730775828106,
        "nauc_precision_at_100_diff1": -0.3485173049388698,
        "nauc_precision_at_100_max": -0.07410059125729389,
        "nauc_precision_at_100_std": 0.21461465841493127,
        "nauc_precision_at_10_diff1": -0.3513934116742794,
        "nauc_precision_at_10_max": -0.12384835397456062,
        "nauc_precision_at_10_std": 0.13692216073686023,
        "nauc_precision_at_1_diff1": -0.5706102875384583,
        "nauc_precision_at_1_max": -0.5706102875384583,
        "nauc_precision_at_1_std": 0.31910369050032744,
        "nauc_precision_at_20_diff1": -0.30276267982287397,
        "nauc_precision_at_20_max": -0.07027816480329127,
        "nauc_precision_at_20_std": 0.10525817765107892,
        "nauc_precision_at_3_diff1": -0.30773620065801766,
        "nauc_precision_at_3_max": -0.20250136322318357,
        "nauc_precision_at_3_std": -0.05063706221216822,
        "nauc_precision_at_5_diff1": -0.34101406728449846,
        "nauc_precision_at_5_max": -0.16093654482477648,
        "nauc_precision_at_5_std": 0.020425398444909103,
        "nauc_recall_at_1000_diff1": 0.016313789804145298,
        "nauc_recall_at_1000_max": 0.25988411113412146,
        "nauc_recall_at_1000_std": -0.021267535177544428,
        "nauc_recall_at_100_diff1": -0.3820618557985759,
        "nauc_recall_at_100_max": -0.015771294856756466,
        "nauc_recall_at_100_std": 0.29176834360640735,
        "nauc_recall_at_10_diff1": -0.30519697319591765,
        "nauc_recall_at_10_max": -0.14139244177646954,
        "nauc_recall_at_10_std": 0.09004456987296165,
        "nauc_recall_at_1_diff1": -0.5706102875384583,
        "nauc_recall_at_1_max": -0.5706102875384583,
        "nauc_recall_at_1_std": 0.31910369050032744,
        "nauc_recall_at_20_diff1": -0.25793960743861355,
        "nauc_recall_at_20_max": -0.022178955433639257,
        "nauc_recall_at_20_std": 0.058500935055608036,
        "nauc_recall_at_3_diff1": -0.2266473148118199,
        "nauc_recall_at_3_max": -0.17082474518945945,
        "nauc_recall_at_3_std": -0.057079269618894035,
        "nauc_recall_at_5_diff1": -0.2666916990199242,
        "nauc_recall_at_5_max": -0.1729818882539066,
        "nauc_recall_at_5_std": -0.020051182261246667,
        "ndcg_at_1": 0.00704,
        "ndcg_at_10": 0.17431,
        "ndcg_at_100": 0.23928,
        "ndcg_at_1000": 0.28824,
        "ndcg_at_20": 0.19944,
        "ndcg_at_3": 0.12326,
        "ndcg_at_5": 0.13676,
        "precision_at_1": 0.00704,
        "precision_at_10": 0.06197,
        "precision_at_100": 0.01099,
        "precision_at_1000": 0.00173,
        "precision_at_20": 0.03803,
        "precision_at_3": 0.10563,
        "precision_at_5": 0.08028,
        "recall_at_1": 0.00352,
        "recall_at_10": 0.29448,
        "recall_at_100": 0.5804,
        "recall_at_1000": 0.93134,
        "recall_at_20": 0.38509,
        "recall_at_3": 0.17019,
        "recall_at_5": 0.20552
      }
    ]
  },
  "task_name": "BrightRetrieval"
}