{
  "dataset_revision": "3066d29",
  "evaluation_time": 5684.746200799942,
  "kg_co2_emissions": null,
  "mteb_version": "1.14.12",
  "scores": {
    "standard": [
      {
        "hf_subset": "stackoverflow",
        "languages": [
          "eng-Latn"
        ],
        "main_score": 0.21829,
        "map_at_1": 0.07373,
        "map_at_10": 0.16379,
        "map_at_100": 0.19542,
        "map_at_1000": 0.1983,
        "map_at_20": 0.17871,
        "map_at_3": 0.13056,
        "map_at_5": 0.14528,
        "mrr_at_1": 0.1452991452991453,
        "mrr_at_10": 0.23506308506308501,
        "mrr_at_100": 0.2467296691071951,
        "mrr_at_1000": 0.24722002247242394,
        "mrr_at_20": 0.2408761645990748,
        "mrr_at_3": 0.2065527065527065,
        "mrr_at_5": 0.22236467236467233,
        "nauc_map_at_1000_diff1": -0.0007184709904900189,
        "nauc_map_at_1000_max": 0.14432708213250853,
        "nauc_map_at_1000_std": 0.10159325853098877,
        "nauc_map_at_100_diff1": -0.0015637720553827348,
        "nauc_map_at_100_max": 0.14550063694200274,
        "nauc_map_at_100_std": 0.10312836349747871,
        "nauc_map_at_10_diff1": 0.006771845167892315,
        "nauc_map_at_10_max": 0.13232844404149083,
        "nauc_map_at_10_std": 0.09193834205195812,
        "nauc_map_at_1_diff1": 0.04964143774735485,
        "nauc_map_at_1_max": 0.24935010160576812,
        "nauc_map_at_1_std": 0.20755905294246937,
        "nauc_map_at_20_diff1": 0.003307082206771257,
        "nauc_map_at_20_max": 0.13056520263524599,
        "nauc_map_at_20_std": 0.08949276850115603,
        "nauc_map_at_3_diff1": -0.008736986575945831,
        "nauc_map_at_3_max": 0.14376026760052882,
        "nauc_map_at_3_std": 0.10513339363189697,
        "nauc_map_at_5_diff1": -0.019226778342848038,
        "nauc_map_at_5_max": 0.1320884025185529,
        "nauc_map_at_5_std": 0.10153163398201054,
        "nauc_mrr_at_1000_diff1": -0.05323525638005801,
        "nauc_mrr_at_1000_max": 0.0891259704486028,
        "nauc_mrr_at_1000_std": 0.05137731596296327,
        "nauc_mrr_at_100_diff1": -0.053218756430184554,
        "nauc_mrr_at_100_max": 0.0891440134325314,
        "nauc_mrr_at_100_std": 0.05181446511565794,
        "nauc_mrr_at_10_diff1": -0.06567856049306155,
        "nauc_mrr_at_10_max": 0.09419632056082713,
        "nauc_mrr_at_10_std": 0.052505680608581934,
        "nauc_mrr_at_1_diff1": -0.03349709699661578,
        "nauc_mrr_at_1_max": 0.12245902093318656,
        "nauc_mrr_at_1_std": 0.060545090615074286,
        "nauc_mrr_at_20_diff1": -0.05384949925938801,
        "nauc_mrr_at_20_max": 0.08974798521089754,
        "nauc_mrr_at_20_std": 0.04729410422487573,
        "nauc_mrr_at_3_diff1": -0.11001611137903908,
        "nauc_mrr_at_3_max": 0.07548904349914358,
        "nauc_mrr_at_3_std": 0.03634339370594381,
        "nauc_mrr_at_5_diff1": -0.08637053416213895,
        "nauc_mrr_at_5_max": 0.06423451351800123,
        "nauc_mrr_at_5_std": 0.0468088145022631,
        "nauc_ndcg_at_1000_diff1": 0.029031344474582894,
        "nauc_ndcg_at_1000_max": 0.15734107627660368,
        "nauc_ndcg_at_1000_std": 0.12784298029558622,
        "nauc_ndcg_at_100_diff1": 0.02346426273162259,
        "nauc_ndcg_at_100_max": 0.15642783473755822,
        "nauc_ndcg_at_100_std": 0.13263452123200667,
        "nauc_ndcg_at_10_diff1": 0.01757417762734798,
        "nauc_ndcg_at_10_max": 0.12924695668333902,
        "nauc_ndcg_at_10_std": 0.0787421381882512,
        "nauc_ndcg_at_1_diff1": -0.03349709699661578,
        "nauc_ndcg_at_1_max": 0.12245902093318656,
        "nauc_ndcg_at_1_std": 0.060545090615074286,
        "nauc_ndcg_at_20_diff1": 0.030275895470306242,
        "nauc_ndcg_at_20_max": 0.12343729986372767,
        "nauc_ndcg_at_20_std": 0.07261864604232787,
        "nauc_ndcg_at_3_diff1": -0.07148291200001174,
        "nauc_ndcg_at_3_max": 0.09153470607359611,
        "nauc_ndcg_at_3_std": 0.05286562480313913,
        "nauc_ndcg_at_5_diff1": -0.049389930918622926,
        "nauc_ndcg_at_5_max": 0.0978087790953367,
        "nauc_ndcg_at_5_std": 0.07316790991301746,
        "nauc_precision_at_1000_diff1": -0.03208055837703963,
        "nauc_precision_at_1000_max": 0.049699587427494814,
        "nauc_precision_at_1000_std": 0.012112101552655756,
        "nauc_precision_at_100_diff1": -0.047534824079057854,
        "nauc_precision_at_100_max": 0.0896410968310084,
        "nauc_precision_at_100_std": 0.05080871698033595,
        "nauc_precision_at_10_diff1": -0.06138063807726893,
        "nauc_precision_at_10_max": 0.07472561775543567,
        "nauc_precision_at_10_std": -0.027847864273820716,
        "nauc_precision_at_1_diff1": -0.03349709699661578,
        "nauc_precision_at_1_max": 0.12245902093318656,
        "nauc_precision_at_1_std": 0.060545090615074286,
        "nauc_precision_at_20_diff1": -0.06031327523036072,
        "nauc_precision_at_20_max": 0.09286032054986894,
        "nauc_precision_at_20_std": -0.012023635086096683,
        "nauc_precision_at_3_diff1": -0.1232620486080039,
        "nauc_precision_at_3_max": 0.038212891252873575,
        "nauc_precision_at_3_std": -0.025261557075135693,
        "nauc_precision_at_5_diff1": -0.11691467983846227,
        "nauc_precision_at_5_max": 0.0214097331287406,
        "nauc_precision_at_5_std": -0.017595596861703804,
        "nauc_recall_at_1000_diff1": 0.2777145706617407,
        "nauc_recall_at_1000_max": 0.2310938827547672,
        "nauc_recall_at_1000_std": 0.32745562399464095,
        "nauc_recall_at_100_diff1": 0.17165184342695045,
        "nauc_recall_at_100_max": 0.18593198026448496,
        "nauc_recall_at_100_std": 0.28469013713835056,
        "nauc_recall_at_10_diff1": 0.11391994604084828,
        "nauc_recall_at_10_max": 0.14406280957274062,
        "nauc_recall_at_10_std": 0.10067192416678745,
        "nauc_recall_at_1_diff1": 0.04964143774735485,
        "nauc_recall_at_1_max": 0.24935010160576812,
        "nauc_recall_at_1_std": 0.20755905294246937,
        "nauc_recall_at_20_diff1": 0.14834766046340928,
        "nauc_recall_at_20_max": 0.10938979118555832,
        "nauc_recall_at_20_std": 0.06520234757793197,
        "nauc_recall_at_3_diff1": -0.03899761912625051,
        "nauc_recall_at_3_max": 0.07750306065946297,
        "nauc_recall_at_3_std": 0.06898719362104874,
        "nauc_recall_at_5_diff1": -0.0013624394453418613,
        "nauc_recall_at_5_max": 0.08461354016632087,
        "nauc_recall_at_5_std": 0.0827462575800664,
        "ndcg_at_1": 0.1453,
        "ndcg_at_10": 0.21829,
        "ndcg_at_100": 0.3209,
        "ndcg_at_1000": 0.34036,
        "ndcg_at_20": 0.25391,
        "ndcg_at_3": 0.18024,
        "ndcg_at_5": 0.1889,
        "precision_at_1": 0.1453,
        "precision_at_10": 0.08034,
        "precision_at_100": 0.02496,
        "precision_at_1000": 0.00308,
        "precision_at_20": 0.06068,
        "precision_at_3": 0.13675,
        "precision_at_5": 0.1094,
        "recall_at_1": 0.07373,
        "recall_at_10": 0.28056,
        "recall_at_100": 0.64176,
        "recall_at_1000": 0.7264,
        "recall_at_20": 0.38673,
        "recall_at_3": 0.16441,
        "recall_at_5": 0.20234
      }
    ]
  },
  "task_name": "BrightStackOverflow"
}