{
  "dataset_revision": "3066d29",
  "evaluation_time": 4049.3419682979584,
  "kg_co2_emissions": null,
  "mteb_version": "1.14.12",
  "scores": {
    "standard": [
      {
        "hf_subset": "theoremqa_questions",
        "languages": [
          "eng-Latn"
        ],
        "main_score": 0.21723,
        "map_at_1": 0.11985,
        "map_at_10": 0.18601,
        "map_at_100": 0.19226,
        "map_at_1000": 0.19247,
        "map_at_20": 0.18902,
        "map_at_3": 0.16459,
        "map_at_5": 0.17669,
        "mrr_at_1": 0.21649484536082475,
        "mrr_at_10": 0.2429471444935363,
        "mrr_at_100": 0.24820263412700166,
        "mrr_at_1000": 0.24851261606497763,
        "mrr_at_20": 0.2452241717318639,
        "mrr_at_3": 0.22594501718213056,
        "mrr_at_5": 0.23573883161512027,
        "nauc_map_at_1000_diff1": 0.4700356317927413,
        "nauc_map_at_1000_max": 0.14224173000580187,
        "nauc_map_at_1000_std": -0.257073602373549,
        "nauc_map_at_100_diff1": 0.4700993050101069,
        "nauc_map_at_100_max": 0.1422775183923595,
        "nauc_map_at_100_std": -0.2566600642930757,
        "nauc_map_at_10_diff1": 0.4695324051700616,
        "nauc_map_at_10_max": 0.14144117329855138,
        "nauc_map_at_10_std": -0.25727547728467787,
        "nauc_map_at_1_diff1": 0.5915966243598666,
        "nauc_map_at_1_max": 0.19731524759815733,
        "nauc_map_at_1_std": -0.21240614936640764,
        "nauc_map_at_20_diff1": 0.47009652423743337,
        "nauc_map_at_20_max": 0.14133137732161707,
        "nauc_map_at_20_std": -0.25936108779674977,
        "nauc_map_at_3_diff1": 0.5075953917368045,
        "nauc_map_at_3_max": 0.14744924743119292,
        "nauc_map_at_3_std": -0.24511923053931822,
        "nauc_map_at_5_diff1": 0.48562812738006084,
        "nauc_map_at_5_max": 0.1474466031801762,
        "nauc_map_at_5_std": -0.2518175287237678,
        "nauc_mrr_at_1000_diff1": 0.4866145696539802,
        "nauc_mrr_at_1000_max": 0.1336549806384351,
        "nauc_mrr_at_1000_std": -0.2632903977738647,
        "nauc_mrr_at_100_diff1": 0.4866174709068546,
        "nauc_mrr_at_100_max": 0.13359822773480787,
        "nauc_mrr_at_100_std": -0.26265676791727705,
        "nauc_mrr_at_10_diff1": 0.49119236702106606,
        "nauc_mrr_at_10_max": 0.13266418776451588,
        "nauc_mrr_at_10_std": -0.26389724105925394,
        "nauc_mrr_at_1_diff1": 0.5279583769582703,
        "nauc_mrr_at_1_max": 0.1615785503272893,
        "nauc_mrr_at_1_std": -0.28043237163363677,
        "nauc_mrr_at_20_diff1": 0.48743049686555084,
        "nauc_mrr_at_20_max": 0.13231283461056792,
        "nauc_mrr_at_20_std": -0.265358739326204,
        "nauc_mrr_at_3_diff1": 0.5077346856383111,
        "nauc_mrr_at_3_max": 0.14341279875715252,
        "nauc_mrr_at_3_std": -0.2862827714874138,
        "nauc_mrr_at_5_diff1": 0.4971673011336669,
        "nauc_mrr_at_5_max": 0.1429276156667464,
        "nauc_mrr_at_5_std": -0.2698279748738759,
        "nauc_ndcg_at_1000_diff1": 0.4410363361739081,
        "nauc_ndcg_at_1000_max": 0.125776522880944,
        "nauc_ndcg_at_1000_std": -0.26268184066292266,
        "nauc_ndcg_at_100_diff1": 0.44204298521395613,
        "nauc_ndcg_at_100_max": 0.125391277266379,
        "nauc_ndcg_at_100_std": -0.25441150158074927,
        "nauc_ndcg_at_10_diff1": 0.45015606724439944,
        "nauc_ndcg_at_10_max": 0.11868037292879877,
        "nauc_ndcg_at_10_std": -0.26039243583933813,
        "nauc_ndcg_at_1_diff1": 0.5279583769582703,
        "nauc_ndcg_at_1_max": 0.1615785503272893,
        "nauc_ndcg_at_1_std": -0.28043237163363677,
        "nauc_ndcg_at_20_diff1": 0.44526003762148475,
        "nauc_ndcg_at_20_max": 0.11616149701923001,
        "nauc_ndcg_at_20_std": -0.2674175130261245,
        "nauc_ndcg_at_3_diff1": 0.4977560220238429,
        "nauc_ndcg_at_3_max": 0.14513853625050818,
        "nauc_ndcg_at_3_std": -0.2599151958965111,
        "nauc_ndcg_at_5_diff1": 0.47177675072330644,
        "nauc_ndcg_at_5_max": 0.13898210768109331,
        "nauc_ndcg_at_5_std": -0.2562894325190318,
        "nauc_precision_at_1000_diff1": 0.2322200971878741,
        "nauc_precision_at_1000_max": 0.08582443770109797,
        "nauc_precision_at_1000_std": -0.19848069644169977,
        "nauc_precision_at_100_diff1": 0.235703522221972,
        "nauc_precision_at_100_max": 0.0863657829977618,
        "nauc_precision_at_100_std": -0.16967767140464193,
        "nauc_precision_at_10_diff1": 0.2692699604126912,
        "nauc_precision_at_10_max": 0.09081967809304725,
        "nauc_precision_at_10_std": -0.2570915993082541,
        "nauc_precision_at_1_diff1": 0.5279583769582703,
        "nauc_precision_at_1_max": 0.1615785503272893,
        "nauc_precision_at_1_std": -0.28043237163363677,
        "nauc_precision_at_20_diff1": 0.26307222668009056,
        "nauc_precision_at_20_max": 0.08510506230720857,
        "nauc_precision_at_20_std": -0.26275834166099465,
        "nauc_precision_at_3_diff1": 0.36988760229690243,
        "nauc_precision_at_3_max": 0.10827308445438956,
        "nauc_precision_at_3_std": -0.29207108424739936,
        "nauc_precision_at_5_diff1": 0.3034113598069905,
        "nauc_precision_at_5_max": 0.11667266744728906,
        "nauc_precision_at_5_std": -0.26778899910743864,
        "nauc_recall_at_1000_diff1": 0.3205791706549229,
        "nauc_recall_at_1000_max": 0.1000112364122343,
        "nauc_recall_at_1000_std": -0.28085557804230904,
        "nauc_recall_at_100_diff1": 0.33333227198219567,
        "nauc_recall_at_100_max": 0.09732402105344493,
        "nauc_recall_at_100_std": -0.24258747930224375,
        "nauc_recall_at_10_diff1": 0.3764841763068561,
        "nauc_recall_at_10_max": 0.05633977730632477,
        "nauc_recall_at_10_std": -0.25870466678207044,
        "nauc_recall_at_1_diff1": 0.5915966243598666,
        "nauc_recall_at_1_max": 0.19731524759815733,
        "nauc_recall_at_1_std": -0.21240614936640764,
        "nauc_recall_at_20_diff1": 0.3585974788231498,
        "nauc_recall_at_20_max": 0.04696893507494072,
        "nauc_recall_at_20_std": -0.2825462612590124,
        "nauc_recall_at_3_diff1": 0.471360126164668,
        "nauc_recall_at_3_max": 0.1320967210127057,
        "nauc_recall_at_3_std": -0.24868247847884792,
        "nauc_recall_at_5_diff1": 0.43367506688705426,
        "nauc_recall_at_5_max": 0.11712270600838279,
        "nauc_recall_at_5_std": -0.24795615656914155,
        "ndcg_at_1": 0.21649,
        "ndcg_at_10": 0.21723,
        "ndcg_at_100": 0.24885,
        "ndcg_at_1000": 0.2531,
        "ndcg_at_20": 0.22668,
        "ndcg_at_3": 0.18573,
        "ndcg_at_5": 0.19936,
        "precision_at_1": 0.21649,
        "precision_at_10": 0.05361,
        "precision_at_100": 0.00845,
        "precision_at_1000": 0.00089,
        "precision_at_20": 0.0299,
        "precision_at_3": 0.11856,
        "precision_at_5": 0.08763,
        "recall_at_1": 0.11985,
        "recall_at_10": 0.25288,
        "recall_at_100": 0.37868,
        "recall_at_1000": 0.40446,
        "recall_at_20": 0.28467,
        "recall_at_3": 0.17569,
        "recall_at_5": 0.20649
      }
    ]
  },
  "task_name": "BrightTheoremqaQuestions"
}