{
  "dataset_revision": "3066d29",
  "evaluation_time": 1493.0629630088806,
  "kg_co2_emissions": null,
  "mteb_version": "1.14.12",
  "scores": {
    "standard": [
      {
        "hf_subset": "theoremqa_theorems",
        "languages": [
          "eng-Latn"
        ],
        "main_score": 0.07069,
        "map_at_1": 0.01316,
        "map_at_10": 0.0444,
        "map_at_100": 0.05322,
        "map_at_1000": 0.0539,
        "map_at_20": 0.0499,
        "map_at_3": 0.03673,
        "map_at_5": 0.03947,
        "mrr_at_1": 0.02631578947368421,
        "mrr_at_10": 0.07967836257309942,
        "mrr_at_100": 0.08357745320703712,
        "mrr_at_1000": 0.08415485044960881,
        "mrr_at_20": 0.08050073099415204,
        "mrr_at_3": 0.06578947368421052,
        "mrr_at_5": 0.07236842105263158,
        "nauc_map_at_1000_diff1": -0.028908621262116574,
        "nauc_map_at_1000_max": -0.14166381760903154,
        "nauc_map_at_1000_std": 0.02523215471558194,
        "nauc_map_at_100_diff1": -0.02877358179292714,
        "nauc_map_at_100_max": -0.14043325400330117,
        "nauc_map_at_100_std": 0.02792899322421493,
        "nauc_map_at_10_diff1": -0.005111781598728951,
        "nauc_map_at_10_max": -0.1603864051787315,
        "nauc_map_at_10_std": 0.014971966357055968,
        "nauc_map_at_1_diff1": 0.3014139230165442,
        "nauc_map_at_1_max": -0.5437660016880289,
        "nauc_map_at_1_std": -0.45201518332573903,
        "nauc_map_at_20_diff1": -0.027649249421907936,
        "nauc_map_at_20_max": -0.14820761656030232,
        "nauc_map_at_20_std": 0.01508415956615069,
        "nauc_map_at_3_diff1": 0.02251401924468947,
        "nauc_map_at_3_max": -0.13923987798251353,
        "nauc_map_at_3_std": -0.008876704261665078,
        "nauc_map_at_5_diff1": 0.016947114312842036,
        "nauc_map_at_5_max": -0.174405114915136,
        "nauc_map_at_5_std": -0.034474395380312384,
        "nauc_mrr_at_1000_diff1": 0.009432742388334194,
        "nauc_mrr_at_1000_max": -0.2698998986921795,
        "nauc_mrr_at_1000_std": -0.10221598479458696,
        "nauc_mrr_at_100_diff1": 0.010866098832141994,
        "nauc_mrr_at_100_max": -0.2684135686541078,
        "nauc_mrr_at_100_std": -0.10043656802825827,
        "nauc_mrr_at_10_diff1": 0.011897286446271598,
        "nauc_mrr_at_10_max": -0.2775313493351294,
        "nauc_mrr_at_10_std": -0.11998226541596839,
        "nauc_mrr_at_1_diff1": 0.3014139230165442,
        "nauc_mrr_at_1_max": -0.5437660016880289,
        "nauc_mrr_at_1_std": -0.45201518332573903,
        "nauc_mrr_at_20_diff1": 0.006236574348546769,
        "nauc_mrr_at_20_max": -0.2773195634847011,
        "nauc_mrr_at_20_std": -0.1084327081813928,
        "nauc_mrr_at_3_diff1": 0.012996792328496255,
        "nauc_mrr_at_3_max": -0.24220881766573668,
        "nauc_mrr_at_3_std": -0.0916658541290487,
        "nauc_mrr_at_5_diff1": 0.01243610607468944,
        "nauc_mrr_at_5_max": -0.2822360469657314,
        "nauc_mrr_at_5_std": -0.12123607649930204,
        "nauc_ndcg_at_1000_diff1": -0.05214418364797695,
        "nauc_ndcg_at_1000_max": -0.13619574347101665,
        "nauc_ndcg_at_1000_std": 0.042402346095211374,
        "nauc_ndcg_at_100_diff1": -0.04122546095372697,
        "nauc_ndcg_at_100_max": -0.12487484147183295,
        "nauc_ndcg_at_100_std": 0.07053163313053286,
        "nauc_ndcg_at_10_diff1": -0.02164983259753569,
        "nauc_ndcg_at_10_max": -0.1711907493476142,
        "nauc_ndcg_at_10_std": 0.004904339285601958,
        "nauc_ndcg_at_1_diff1": 0.3014139230165442,
        "nauc_ndcg_at_1_max": -0.5437660016880289,
        "nauc_ndcg_at_1_std": -0.45201518332573903,
        "nauc_ndcg_at_20_diff1": -0.053353064465269155,
        "nauc_ndcg_at_20_max": -0.15683013219641373,
        "nauc_ndcg_at_20_std": 0.01672296358034122,
        "nauc_ndcg_at_3_diff1": 0.011485891091716407,
        "nauc_ndcg_at_3_max": -0.14042306646305067,
        "nauc_ndcg_at_3_std": 0.0023516551766861148,
        "nauc_ndcg_at_5_diff1": 0.007125069416084177,
        "nauc_ndcg_at_5_max": -0.18844921295422862,
        "nauc_ndcg_at_5_std": -0.03207588420676498,
        "nauc_precision_at_1000_diff1": -0.06993607019823525,
        "nauc_precision_at_1000_max": -0.16105761534812438,
        "nauc_precision_at_1000_std": 0.05987258524279396,
        "nauc_precision_at_100_diff1": -0.05682034143762505,
        "nauc_precision_at_100_max": -0.1271274754160833,
        "nauc_precision_at_100_std": 0.12705508285622064,
        "nauc_precision_at_10_diff1": -0.0638586645625777,
        "nauc_precision_at_10_max": -0.20942491316647543,
        "nauc_precision_at_10_std": -0.013047568605558108,
        "nauc_precision_at_1_diff1": 0.3014139230165442,
        "nauc_precision_at_1_max": -0.5437660016880289,
        "nauc_precision_at_1_std": -0.45201518332573903,
        "nauc_precision_at_20_diff1": -0.10848109583499206,
        "nauc_precision_at_20_max": -0.1708040031184721,
        "nauc_precision_at_20_std": 0.007839695066304725,
        "nauc_precision_at_3_diff1": -0.027198554918812082,
        "nauc_precision_at_3_max": -0.1541027594474272,
        "nauc_precision_at_3_std": 0.01800240973208873,
        "nauc_precision_at_5_diff1": -0.02295721735969914,
        "nauc_precision_at_5_max": -0.24948165768596772,
        "nauc_precision_at_5_std": -0.05846046103453949,
        "nauc_recall_at_1000_diff1": -0.09134576936245235,
        "nauc_recall_at_1000_max": -0.051235712196229535,
        "nauc_recall_at_1000_std": 0.09172573004946999,
        "nauc_recall_at_100_diff1": -0.05835184138442734,
        "nauc_recall_at_100_max": -0.028853072769921023,
        "nauc_recall_at_100_std": 0.1808559128418745,
        "nauc_recall_at_10_diff1": -0.04927971276259873,
        "nauc_recall_at_10_max": -0.09734104066963468,
        "nauc_recall_at_10_std": 0.08200480562799085,
        "nauc_recall_at_1_diff1": 0.3014139230165442,
        "nauc_recall_at_1_max": -0.5437660016880289,
        "nauc_recall_at_1_std": -0.45201518332573903,
        "nauc_recall_at_20_diff1": -0.09116678106935873,
        "nauc_recall_at_20_max": -0.09076824077690128,
        "nauc_recall_at_20_std": 0.0828144719561561,
        "nauc_recall_at_3_diff1": 0.021087382605207,
        "nauc_recall_at_3_max": -0.03774309954212663,
        "nauc_recall_at_3_std": 0.10297966945213279,
        "nauc_recall_at_5_diff1": 0.009992156897064543,
        "nauc_recall_at_5_max": -0.11867229441193766,
        "nauc_recall_at_5_std": 0.0403433959403221,
        "ndcg_at_1": 0.02632,
        "ndcg_at_10": 0.07069,
        "ndcg_at_100": 0.1085,
        "ndcg_at_1000": 0.1204,
        "ndcg_at_20": 0.08438,
        "ndcg_at_3": 0.05316,
        "ndcg_at_5": 0.05864,
        "precision_at_1": 0.02632,
        "precision_at_10": 0.02105,
        "precision_at_100": 0.005,
        "precision_at_1000": 0.00063,
        "precision_at_20": 0.01513,
        "precision_at_3": 0.03947,
        "precision_at_5": 0.02895,
        "recall_at_1": 0.01316,
        "recall_at_10": 0.10855,
        "recall_at_100": 0.26754,
        "recall_at_1000": 0.33991,
        "recall_at_20": 0.15241,
        "recall_at_3": 0.06908,
        "recall_at_5": 0.08004
      }
    ]
  },
  "task_name": "BrightTheoremqaTheorems"
}