{
  "dataset_revision": "3066d29",
  "evaluation_time": 3605.002716779709,
  "kg_co2_emissions": null,
  "mteb_version": "1.14.12",
  "scores": {
    "standard": [
      {
        "hf_subset": "aops",
        "languages": [
          "eng-Latn"
        ],
        "main_score": 0.07335,
        "map_at_1": 0.01829,
        "map_at_10": 0.04441,
        "map_at_100": 0.05098,
        "map_at_1000": 0.05117,
        "map_at_20": 0.04756,
        "map_at_3": 0.03412,
        "map_at_5": 0.0365,
        "mrr_at_1": 0.08108108108108109,
        "mrr_at_10": 0.1142928642928643,
        "mrr_at_100": 0.12049005801441605,
        "mrr_at_1000": 0.12064952198966948,
        "mrr_at_20": 0.11633677423151106,
        "mrr_at_3": 0.0990990990990991,
        "mrr_at_5": 0.1009009009009009,
        "nauc_map_at_1000_diff1": 0.31950967867763025,
        "nauc_map_at_1000_max": -0.08011896840603548,
        "nauc_map_at_1000_std": -0.1572099527343845,
        "nauc_map_at_100_diff1": 0.3204343273040268,
        "nauc_map_at_100_max": -0.08066987769509092,
        "nauc_map_at_100_std": -0.1559150662652608,
        "nauc_map_at_10_diff1": 0.31671726546310597,
        "nauc_map_at_10_max": -0.09964274536950497,
        "nauc_map_at_10_std": -0.18149968968393612,
        "nauc_map_at_1_diff1": 0.392957053340095,
        "nauc_map_at_1_max": -0.017352076127233062,
        "nauc_map_at_1_std": -0.22396153047559866,
        "nauc_map_at_20_diff1": 0.3273260865840175,
        "nauc_map_at_20_max": -0.06720101084742586,
        "nauc_map_at_20_std": -0.15635810804920383,
        "nauc_map_at_3_diff1": 0.3080588437936861,
        "nauc_map_at_3_max": -0.042263251965290134,
        "nauc_map_at_3_std": -0.19471512787430062,
        "nauc_map_at_5_diff1": 0.31819709508863125,
        "nauc_map_at_5_max": -0.07480940382140594,
        "nauc_map_at_5_std": -0.19868446561189632,
        "nauc_mrr_at_1000_diff1": 0.41911086376977996,
        "nauc_mrr_at_1000_max": -0.08679800111350854,
        "nauc_mrr_at_1000_std": -0.1122102451585347,
        "nauc_mrr_at_100_diff1": 0.41888582455495577,
        "nauc_mrr_at_100_max": -0.08631452447660824,
        "nauc_mrr_at_100_std": -0.1118974166722746,
        "nauc_mrr_at_10_diff1": 0.4249036423907577,
        "nauc_mrr_at_10_max": -0.07985199744093738,
        "nauc_mrr_at_10_std": -0.10997999238036305,
        "nauc_mrr_at_1_diff1": 0.45221500692711014,
        "nauc_mrr_at_1_max": -0.05859784186663143,
        "nauc_mrr_at_1_std": -0.16597436089965734,
        "nauc_mrr_at_20_diff1": 0.41962823090584156,
        "nauc_mrr_at_20_max": -0.08484303322393952,
        "nauc_mrr_at_20_std": -0.10831664964547086,
        "nauc_mrr_at_3_diff1": 0.4555775580180157,
        "nauc_mrr_at_3_max": -0.0716531774017673,
        "nauc_mrr_at_3_std": -0.1437186856789874,
        "nauc_mrr_at_5_diff1": 0.46851661164740493,
        "nauc_mrr_at_5_max": -0.08132080641413669,
        "nauc_mrr_at_5_std": -0.1457561368603751,
        "nauc_ndcg_at_1000_diff1": 0.3261772156301939,
        "nauc_ndcg_at_1000_max": -0.08334078600555478,
        "nauc_ndcg_at_1000_std": -0.09622509121841522,
        "nauc_ndcg_at_100_diff1": 0.3321579783700723,
        "nauc_ndcg_at_100_max": -0.08368051987328978,
        "nauc_ndcg_at_100_std": -0.08481923623618082,
        "nauc_ndcg_at_10_diff1": 0.35738733713434817,
        "nauc_ndcg_at_10_max": -0.10382295844484372,
        "nauc_ndcg_at_10_std": -0.12966620342679505,
        "nauc_ndcg_at_1_diff1": 0.45221500692711014,
        "nauc_ndcg_at_1_max": -0.05859784186663143,
        "nauc_ndcg_at_1_std": -0.16597436089965734,
        "nauc_ndcg_at_20_diff1": 0.35661686445913343,
        "nauc_ndcg_at_20_max": -0.06799874593977279,
        "nauc_ndcg_at_20_std": -0.08708403485575797,
        "nauc_ndcg_at_3_diff1": 0.4121395004145595,
        "nauc_ndcg_at_3_max": -0.06795953080677293,
        "nauc_ndcg_at_3_std": -0.16635066520322822,
        "nauc_ndcg_at_5_diff1": 0.4021742021351587,
        "nauc_ndcg_at_5_max": -0.10269472255516206,
        "nauc_ndcg_at_5_std": -0.17840193023912673,
        "nauc_precision_at_1000_diff1": 0.24315451077593428,
        "nauc_precision_at_1000_max": -0.12803625785770906,
        "nauc_precision_at_1000_std": -0.06262030756580127,
        "nauc_precision_at_100_diff1": 0.2702699137126982,
        "nauc_precision_at_100_max": -0.12636161389279127,
        "nauc_precision_at_100_std": -0.029214185670473316,
        "nauc_precision_at_10_diff1": 0.31953341804117924,
        "nauc_precision_at_10_max": -0.1581274886310495,
        "nauc_precision_at_10_std": -0.0927158739353959,
        "nauc_precision_at_1_diff1": 0.45221500692711014,
        "nauc_precision_at_1_max": -0.05859784186663143,
        "nauc_precision_at_1_std": -0.16597436089965734,
        "nauc_precision_at_20_diff1": 0.3335033185746698,
        "nauc_precision_at_20_max": -0.08071653433664072,
        "nauc_precision_at_20_std": -0.023927777532846334,
        "nauc_precision_at_3_diff1": 0.4217638115651274,
        "nauc_precision_at_3_max": -0.06717865530138067,
        "nauc_precision_at_3_std": -0.16368267358588498,
        "nauc_precision_at_5_diff1": 0.42802858577848135,
        "nauc_precision_at_5_max": -0.13294450328693863,
        "nauc_precision_at_5_std": -0.17752883408991013,
        "nauc_recall_at_1000_diff1": 0.24063859704767607,
        "nauc_recall_at_1000_max": -0.05705034335351737,
        "nauc_recall_at_1000_std": -0.037600626836379325,
        "nauc_recall_at_100_diff1": 0.26018199362043004,
        "nauc_recall_at_100_max": -0.06353021540306202,
        "nauc_recall_at_100_std": -0.00738029674271006,
        "nauc_recall_at_10_diff1": 0.3383954838066958,
        "nauc_recall_at_10_max": -0.12209382762829844,
        "nauc_recall_at_10_std": -0.08038097508244599,
        "nauc_recall_at_1_diff1": 0.392957053340095,
        "nauc_recall_at_1_max": -0.017352076127233062,
        "nauc_recall_at_1_std": -0.22396153047559866,
        "nauc_recall_at_20_diff1": 0.3250587706240028,
        "nauc_recall_at_20_max": -0.04640228271130714,
        "nauc_recall_at_20_std": 0.0036565717409023945,
        "nauc_recall_at_3_diff1": 0.3406558495564987,
        "nauc_recall_at_3_max": -0.05251335789548797,
        "nauc_recall_at_3_std": -0.176374150172677,
        "nauc_recall_at_5_diff1": 0.39719151163055283,
        "nauc_recall_at_5_max": -0.12501881757404124,
        "nauc_recall_at_5_std": -0.18694313976215715,
        "ndcg_at_1": 0.08108,
        "ndcg_at_10": 0.07335,
        "ndcg_at_100": 0.10179,
        "ndcg_at_1000": 0.10495,
        "ndcg_at_20": 0.08139,
        "ndcg_at_3": 0.067,
        "ndcg_at_5": 0.05976,
        "precision_at_1": 0.08108,
        "precision_at_10": 0.03694,
        "precision_at_100": 0.00775,
        "precision_at_1000": 0.00085,
        "precision_at_20": 0.02252,
        "precision_at_3": 0.05706,
        "precision_at_5": 0.03964,
        "recall_at_1": 0.01829,
        "recall_at_10": 0.08843,
        "recall_at_100": 0.17594,
        "recall_at_1000": 0.18833,
        "recall_at_20": 0.10864,
        "recall_at_3": 0.04317,
        "recall_at_5": 0.05025
      }
    ]
  },
  "task_name": "BrightAops"
}