{
  "dataset_revision": "3066d29",
  "evaluation_time": 7203.250650167465,
  "kg_co2_emissions": null,
  "mteb_version": "1.14.12",
  "scores": {
    "standard": [
      {
        "hf_subset": "leetcode",
        "languages": [
          "eng-Latn"
        ],
        "main_score": 0.28672,
        "map_at_1": 0.1338,
        "map_at_10": 0.22352,
        "map_at_100": 0.23825,
        "map_at_1000": 0.23896,
        "map_at_20": 0.23242,
        "map_at_3": 0.19397,
        "map_at_5": 0.20448,
        "mrr_at_1": 0.24647887323943662,
        "mrr_at_10": 0.32838698859825627,
        "mrr_at_100": 0.3395192135873062,
        "mrr_at_1000": 0.3397928735639957,
        "mrr_at_20": 0.3362827041875794,
        "mrr_at_3": 0.31338028169014087,
        "mrr_at_5": 0.3197183098591549,
        "nauc_map_at_1000_diff1": 0.4716888150080621,
        "nauc_map_at_1000_max": 0.2635403078597984,
        "nauc_map_at_1000_std": 0.137168110850517,
        "nauc_map_at_100_diff1": 0.4715348980336556,
        "nauc_map_at_100_max": 0.2642196675635715,
        "nauc_map_at_100_std": 0.13858600232892732,
        "nauc_map_at_10_diff1": 0.47155991756153925,
        "nauc_map_at_10_max": 0.2556923488107937,
        "nauc_map_at_10_std": 0.1381030654769988,
        "nauc_map_at_1_diff1": 0.5455232272990479,
        "nauc_map_at_1_max": 0.24770033632189892,
        "nauc_map_at_1_std": 0.10980568000668299,
        "nauc_map_at_20_diff1": 0.4656200151303383,
        "nauc_map_at_20_max": 0.25753361503713423,
        "nauc_map_at_20_std": 0.13552318933795737,
        "nauc_map_at_3_diff1": 0.4930250690732439,
        "nauc_map_at_3_max": 0.2609017910803601,
        "nauc_map_at_3_std": 0.13264138358463187,
        "nauc_map_at_5_diff1": 0.4827542927560091,
        "nauc_map_at_5_max": 0.2738100188884826,
        "nauc_map_at_5_std": 0.14002986912073523,
        "nauc_mrr_at_1000_diff1": 0.5320891775798043,
        "nauc_mrr_at_1000_max": 0.2653141419862348,
        "nauc_mrr_at_1000_std": 0.07000838529962594,
        "nauc_mrr_at_100_diff1": 0.5323164653743544,
        "nauc_mrr_at_100_max": 0.2656493234447028,
        "nauc_mrr_at_100_std": 0.07070749732047676,
        "nauc_mrr_at_10_diff1": 0.5323542012669671,
        "nauc_mrr_at_10_max": 0.2607416029235268,
        "nauc_mrr_at_10_std": 0.07258009729688399,
        "nauc_mrr_at_1_diff1": 0.6139830506476587,
        "nauc_mrr_at_1_max": 0.2813932093418875,
        "nauc_mrr_at_1_std": 0.08734215790907299,
        "nauc_mrr_at_20_diff1": 0.530585044780505,
        "nauc_mrr_at_20_max": 0.26318850161981,
        "nauc_mrr_at_20_std": 0.0675814664786613,
        "nauc_mrr_at_3_diff1": 0.5469919656354413,
        "nauc_mrr_at_3_max": 0.27370885418926644,
        "nauc_mrr_at_3_std": 0.06635957243407993,
        "nauc_mrr_at_5_diff1": 0.5351780819292135,
        "nauc_mrr_at_5_max": 0.2674428695556825,
        "nauc_mrr_at_5_std": 0.07190000202086301,
        "nauc_ndcg_at_1000_diff1": 0.4567985956185316,
        "nauc_ndcg_at_1000_max": 0.24485170574362017,
        "nauc_ndcg_at_1000_std": 0.10347670755658896,
        "nauc_ndcg_at_100_diff1": 0.461304749789994,
        "nauc_ndcg_at_100_max": 0.2555074188039442,
        "nauc_ndcg_at_100_std": 0.12420686281288719,
        "nauc_ndcg_at_10_diff1": 0.45658383973817185,
        "nauc_ndcg_at_10_max": 0.228201994882485,
        "nauc_ndcg_at_10_std": 0.12041233743712561,
        "nauc_ndcg_at_1_diff1": 0.6139830506476587,
        "nauc_ndcg_at_1_max": 0.2813932093418875,
        "nauc_ndcg_at_1_std": 0.08734215790907299,
        "nauc_ndcg_at_20_diff1": 0.4450502739799299,
        "nauc_ndcg_at_20_max": 0.23729709567197171,
        "nauc_ndcg_at_20_std": 0.10583682838938083,
        "nauc_ndcg_at_3_diff1": 0.496343773087676,
        "nauc_ndcg_at_3_max": 0.29042929024121567,
        "nauc_ndcg_at_3_std": 0.10971696740683476,
        "nauc_ndcg_at_5_diff1": 0.4762776289693893,
        "nauc_ndcg_at_5_max": 0.2621164794054258,
        "nauc_ndcg_at_5_std": 0.12085220996430969,
        "nauc_precision_at_1000_diff1": 0.2385869145074439,
        "nauc_precision_at_1000_max": 0.1570999373710725,
        "nauc_precision_at_1000_std": -0.059244236222847996,
        "nauc_precision_at_100_diff1": 0.27864675555846913,
        "nauc_precision_at_100_max": 0.21036871175098565,
        "nauc_precision_at_100_std": 0.014498732656530724,
        "nauc_precision_at_10_diff1": 0.3362772242829808,
        "nauc_precision_at_10_max": 0.17973907814078185,
        "nauc_precision_at_10_std": 0.0832034199107332,
        "nauc_precision_at_1_diff1": 0.6139830506476587,
        "nauc_precision_at_1_max": 0.2813932093418875,
        "nauc_precision_at_1_std": 0.08734215790907299,
        "nauc_precision_at_20_diff1": 0.3110233786104315,
        "nauc_precision_at_20_max": 0.22616354589918528,
        "nauc_precision_at_20_std": 0.03011954273351883,
        "nauc_precision_at_3_diff1": 0.45013583193248063,
        "nauc_precision_at_3_max": 0.28287077613523387,
        "nauc_precision_at_3_std": 0.08726073402860343,
        "nauc_precision_at_5_diff1": 0.40243710359197027,
        "nauc_precision_at_5_max": 0.267862893961582,
        "nauc_precision_at_5_std": 0.08956830923917143,
        "nauc_recall_at_1000_diff1": 0.24109990530795913,
        "nauc_recall_at_1000_max": 0.1087154851714225,
        "nauc_recall_at_1000_std": 0.05667524383369818,
        "nauc_recall_at_100_diff1": 0.2822892014606586,
        "nauc_recall_at_100_max": 0.178940276641716,
        "nauc_recall_at_100_std": 0.17976024825786158,
        "nauc_recall_at_10_diff1": 0.31727489457988456,
        "nauc_recall_at_10_max": 0.13679216190861335,
        "nauc_recall_at_10_std": 0.12418603782132677,
        "nauc_recall_at_1_diff1": 0.5455232272990479,
        "nauc_recall_at_1_max": 0.24770033632189892,
        "nauc_recall_at_1_std": 0.10980568000668299,
        "nauc_recall_at_20_diff1": 0.259595849453463,
        "nauc_recall_at_20_max": 0.1361257428724411,
        "nauc_recall_at_20_std": 0.07642829810587488,
        "nauc_recall_at_3_diff1": 0.40079396872952805,
        "nauc_recall_at_3_max": 0.22204414414998225,
        "nauc_recall_at_3_std": 0.10506262115971483,
        "nauc_recall_at_5_diff1": 0.3721659907695522,
        "nauc_recall_at_5_max": 0.22677252619819044,
        "nauc_recall_at_5_std": 0.1283732718722493,
        "ndcg_at_1": 0.24648,
        "ndcg_at_10": 0.28672,
        "ndcg_at_100": 0.34944,
        "ndcg_at_1000": 0.35843,
        "ndcg_at_20": 0.3161,
        "ndcg_at_3": 0.24568,
        "ndcg_at_5": 0.2523,
        "precision_at_1": 0.24648,
        "precision_at_10": 0.07113,
        "precision_at_100": 0.01155,
        "precision_at_1000": 0.00127,
        "precision_at_20": 0.04401,
        "precision_at_3": 0.15728,
        "precision_at_5": 0.10845,
        "recall_at_1": 0.1338,
        "recall_at_10": 0.3723,
        "recall_at_100": 0.63345,
        "recall_at_1000": 0.68486,
        "recall_at_20": 0.47488,
        "recall_at_3": 0.25481,
        "recall_at_5": 0.28286
      }
    ]
  },
  "task_name": "BrightLeetcode"
}