{
  "dataset_revision": "a75a0eb",
  "evaluation_time": 782.054853439331,
  "kg_co2_emissions": null,
  "mteb_version": "1.14.12",
  "scores": {
    "standard": [
      {
        "hf_subset": "economics",
        "languages": [
          "eng-Latn"
        ],
        "main_score": 0.20558,
        "map_at_1": 0.06995,
        "map_at_10": 0.13496,
        "map_at_100": 0.16865,
        "map_at_1000": 0.16865,
        "map_at_20": 0.14616,
        "map_at_3": 0.10512,
        "map_at_5": 0.11741,
        "mrr_at_1": 0.1650485436893204,
        "mrr_at_10": 0.23334489135460013,
        "mrr_at_100": 0.2410335145771242,
        "mrr_at_1000": 0.2410335145771242,
        "mrr_at_20": 0.23659150989248076,
        "mrr_at_3": 0.21359223300970873,
        "mrr_at_5": 0.22718446601941747,
        "nauc_map_at_1000_diff1": 0.14892712217974696,
        "nauc_map_at_1000_max": -0.007033639620709602,
        "nauc_map_at_1000_std": 0.18596273670022523,
        "nauc_map_at_100_diff1": 0.14892712217974696,
        "nauc_map_at_100_max": -0.007033639620709602,
        "nauc_map_at_100_std": 0.18596273670022523,
        "nauc_map_at_10_diff1": 0.21798777336949612,
        "nauc_map_at_10_max": -0.034681681686054094,
        "nauc_map_at_10_std": 0.10496975632181704,
        "nauc_map_at_1_diff1": 0.3978116257061228,
        "nauc_map_at_1_max": -0.05561951949080419,
        "nauc_map_at_1_std": 0.03496498301358458,
        "nauc_map_at_20_diff1": 0.20197867276389544,
        "nauc_map_at_20_max": -0.02823395855996261,
        "nauc_map_at_20_std": 0.13719088873787816,
        "nauc_map_at_3_diff1": 0.28812709555193733,
        "nauc_map_at_3_max": -0.05193077118618036,
        "nauc_map_at_3_std": 0.059588076156063846,
        "nauc_map_at_5_diff1": 0.2623546652610986,
        "nauc_map_at_5_max": -0.05565529041725464,
        "nauc_map_at_5_std": 0.05862810141198708,
        "nauc_mrr_at_1000_diff1": 0.042486728070894826,
        "nauc_mrr_at_1000_max": 0.019912643052796452,
        "nauc_mrr_at_1000_std": 0.10662693609885937,
        "nauc_mrr_at_100_diff1": 0.042486728070894826,
        "nauc_mrr_at_100_max": 0.019912643052796452,
        "nauc_mrr_at_100_std": 0.10662693609885937,
        "nauc_mrr_at_10_diff1": 0.0353923667109267,
        "nauc_mrr_at_10_max": 0.01750913152269367,
        "nauc_mrr_at_10_std": 0.10094520912044172,
        "nauc_mrr_at_1_diff1": 0.08703077825066143,
        "nauc_mrr_at_1_max": 0.023035277570778133,
        "nauc_mrr_at_1_std": 0.1088875555769732,
        "nauc_mrr_at_20_diff1": 0.03995179689262277,
        "nauc_mrr_at_20_max": 0.01753908574036864,
        "nauc_mrr_at_20_std": 0.10243047623184476,
        "nauc_mrr_at_3_diff1": 0.028147492972291473,
        "nauc_mrr_at_3_max": -0.02340830636098963,
        "nauc_mrr_at_3_std": 0.10768999903888528,
        "nauc_mrr_at_5_diff1": 0.028954604120245954,
        "nauc_mrr_at_5_max": 0.006438240677119524,
        "nauc_mrr_at_5_std": 0.08696121298217016,
        "nauc_ndcg_at_1000_diff1": 0.10117718204785728,
        "nauc_ndcg_at_1000_max": 0.02783676437082885,
        "nauc_ndcg_at_1000_std": 0.18564860108231904,
        "nauc_ndcg_at_100_diff1": 0.10117718204785728,
        "nauc_ndcg_at_100_max": 0.02783676437082885,
        "nauc_ndcg_at_100_std": 0.18564860108231904,
        "nauc_ndcg_at_10_diff1": 0.07523253838120214,
        "nauc_ndcg_at_10_max": 0.0291537495027805,
        "nauc_ndcg_at_10_std": 0.1905408315785164,
        "nauc_ndcg_at_1_diff1": 0.08703077825066143,
        "nauc_ndcg_at_1_max": 0.023035277570778133,
        "nauc_ndcg_at_1_std": 0.1088875555769732,
        "nauc_ndcg_at_20_diff1": 0.10577966050775074,
        "nauc_ndcg_at_20_max": 0.026810630309465483,
        "nauc_ndcg_at_20_std": 0.19632337145175335,
        "nauc_ndcg_at_3_diff1": 0.05382403830477869,
        "nauc_ndcg_at_3_max": -0.041833065404985936,
        "nauc_ndcg_at_3_std": 0.13963354145041856,
        "nauc_ndcg_at_5_diff1": 0.06698425730212279,
        "nauc_ndcg_at_5_max": -0.012403942345300834,
        "nauc_ndcg_at_5_std": 0.13697820569546357,
        "nauc_precision_at_1000_diff1": -0.2478547938774054,
        "nauc_precision_at_1000_max": 0.12082081444115474,
        "nauc_precision_at_1000_std": 0.33270740845220775,
        "nauc_precision_at_100_diff1": -0.24785479387740525,
        "nauc_precision_at_100_max": 0.12082081444115483,
        "nauc_precision_at_100_std": 0.33270740845220786,
        "nauc_precision_at_10_diff1": -0.20313035428451257,
        "nauc_precision_at_10_max": 0.06047059931148507,
        "nauc_precision_at_10_std": 0.2530051835642247,
        "nauc_precision_at_1_diff1": 0.08703077825066143,
        "nauc_precision_at_1_max": 0.023035277570778133,
        "nauc_precision_at_1_std": 0.1088875555769732,
        "nauc_precision_at_20_diff1": -0.21007463880294044,
        "nauc_precision_at_20_max": 0.07838283208182358,
        "nauc_precision_at_20_std": 0.3364817565605091,
        "nauc_precision_at_3_diff1": -0.10157099748923615,
        "nauc_precision_at_3_max": -0.08408639998887937,
        "nauc_precision_at_3_std": 0.15395938558949007,
        "nauc_precision_at_5_diff1": -0.15901719825369023,
        "nauc_precision_at_5_max": -0.013301110721653806,
        "nauc_precision_at_5_std": 0.1629726894399373,
        "nauc_recall_at_1000_diff1": 0.1094575181994405,
        "nauc_recall_at_1000_max": 0.15914731775645105,
        "nauc_recall_at_1000_std": 0.24106197463393284,
        "nauc_recall_at_100_diff1": 0.1094575181994405,
        "nauc_recall_at_100_max": 0.15914731775645105,
        "nauc_recall_at_100_std": 0.24106197463393284,
        "nauc_recall_at_10_diff1": 0.13954823493046026,
        "nauc_recall_at_10_max": 0.06964709673470655,
        "nauc_recall_at_10_std": 0.18508697080746986,
        "nauc_recall_at_1_diff1": 0.3978116257061228,
        "nauc_recall_at_1_max": -0.05561951949080419,
        "nauc_recall_at_1_std": 0.03496498301358458,
        "nauc_recall_at_20_diff1": 0.1744344744304982,
        "nauc_recall_at_20_max": 0.07348579189540368,
        "nauc_recall_at_20_std": 0.21137167669537144,
        "nauc_recall_at_3_diff1": 0.17700105029397334,
        "nauc_recall_at_3_max": -0.019916079113954082,
        "nauc_recall_at_3_std": 0.12253016730001981,
        "nauc_recall_at_5_diff1": 0.17270338345976316,
        "nauc_recall_at_5_max": -0.013145018597088757,
        "nauc_recall_at_5_std": 0.10214593281604585,
        "ndcg_at_1": 0.16505,
        "ndcg_at_10": 0.20558,
        "ndcg_at_100": 0.27029,
        "ndcg_at_1000": 0.27029,
        "ndcg_at_20": 0.2146,
        "ndcg_at_3": 0.18023,
        "ndcg_at_5": 0.1906,
        "precision_at_1": 0.16505,
        "precision_at_10": 0.09903,
        "precision_at_100": 0.0332,
        "precision_at_1000": 0.00332,
        "precision_at_20": 0.0733,
        "precision_at_3": 0.13916,
        "precision_at_5": 0.12233,
        "recall_at_1": 0.06995,
        "recall_at_10": 0.22304,
        "recall_at_100": 0.49418,
        "recall_at_1000": 0.49418,
        "recall_at_20": 0.26783,
        "recall_at_3": 0.13515,
        "recall_at_5": 0.16596
      }
    ]
  },
  "task_name": "BrightRetrieval"
}