{
  "dataset_revision": "a75a0eb",
  "evaluation_time": 7387.698689699173,
  "kg_co2_emissions": null,
  "mteb_version": "1.14.12",
  "scores": {
    "standard": [
      {
        "hf_subset": "aops",
        "languages": [
          "eng-Latn"
        ],
        "main_score": 0.08307,
        "map_at_1": 0.01571,
        "map_at_10": 0.04693,
        "map_at_100": 0.05585,
        "map_at_1000": 0.05585,
        "map_at_20": 0.05283,
        "map_at_3": 0.0304,
        "map_at_5": 0.04057,
        "mrr_at_1": 0.07207207207207207,
        "mrr_at_10": 0.1381095381095381,
        "mrr_at_100": 0.14573774225084993,
        "mrr_at_1000": 0.14573774225084993,
        "mrr_at_20": 0.14218091718091716,
        "mrr_at_3": 0.12162162162162163,
        "mrr_at_5": 0.13153153153153155,
        "nauc_map_at_1000_diff1": 0.40836261952953057,
        "nauc_map_at_1000_max": 0.24153536912476747,
        "nauc_map_at_1000_std": 0.035287441938136196,
        "nauc_map_at_100_diff1": 0.40836261952953057,
        "nauc_map_at_100_max": 0.24153536912476747,
        "nauc_map_at_100_std": 0.035287441938136196,
        "nauc_map_at_10_diff1": 0.44421789011559465,
        "nauc_map_at_10_max": 0.21409071157637313,
        "nauc_map_at_10_std": -0.006288441047268621,
        "nauc_map_at_1_diff1": 0.6613072675482573,
        "nauc_map_at_1_max": 0.08626988359022486,
        "nauc_map_at_1_std": 0.025873351149445972,
        "nauc_map_at_20_diff1": 0.4196428054888115,
        "nauc_map_at_20_max": 0.25444479099259554,
        "nauc_map_at_20_std": 0.03179833053273189,
        "nauc_map_at_3_diff1": 0.5064309391962415,
        "nauc_map_at_3_max": 0.14438950362592948,
        "nauc_map_at_3_std": 0.00017642467555350572,
        "nauc_map_at_5_diff1": 0.4644737551524069,
        "nauc_map_at_5_max": 0.15818388718765555,
        "nauc_map_at_5_std": -0.016921005912382648,
        "nauc_mrr_at_1000_diff1": 0.37741202150850195,
        "nauc_mrr_at_1000_max": 0.23023453784294948,
        "nauc_mrr_at_1000_std": 0.12806758863594997,
        "nauc_mrr_at_100_diff1": 0.37741202150850195,
        "nauc_mrr_at_100_max": 0.23023453784294948,
        "nauc_mrr_at_100_std": 0.12806758863594997,
        "nauc_mrr_at_10_diff1": 0.3945155025701034,
        "nauc_mrr_at_10_max": 0.236245398252103,
        "nauc_mrr_at_10_std": 0.12418818125309779,
        "nauc_mrr_at_1_diff1": 0.5720117031985353,
        "nauc_mrr_at_1_max": 0.1882599933024243,
        "nauc_mrr_at_1_std": 0.10762927196756701,
        "nauc_mrr_at_20_diff1": 0.38321178998997496,
        "nauc_mrr_at_20_max": 0.23635744364827277,
        "nauc_mrr_at_20_std": 0.1282102158550468,
        "nauc_mrr_at_3_diff1": 0.3952158955260084,
        "nauc_mrr_at_3_max": 0.2524723807715309,
        "nauc_mrr_at_3_std": 0.10057187273842509,
        "nauc_mrr_at_5_diff1": 0.39314674410628125,
        "nauc_mrr_at_5_max": 0.22637993591665576,
        "nauc_mrr_at_5_std": 0.10765253571555407,
        "nauc_ndcg_at_1000_diff1": 0.3126536535831443,
        "nauc_ndcg_at_1000_max": 0.2147496415243574,
        "nauc_ndcg_at_1000_std": 0.09839425642457432,
        "nauc_ndcg_at_100_diff1": 0.3126536535831443,
        "nauc_ndcg_at_100_max": 0.2147496415243574,
        "nauc_ndcg_at_100_std": 0.09839425642457432,
        "nauc_ndcg_at_10_diff1": 0.39136296687685895,
        "nauc_ndcg_at_10_max": 0.23357160782374745,
        "nauc_ndcg_at_10_std": 0.0483413592682942,
        "nauc_ndcg_at_1_diff1": 0.5720117031985353,
        "nauc_ndcg_at_1_max": 0.1882599933024243,
        "nauc_ndcg_at_1_std": 0.10762927196756701,
        "nauc_ndcg_at_20_diff1": 0.35056780287659883,
        "nauc_ndcg_at_20_max": 0.26542486713835484,
        "nauc_ndcg_at_20_std": 0.1030249815750242,
        "nauc_ndcg_at_3_diff1": 0.41378703381932325,
        "nauc_ndcg_at_3_max": 0.2533246433671006,
        "nauc_ndcg_at_3_std": 0.048107894537025075,
        "nauc_ndcg_at_5_diff1": 0.39447764892719456,
        "nauc_ndcg_at_5_max": 0.20791878303103334,
        "nauc_ndcg_at_5_std": 0.029646400884084913,
        "nauc_precision_at_1000_diff1": 0.17832784323678477,
        "nauc_precision_at_1000_max": 0.28877095498257715,
        "nauc_precision_at_1000_std": 0.18623832038285723,
        "nauc_precision_at_100_diff1": 0.1783278432367849,
        "nauc_precision_at_100_max": 0.2887709549825773,
        "nauc_precision_at_100_std": 0.1862383203828575,
        "nauc_precision_at_10_diff1": 0.3180564072636803,
        "nauc_precision_at_10_max": 0.33241613786555413,
        "nauc_precision_at_10_std": 0.07700804274312407,
        "nauc_precision_at_1_diff1": 0.5720117031985353,
        "nauc_precision_at_1_max": 0.1882599933024243,
        "nauc_precision_at_1_std": 0.10762927196756701,
        "nauc_precision_at_20_diff1": 0.2582356122351817,
        "nauc_precision_at_20_max": 0.3811221570122504,
        "nauc_precision_at_20_std": 0.16969958324908724,
        "nauc_precision_at_3_diff1": 0.36630481081468674,
        "nauc_precision_at_3_max": 0.2753052297392011,
        "nauc_precision_at_3_std": 0.037328644586880996,
        "nauc_precision_at_5_diff1": 0.3351449531316599,
        "nauc_precision_at_5_max": 0.24732599071711878,
        "nauc_precision_at_5_std": 0.033693672177870886,
        "nauc_recall_at_1000_diff1": 0.17070465165461426,
        "nauc_recall_at_1000_max": 0.10107400673161329,
        "nauc_recall_at_1000_std": 0.06516221263255287,
        "nauc_recall_at_100_diff1": 0.17070465165461426,
        "nauc_recall_at_100_max": 0.10107400673161329,
        "nauc_recall_at_100_std": 0.06516221263255287,
        "nauc_recall_at_10_diff1": 0.32489022603137707,
        "nauc_recall_at_10_max": 0.200838488373685,
        "nauc_recall_at_10_std": 0.027977304976228502,
        "nauc_recall_at_1_diff1": 0.6613072675482573,
        "nauc_recall_at_1_max": 0.08626988359022486,
        "nauc_recall_at_1_std": 0.025873351149445972,
        "nauc_recall_at_20_diff1": 0.26696774668334244,
        "nauc_recall_at_20_max": 0.2524451866825902,
        "nauc_recall_at_20_std": 0.1261550346400338,
        "nauc_recall_at_3_diff1": 0.36549583388320883,
        "nauc_recall_at_3_max": 0.13733811735246002,
        "nauc_recall_at_3_std": -0.00504041098633204,
        "nauc_recall_at_5_diff1": 0.325856166349136,
        "nauc_recall_at_5_max": 0.11806018436624384,
        "nauc_recall_at_5_std": -0.018171576429164768,
        "ndcg_at_1": 0.07207,
        "ndcg_at_10": 0.08307,
        "ndcg_at_100": 0.11625,
        "ndcg_at_1000": 0.11625,
        "ndcg_at_20": 0.09849,
        "ndcg_at_3": 0.07558,
        "ndcg_at_5": 0.08076,
        "precision_at_1": 0.07207,
        "precision_at_10": 0.04775,
        "precision_at_100": 0.00919,
        "precision_at_1000": 0.00092,
        "precision_at_20": 0.03423,
        "precision_at_3": 0.07508,
        "precision_at_5": 0.07207,
        "recall_at_1": 0.01571,
        "recall_at_10": 0.09395,
        "recall_at_100": 0.18892,
        "recall_at_1000": 0.18892,
        "recall_at_20": 0.12763,
        "recall_at_3": 0.04703,
        "recall_at_5": 0.07159
      }
    ]
  },
  "task_name": "BrightRetrieval"
}