{
  "dataset_revision": "a75a0eb",
  "evaluation_time": 1181.9650642871857,
  "kg_co2_emissions": null,
  "mteb_version": "1.14.12",
  "scores": {
    "standard": [
      {
        "hf_subset": "economics",
        "languages": [
          "eng-Latn"
        ],
        "main_score": 0.22849,
        "map_at_1": 0.07137,
        "map_at_10": 0.14012,
        "map_at_100": 0.18012,
        "map_at_1000": 0.18012,
        "map_at_20": 0.15685,
        "map_at_3": 0.10782,
        "map_at_5": 0.1223,
        "mrr_at_1": 0.20388349514563106,
        "mrr_at_10": 0.27620973955925404,
        "mrr_at_100": 0.286834420148658,
        "mrr_at_1000": 0.286834420148658,
        "mrr_at_20": 0.28179391124136977,
        "mrr_at_3": 0.2524271844660194,
        "mrr_at_5": 0.26359223300970874,
        "nauc_map_at_1000_diff1": 0.08820428402233942,
        "nauc_map_at_1000_max": 0.09004364536989666,
        "nauc_map_at_1000_std": 0.04158045370049239,
        "nauc_map_at_100_diff1": 0.08820428402233942,
        "nauc_map_at_100_max": 0.09004364536989666,
        "nauc_map_at_100_std": 0.04158045370049239,
        "nauc_map_at_10_diff1": 0.11994780144481468,
        "nauc_map_at_10_max": 0.04253993376221596,
        "nauc_map_at_10_std": 0.0021743899787560607,
        "nauc_map_at_1_diff1": 0.16719775781406096,
        "nauc_map_at_1_max": -0.01718614896393922,
        "nauc_map_at_1_std": 0.07672362165032004,
        "nauc_map_at_20_diff1": 0.09897769705345973,
        "nauc_map_at_20_max": 0.06756032885043427,
        "nauc_map_at_20_std": 0.02009609507563397,
        "nauc_map_at_3_diff1": 0.10488424711676723,
        "nauc_map_at_3_max": 0.008766013287675362,
        "nauc_map_at_3_std": 0.01706655805908099,
        "nauc_map_at_5_diff1": 0.152342481887955,
        "nauc_map_at_5_max": 0.031973750541681376,
        "nauc_map_at_5_std": -0.004211412808008765,
        "nauc_mrr_at_1000_diff1": 0.023901452962817506,
        "nauc_mrr_at_1000_max": 0.03177331983118552,
        "nauc_mrr_at_1000_std": -0.06292862343283206,
        "nauc_mrr_at_100_diff1": 0.023901452962817506,
        "nauc_mrr_at_100_max": 0.03177331983118552,
        "nauc_mrr_at_100_std": -0.06292862343283206,
        "nauc_mrr_at_10_diff1": 0.022589340595965356,
        "nauc_mrr_at_10_max": 0.029857297813518424,
        "nauc_mrr_at_10_std": -0.059422597631110255,
        "nauc_mrr_at_1_diff1": 0.010208197514059115,
        "nauc_mrr_at_1_max": 0.016312121461610287,
        "nauc_mrr_at_1_std": -0.0036412894955645037,
        "nauc_mrr_at_20_diff1": 0.023126499751257676,
        "nauc_mrr_at_20_max": 0.03239955347615377,
        "nauc_mrr_at_20_std": -0.06275411425317827,
        "nauc_mrr_at_3_diff1": 0.0021918444699291976,
        "nauc_mrr_at_3_max": 0.04345588880621617,
        "nauc_mrr_at_3_std": -0.037103349302255444,
        "nauc_mrr_at_5_diff1": 0.029745333407619336,
        "nauc_mrr_at_5_max": 0.02538327679300524,
        "nauc_mrr_at_5_std": -0.05223357141829695,
        "nauc_ndcg_at_1000_diff1": 0.10261271260296938,
        "nauc_ndcg_at_1000_max": 0.07629287369291711,
        "nauc_ndcg_at_1000_std": -0.04788315396003217,
        "nauc_ndcg_at_100_diff1": 0.10261271260296938,
        "nauc_ndcg_at_100_max": 0.07629287369291711,
        "nauc_ndcg_at_100_std": -0.04788315396003217,
        "nauc_ndcg_at_10_diff1": 0.05140867495309252,
        "nauc_ndcg_at_10_max": 0.08923711076326898,
        "nauc_ndcg_at_10_std": 0.00907040505248661,
        "nauc_ndcg_at_1_diff1": 0.010208197514059115,
        "nauc_ndcg_at_1_max": 0.016312121461610287,
        "nauc_ndcg_at_1_std": -0.0036412894955645037,
        "nauc_ndcg_at_20_diff1": 0.06765289434810562,
        "nauc_ndcg_at_20_max": 0.09601001416174626,
        "nauc_ndcg_at_20_std": 0.0038367909601475666,
        "nauc_ndcg_at_3_diff1": -0.013924213729641416,
        "nauc_ndcg_at_3_max": 0.06711363313897087,
        "nauc_ndcg_at_3_std": 0.0104763229266578,
        "nauc_ndcg_at_5_diff1": 0.06355598187809514,
        "nauc_ndcg_at_5_max": 0.093765493131295,
        "nauc_ndcg_at_5_std": -0.0014933580974472815,
        "nauc_precision_at_1000_diff1": -0.10408391327965372,
        "nauc_precision_at_1000_max": 0.1406178853637251,
        "nauc_precision_at_1000_std": 0.05754343325612949,
        "nauc_precision_at_100_diff1": -0.1040839132796536,
        "nauc_precision_at_100_max": 0.14061788536372524,
        "nauc_precision_at_100_std": 0.05754343325612955,
        "nauc_precision_at_10_diff1": -0.048704238672448774,
        "nauc_precision_at_10_max": 0.19075200356030558,
        "nauc_precision_at_10_std": 0.029064814990977884,
        "nauc_precision_at_1_diff1": 0.010208197514059115,
        "nauc_precision_at_1_max": 0.016312121461610287,
        "nauc_precision_at_1_std": -0.0036412894955645037,
        "nauc_precision_at_20_diff1": -0.08220874108085813,
        "nauc_precision_at_20_max": 0.2068334038302018,
        "nauc_precision_at_20_std": 0.08344016066593136,
        "nauc_precision_at_3_diff1": -0.04100678438362252,
        "nauc_precision_at_3_max": 0.10721806315825133,
        "nauc_precision_at_3_std": -0.0007871847087260324,
        "nauc_precision_at_5_diff1": 0.038639751599386186,
        "nauc_precision_at_5_max": 0.18867834916641305,
        "nauc_precision_at_5_std": -0.010583280412482698,
        "nauc_recall_at_1000_diff1": 0.1618276607111643,
        "nauc_recall_at_1000_max": 0.038349150521354236,
        "nauc_recall_at_1000_std": -0.12653651040851163,
        "nauc_recall_at_100_diff1": 0.1618276607111643,
        "nauc_recall_at_100_max": 0.038349150521354236,
        "nauc_recall_at_100_std": -0.12653651040851163,
        "nauc_recall_at_10_diff1": 0.10390205842040957,
        "nauc_recall_at_10_max": 0.03730302735184181,
        "nauc_recall_at_10_std": -0.07713530091025855,
        "nauc_recall_at_1_diff1": 0.16719775781406096,
        "nauc_recall_at_1_max": -0.01718614896393922,
        "nauc_recall_at_1_std": 0.07672362165032004,
        "nauc_recall_at_20_diff1": 0.08966376395601666,
        "nauc_recall_at_20_max": 0.07157665413699708,
        "nauc_recall_at_20_std": -0.07060642544421654,
        "nauc_recall_at_3_diff1": 0.054945927067526885,
        "nauc_recall_at_3_max": 0.031616510086963555,
        "nauc_recall_at_3_std": -0.030525028722699753,
        "nauc_recall_at_5_diff1": 0.1648901081399525,
        "nauc_recall_at_5_max": 0.025703495365816526,
        "nauc_recall_at_5_std": -0.07523345503195823,
        "ndcg_at_1": 0.20388,
        "ndcg_at_10": 0.22849,
        "ndcg_at_100": 0.30583,
        "ndcg_at_1000": 0.30583,
        "ndcg_at_20": 0.24735,
        "ndcg_at_3": 0.2114,
        "ndcg_at_5": 0.21563,
        "precision_at_1": 0.20388,
        "precision_at_10": 0.11262,
        "precision_at_100": 0.03718,
        "precision_at_1000": 0.00372,
        "precision_at_20": 0.09029,
        "precision_at_3": 0.15858,
        "precision_at_5": 0.13592,
        "recall_at_1": 0.07137,
        "recall_at_10": 0.24908,
        "recall_at_100": 0.57088,
        "recall_at_1000": 0.57088,
        "recall_at_20": 0.32916,
        "recall_at_3": 0.14886,
        "recall_at_5": 0.1844
      }
    ]
  },
  "task_name": "BrightRetrieval"
}