{
  "dataset_revision": "a75a0eb",
  "evaluation_time": 4139.126084566116,
  "kg_co2_emissions": null,
  "mteb_version": "1.14.12",
  "scores": {
    "standard": [
      {
        "hf_subset": "aops",
        "languages": [
          "eng-Latn"
        ],
        "main_score": 0.08641,
        "map_at_1": 0.02842,
        "map_at_10": 0.04987,
        "map_at_100": 0.05875,
        "map_at_1000": 0.05875,
        "map_at_20": 0.05404,
        "map_at_3": 0.03864,
        "map_at_5": 0.04447,
        "mrr_at_1": 0.10810810810810811,
        "mrr_at_10": 0.1591806091806092,
        "mrr_at_100": 0.16634986275554034,
        "mrr_at_1000": 0.16634986275554034,
        "mrr_at_20": 0.16351361351361354,
        "mrr_at_3": 0.14414414414414414,
        "mrr_at_5": 0.1527027027027027,
        "nauc_map_at_1000_diff1": 0.13419180080725332,
        "nauc_map_at_1000_max": 0.2363280031074357,
        "nauc_map_at_1000_std": 0.04843711519211754,
        "nauc_map_at_100_diff1": 0.13419180080725332,
        "nauc_map_at_100_max": 0.2363280031074357,
        "nauc_map_at_100_std": 0.04843711519211754,
        "nauc_map_at_10_diff1": 0.18109414128331588,
        "nauc_map_at_10_max": 0.22378260253716187,
        "nauc_map_at_10_std": -0.020053709081272093,
        "nauc_map_at_1_diff1": 0.12082358576175359,
        "nauc_map_at_1_max": 0.12722258452026794,
        "nauc_map_at_1_std": -0.1289642537897199,
        "nauc_map_at_20_diff1": 0.16071852676197765,
        "nauc_map_at_20_max": 0.24036766544441387,
        "nauc_map_at_20_std": 0.01675834097021119,
        "nauc_map_at_3_diff1": 0.09864623800453237,
        "nauc_map_at_3_max": 0.15640833638903956,
        "nauc_map_at_3_std": -0.04098290810333739,
        "nauc_map_at_5_diff1": 0.16235384202073538,
        "nauc_map_at_5_max": 0.19636839512217333,
        "nauc_map_at_5_std": -0.042260862852200695,
        "nauc_mrr_at_1000_diff1": 0.12180628138805553,
        "nauc_mrr_at_1000_max": 0.3159875542432707,
        "nauc_mrr_at_1000_std": 0.10833925692833038,
        "nauc_mrr_at_100_diff1": 0.12180628138805553,
        "nauc_mrr_at_100_max": 0.3159875542432707,
        "nauc_mrr_at_100_std": 0.10833925692833038,
        "nauc_mrr_at_10_diff1": 0.1317338714939432,
        "nauc_mrr_at_10_max": 0.32417208536033804,
        "nauc_mrr_at_10_std": 0.09128663844154208,
        "nauc_mrr_at_1_diff1": 0.1626285324239814,
        "nauc_mrr_at_1_max": 0.2691660478675738,
        "nauc_mrr_at_1_std": -0.01615633005339243,
        "nauc_mrr_at_20_diff1": 0.1219014193243758,
        "nauc_mrr_at_20_max": 0.32123294675927455,
        "nauc_mrr_at_20_std": 0.10247665972314982,
        "nauc_mrr_at_3_diff1": 0.11658065702716461,
        "nauc_mrr_at_3_max": 0.30879736026301796,
        "nauc_mrr_at_3_std": 0.08319902029063851,
        "nauc_mrr_at_5_diff1": 0.12782032585640007,
        "nauc_mrr_at_5_max": 0.30245808880309016,
        "nauc_mrr_at_5_std": 0.08433739327590546,
        "nauc_ndcg_at_1000_diff1": 0.09263734191855895,
        "nauc_ndcg_at_1000_max": 0.2787251754127417,
        "nauc_ndcg_at_1000_std": 0.1586054852055203,
        "nauc_ndcg_at_100_diff1": 0.09263734191855895,
        "nauc_ndcg_at_100_max": 0.2787251754127417,
        "nauc_ndcg_at_100_std": 0.1586054852055203,
        "nauc_ndcg_at_10_diff1": 0.1779820941166553,
        "nauc_ndcg_at_10_max": 0.28960297742144614,
        "nauc_ndcg_at_10_std": 0.05075052358958904,
        "nauc_ndcg_at_1_diff1": 0.1626285324239814,
        "nauc_ndcg_at_1_max": 0.2691660478675738,
        "nauc_ndcg_at_1_std": -0.01615633005339243,
        "nauc_ndcg_at_20_diff1": 0.13901059511486125,
        "nauc_ndcg_at_20_max": 0.3093961364938355,
        "nauc_ndcg_at_20_std": 0.10716068327482406,
        "nauc_ndcg_at_3_diff1": 0.09792109288818937,
        "nauc_ndcg_at_3_max": 0.27632307119972876,
        "nauc_ndcg_at_3_std": 0.0851363075950702,
        "nauc_ndcg_at_5_diff1": 0.15717657843730104,
        "nauc_ndcg_at_5_max": 0.258828511929232,
        "nauc_ndcg_at_5_std": 0.03760498315242486,
        "nauc_precision_at_1000_diff1": -0.03541854116648303,
        "nauc_precision_at_1000_max": 0.32577476529330773,
        "nauc_precision_at_1000_std": 0.3716806379157314,
        "nauc_precision_at_100_diff1": -0.03541854116648294,
        "nauc_precision_at_100_max": 0.32577476529330773,
        "nauc_precision_at_100_std": 0.3716806379157313,
        "nauc_precision_at_10_diff1": 0.1709987271153374,
        "nauc_precision_at_10_max": 0.4327659785074811,
        "nauc_precision_at_10_std": 0.21443978492754015,
        "nauc_precision_at_1_diff1": 0.1626285324239814,
        "nauc_precision_at_1_max": 0.2691660478675738,
        "nauc_precision_at_1_std": -0.01615633005339243,
        "nauc_precision_at_20_diff1": 0.07947450149679353,
        "nauc_precision_at_20_max": 0.44240817627133366,
        "nauc_precision_at_20_std": 0.3159732685296404,
        "nauc_precision_at_3_diff1": 0.07612299833056398,
        "nauc_precision_at_3_max": 0.30686847953642726,
        "nauc_precision_at_3_std": 0.1300432231953111,
        "nauc_precision_at_5_diff1": 0.1592192570521004,
        "nauc_precision_at_5_max": 0.3030250349947927,
        "nauc_precision_at_5_std": 0.10825738741266483,
        "nauc_recall_at_1000_diff1": 0.036770646016969125,
        "nauc_recall_at_1000_max": 0.21106038261976584,
        "nauc_recall_at_1000_std": 0.2113736909729254,
        "nauc_recall_at_100_diff1": 0.036770646016969125,
        "nauc_recall_at_100_max": 0.21106038261976584,
        "nauc_recall_at_100_std": 0.2113736909729254,
        "nauc_recall_at_10_diff1": 0.22865106015858336,
        "nauc_recall_at_10_max": 0.2938700763551725,
        "nauc_recall_at_10_std": 0.04951846771764468,
        "nauc_recall_at_1_diff1": 0.12082358576175359,
        "nauc_recall_at_1_max": 0.12722258452026794,
        "nauc_recall_at_1_std": -0.1289642537897199,
        "nauc_recall_at_20_diff1": 0.1340970851736158,
        "nauc_recall_at_20_max": 0.31330790159368077,
        "nauc_recall_at_20_std": 0.14374840237493866,
        "nauc_recall_at_3_diff1": 0.10002226194309341,
        "nauc_recall_at_3_max": 0.15803552579401364,
        "nauc_recall_at_3_std": -0.014586303727994056,
        "nauc_recall_at_5_diff1": 0.21245868917643415,
        "nauc_recall_at_5_max": 0.2136321031508006,
        "nauc_recall_at_5_std": -0.016603461644360513,
        "ndcg_at_1": 0.10811,
        "ndcg_at_10": 0.08641,
        "ndcg_at_100": 0.12044,
        "ndcg_at_1000": 0.12044,
        "ndcg_at_20": 0.09957,
        "ndcg_at_3": 0.08321,
        "ndcg_at_5": 0.08111,
        "precision_at_1": 0.10811,
        "precision_at_10": 0.04144,
        "precision_at_100": 0.0091,
        "precision_at_1000": 0.00091,
        "precision_at_20": 0.02928,
        "precision_at_3": 0.07207,
        "precision_at_5": 0.05586,
        "recall_at_1": 0.02842,
        "recall_at_10": 0.09116,
        "recall_at_100": 0.1856,
        "recall_at_1000": 0.1856,
        "recall_at_20": 0.12125,
        "recall_at_3": 0.04934,
        "recall_at_5": 0.06767
      }
    ]
  },
  "task_name": "BrightRetrieval"
}