{
  "dataset_revision": "a75a0eb",
  "evaluation_time": 1765.8879466056824,
  "kg_co2_emissions": null,
  "mteb_version": "1.14.12",
  "scores": {
    "standard": [
      {
        "hf_subset": "economics",
        "languages": [
          "eng-Latn"
        ],
        "main_score": 0.19331,
        "map_at_1": 0.06322,
        "map_at_10": 0.11389,
        "map_at_100": 0.14835,
        "map_at_1000": 0.15421,
        "map_at_20": 0.12837,
        "map_at_3": 0.07897,
        "map_at_5": 0.09233,
        "mrr_at_1": 0.18446601941747573,
        "mrr_at_10": 0.23693943596856212,
        "mrr_at_100": 0.2465283427041641,
        "mrr_at_1000": 0.2474633805637113,
        "mrr_at_20": 0.24174796643235724,
        "mrr_at_3": 0.2135922330097087,
        "mrr_at_5": 0.22378640776699024,
        "nauc_map_at_1000_diff1": 0.0674190017133089,
        "nauc_map_at_1000_max": 0.044780143368817485,
        "nauc_map_at_1000_std": -0.07361861183748437,
        "nauc_map_at_100_diff1": 0.07608652383773001,
        "nauc_map_at_100_max": 0.03985083059972059,
        "nauc_map_at_100_std": -0.07870167218545533,
        "nauc_map_at_10_diff1": 0.1343419356714278,
        "nauc_map_at_10_max": -0.057428368024724445,
        "nauc_map_at_10_std": -0.1811860186900604,
        "nauc_map_at_1_diff1": 0.13353053538272874,
        "nauc_map_at_1_max": -0.11473568213758992,
        "nauc_map_at_1_std": -0.18270208583481867,
        "nauc_map_at_20_diff1": 0.11293504605500845,
        "nauc_map_at_20_max": -0.01182387576644436,
        "nauc_map_at_20_std": -0.13867719086112268,
        "nauc_map_at_3_diff1": 0.12985897660543116,
        "nauc_map_at_3_max": -0.0967307592743649,
        "nauc_map_at_3_std": -0.19016864008633386,
        "nauc_map_at_5_diff1": 0.15330920047507401,
        "nauc_map_at_5_max": -0.08252646627115041,
        "nauc_map_at_5_std": -0.19192094598299483,
        "nauc_mrr_at_1000_diff1": 0.07607004518569899,
        "nauc_mrr_at_1000_max": 0.08152649288587839,
        "nauc_mrr_at_1000_std": -0.10430914843636646,
        "nauc_mrr_at_100_diff1": 0.07647593958545462,
        "nauc_mrr_at_100_max": 0.08159074162753938,
        "nauc_mrr_at_100_std": -0.10406707915560802,
        "nauc_mrr_at_10_diff1": 0.07769412959863171,
        "nauc_mrr_at_10_max": 0.07989473667399596,
        "nauc_mrr_at_10_std": -0.11825667861243633,
        "nauc_mrr_at_1_diff1": 0.08102618306521252,
        "nauc_mrr_at_1_max": 0.051065960643703126,
        "nauc_mrr_at_1_std": -0.13919935244934947,
        "nauc_mrr_at_20_diff1": 0.0767715764564375,
        "nauc_mrr_at_20_max": 0.08045229572136187,
        "nauc_mrr_at_20_std": -0.10714012272127973,
        "nauc_mrr_at_3_diff1": 0.06806023193531398,
        "nauc_mrr_at_3_max": 0.0770786968218203,
        "nauc_mrr_at_3_std": -0.12456891814075066,
        "nauc_mrr_at_5_diff1": 0.06559646294199643,
        "nauc_mrr_at_5_max": 0.07473131590939745,
        "nauc_mrr_at_5_std": -0.11506687689430661,
        "nauc_ndcg_at_1000_diff1": 0.06392279088228994,
        "nauc_ndcg_at_1000_max": 0.12446104910927806,
        "nauc_ndcg_at_1000_std": -0.0026864094062115924,
        "nauc_ndcg_at_100_diff1": 0.08284925054177658,
        "nauc_ndcg_at_100_max": 0.10207821755349183,
        "nauc_ndcg_at_100_std": 0.0020660706787341146,
        "nauc_ndcg_at_10_diff1": 0.06606960428703537,
        "nauc_ndcg_at_10_max": 0.04369655626104894,
        "nauc_ndcg_at_10_std": -0.08917047981888811,
        "nauc_ndcg_at_1_diff1": 0.08102618306521252,
        "nauc_ndcg_at_1_max": 0.051065960643703126,
        "nauc_ndcg_at_1_std": -0.13919935244934947,
        "nauc_ndcg_at_20_diff1": 0.05913107281418089,
        "nauc_ndcg_at_20_max": 0.0660034031268655,
        "nauc_ndcg_at_20_std": -0.04097940054298703,
        "nauc_ndcg_at_3_diff1": 0.07902528833504308,
        "nauc_ndcg_at_3_max": 0.03969975796498187,
        "nauc_ndcg_at_3_std": -0.11914555000386755,
        "nauc_ndcg_at_5_diff1": 0.08717803274879869,
        "nauc_ndcg_at_5_max": 0.028819567749962492,
        "nauc_ndcg_at_5_std": -0.10240535702924297,
        "nauc_precision_at_1000_diff1": -0.19949969321010433,
        "nauc_precision_at_1000_max": 0.16542035285664528,
        "nauc_precision_at_1000_std": 0.17779794536099186,
        "nauc_precision_at_100_diff1": -0.19460542017613774,
        "nauc_precision_at_100_max": 0.26798380700039803,
        "nauc_precision_at_100_std": 0.23246679034611423,
        "nauc_precision_at_10_diff1": -0.03168438336269091,
        "nauc_precision_at_10_max": 0.18162964749282787,
        "nauc_precision_at_10_std": 0.02784106619258468,
        "nauc_precision_at_1_diff1": 0.08102618306521252,
        "nauc_precision_at_1_max": 0.051065960643703126,
        "nauc_precision_at_1_std": -0.13919935244934947,
        "nauc_precision_at_20_diff1": -0.11403653818535553,
        "nauc_precision_at_20_max": 0.24973993181451454,
        "nauc_precision_at_20_std": 0.1280798407384968,
        "nauc_precision_at_3_diff1": 0.09578929858499508,
        "nauc_precision_at_3_max": 0.10504942595696778,
        "nauc_precision_at_3_std": -0.09363987920593095,
        "nauc_precision_at_5_diff1": 0.060999905881391675,
        "nauc_precision_at_5_max": 0.13523801788527584,
        "nauc_precision_at_5_std": -0.022167472160368847,
        "nauc_recall_at_1000_diff1": 0.13059427273839777,
        "nauc_recall_at_1000_max": 0.3929518549847262,
        "nauc_recall_at_1000_std": 0.32742098006287174,
        "nauc_recall_at_100_diff1": 0.116338795028927,
        "nauc_recall_at_100_max": 0.18106937814341226,
        "nauc_recall_at_100_std": 0.21832755778616966,
        "nauc_recall_at_10_diff1": 0.10862327608083806,
        "nauc_recall_at_10_max": -0.020588443388146492,
        "nauc_recall_at_10_std": -0.10795280199274734,
        "nauc_recall_at_1_diff1": 0.13353053538272874,
        "nauc_recall_at_1_max": -0.11473568213758992,
        "nauc_recall_at_1_std": -0.18270208583481867,
        "nauc_recall_at_20_diff1": 0.06693901511293539,
        "nauc_recall_at_20_max": 0.03834877676943611,
        "nauc_recall_at_20_std": 0.018568940329420015,
        "nauc_recall_at_3_diff1": 0.1389662539003991,
        "nauc_recall_at_3_max": -0.10739416970706074,
        "nauc_recall_at_3_std": -0.1942495837037933,
        "nauc_recall_at_5_diff1": 0.1590928314429603,
        "nauc_recall_at_5_max": -0.08554752048407502,
        "nauc_recall_at_5_std": -0.17966504249174706,
        "ndcg_at_1": 0.18447,
        "ndcg_at_10": 0.19331,
        "ndcg_at_100": 0.26073,
        "ndcg_at_1000": 0.3206,
        "ndcg_at_20": 0.21092,
        "ndcg_at_3": 0.15503,
        "ndcg_at_5": 0.16715,
        "precision_at_1": 0.18447,
        "precision_at_10": 0.1,
        "precision_at_100": 0.03291,
        "precision_at_1000": 0.00585,
        "precision_at_20": 0.07718,
        "precision_at_3": 0.11327,
        "precision_at_5": 0.11456,
        "recall_at_1": 0.06322,
        "recall_at_10": 0.22396,
        "recall_at_100": 0.50941,
        "recall_at_1000": 0.79405,
        "recall_at_20": 0.30299,
        "recall_at_3": 0.09286,
        "recall_at_5": 0.12127
      }
    ]
  },
  "task_name": "BrightRetrieval"
}