{
  "dataset_revision": "a75a0eb",
  "evaluation_time": 9733.652074813843,
  "kg_co2_emissions": null,
  "mteb_version": "1.14.12",
  "scores": {
    "standard": [
      {
        "hf_subset": "leetcode",
        "languages": [
          "eng-Latn"
        ],
        "main_score": 0.16716,
        "map_at_1": 0.00587,
        "map_at_10": 0.10259,
        "map_at_100": 0.11972,
        "map_at_1000": 0.12179,
        "map_at_20": 0.11266,
        "map_at_3": 0.06467,
        "map_at_5": 0.08912,
        "mrr_at_1": 0.014084507042253521,
        "mrr_at_10": 0.15187513972725236,
        "mrr_at_100": 0.16484817368892027,
        "mrr_at_1000": 0.1658790310939023,
        "mrr_at_20": 0.15968548532021473,
        "mrr_at_3": 0.11737089201877936,
        "mrr_at_5": 0.1413145539906103,
        "nauc_map_at_1000_diff1": -0.16529745444567823,
        "nauc_map_at_1000_max": -0.14054601451753942,
        "nauc_map_at_1000_std": 0.03575701552545107,
        "nauc_map_at_100_diff1": -0.15910941788795363,
        "nauc_map_at_100_max": -0.13829969457341587,
        "nauc_map_at_100_std": 0.03365174422920879,
        "nauc_map_at_10_diff1": -0.16645397148504618,
        "nauc_map_at_10_max": -0.14611085845782693,
        "nauc_map_at_10_std": 0.010406959591171043,
        "nauc_map_at_1_diff1": -0.5706102875384583,
        "nauc_map_at_1_max": -0.5706102875384583,
        "nauc_map_at_1_std": 0.0974165199655502,
        "nauc_map_at_20_diff1": -0.16764356643439915,
        "nauc_map_at_20_max": -0.14217593877205514,
        "nauc_map_at_20_std": 0.03465187445412602,
        "nauc_map_at_3_diff1": -0.2204276104909033,
        "nauc_map_at_3_max": -0.14248026375504197,
        "nauc_map_at_3_std": -6.037849937514724e-05,
        "nauc_map_at_5_diff1": -0.17560862980426714,
        "nauc_map_at_5_max": -0.15873131499299103,
        "nauc_map_at_5_std": 0.020506672063904073,
        "nauc_mrr_at_1000_diff1": -0.2307443831687424,
        "nauc_mrr_at_1000_max": -0.11891641620754713,
        "nauc_mrr_at_1000_std": 0.04447094257759806,
        "nauc_mrr_at_100_diff1": -0.22820387956802943,
        "nauc_mrr_at_100_max": -0.11779670635352064,
        "nauc_mrr_at_100_std": 0.0437845322169784,
        "nauc_mrr_at_10_diff1": -0.2374733176448458,
        "nauc_mrr_at_10_max": -0.12441333536832722,
        "nauc_mrr_at_10_std": 0.03547184628612308,
        "nauc_mrr_at_1_diff1": -0.5706102875384583,
        "nauc_mrr_at_1_max": -0.5706102875384583,
        "nauc_mrr_at_1_std": 0.09741651996555017,
        "nauc_mrr_at_20_diff1": -0.2379868613946833,
        "nauc_mrr_at_20_max": -0.11600658675998664,
        "nauc_mrr_at_20_std": 0.048686869954229606,
        "nauc_mrr_at_3_diff1": -0.30085127524676253,
        "nauc_mrr_at_3_max": -0.12070268783720951,
        "nauc_mrr_at_3_std": 0.04664267045885124,
        "nauc_mrr_at_5_diff1": -0.23812625697369824,
        "nauc_mrr_at_5_max": -0.13142531853747347,
        "nauc_mrr_at_5_std": 0.040646365339032556,
        "nauc_ndcg_at_1000_diff1": -0.19179587342858673,
        "nauc_ndcg_at_1000_max": -0.123020004466021,
        "nauc_ndcg_at_1000_std": 0.07319246876522528,
        "nauc_ndcg_at_100_diff1": -0.12026520733521417,
        "nauc_ndcg_at_100_max": -0.09580987150698954,
        "nauc_ndcg_at_100_std": 0.050827080746367125,
        "nauc_ndcg_at_10_diff1": -0.16867684130438887,
        "nauc_ndcg_at_10_max": -0.12976430987611112,
        "nauc_ndcg_at_10_std": 0.007869561114774572,
        "nauc_ndcg_at_1_diff1": -0.5706102875384583,
        "nauc_ndcg_at_1_max": -0.5706102875384583,
        "nauc_ndcg_at_1_std": 0.09741651996555017,
        "nauc_ndcg_at_20_diff1": -0.159577373543267,
        "nauc_ndcg_at_20_max": -0.1165847716488601,
        "nauc_ndcg_at_20_std": 0.06535355485639156,
        "nauc_ndcg_at_3_diff1": -0.25010910774870265,
        "nauc_ndcg_at_3_max": -0.12279842606394271,
        "nauc_ndcg_at_3_std": 0.020581675643961305,
        "nauc_ndcg_at_5_diff1": -0.16900566100964814,
        "nauc_ndcg_at_5_max": -0.14605767945035983,
        "nauc_ndcg_at_5_std": 0.0226050397696484,
        "nauc_precision_at_1000_diff1": -0.20495384783593498,
        "nauc_precision_at_1000_max": 0.01563402279916831,
        "nauc_precision_at_1000_std": 0.0923393237807137,
        "nauc_precision_at_100_diff1": -0.09863284550696017,
        "nauc_precision_at_100_max": 0.005647059819258934,
        "nauc_precision_at_100_std": 0.0848674447138232,
        "nauc_precision_at_10_diff1": -0.17936108046756863,
        "nauc_precision_at_10_max": -0.10104266740407662,
        "nauc_precision_at_10_std": 0.07187959677029336,
        "nauc_precision_at_1_diff1": -0.5706102875384583,
        "nauc_precision_at_1_max": -0.5706102875384583,
        "nauc_precision_at_1_std": 0.09741651996555017,
        "nauc_precision_at_20_diff1": -0.15520643061396644,
        "nauc_precision_at_20_max": -0.06026311998802277,
        "nauc_precision_at_20_std": 0.14442556035455062,
        "nauc_precision_at_3_diff1": -0.299602107513838,
        "nauc_precision_at_3_max": -0.10415428968236727,
        "nauc_precision_at_3_std": 0.04375987558458976,
        "nauc_precision_at_5_diff1": -0.19555450635714022,
        "nauc_precision_at_5_max": -0.11776676622452432,
        "nauc_precision_at_5_std": 0.08119474196464335,
        "nauc_recall_at_1000_diff1": -0.4527380692942528,
        "nauc_recall_at_1000_max": -0.23470892719378286,
        "nauc_recall_at_1000_std": 0.41817011188756,
        "nauc_recall_at_100_diff1": 0.04175143492717956,
        "nauc_recall_at_100_max": -0.004520710768149708,
        "nauc_recall_at_100_std": 0.055094650293517206,
        "nauc_recall_at_10_diff1": -0.12020689655668815,
        "nauc_recall_at_10_max": -0.10567051799604485,
        "nauc_recall_at_10_std": -0.033087307680760424,
        "nauc_recall_at_1_diff1": -0.5706102875384583,
        "nauc_recall_at_1_max": -0.5706102875384583,
        "nauc_recall_at_1_std": 0.0974165199655502,
        "nauc_recall_at_20_diff1": -0.09071568116179071,
        "nauc_recall_at_20_max": -0.08076026389580793,
        "nauc_recall_at_20_std": 0.09264573054991311,
        "nauc_recall_at_3_diff1": -0.1845427386979704,
        "nauc_recall_at_3_max": -0.10698417320471536,
        "nauc_recall_at_3_std": -0.013466732575739208,
        "nauc_recall_at_5_diff1": -0.1092914459487101,
        "nauc_recall_at_5_max": -0.13754165521730713,
        "nauc_recall_at_5_std": -0.0006984376750559457,
        "ndcg_at_1": 0.01408,
        "ndcg_at_10": 0.16716,
        "ndcg_at_100": 0.24516,
        "ndcg_at_1000": 0.28923,
        "ndcg_at_20": 0.19942,
        "ndcg_at_3": 0.10102,
        "ndcg_at_5": 0.13777,
        "precision_at_1": 0.01408,
        "precision_at_10": 0.05634,
        "precision_at_100": 0.01162,
        "precision_at_1000": 0.00172,
        "precision_at_20": 0.03732,
        "precision_at_3": 0.08451,
        "precision_at_5": 0.0831,
        "recall_at_1": 0.00587,
        "recall_at_10": 0.29812,
        "recall_at_100": 0.62465,
        "recall_at_1000": 0.92547,
        "recall_at_20": 0.41303,
        "recall_at_3": 0.13404,
        "recall_at_5": 0.21901
      }
    ]
  },
  "task_name": "BrightRetrieval"
}