{
  "dataset_revision": "3066d29",
  "evaluation_time": 466.4604117870331,
  "kg_co2_emissions": null,
  "mteb_version": "1.14.12",
  "scores": {
    "standard": [
      {
        "hf_subset": "theoremqa_theorems",
        "languages": [
          "eng-Latn"
        ],
        "main_score": 0.36344,
        "map_at_1": 0.19925,
        "map_at_10": 0.30732,
        "map_at_100": 0.3229,
        "map_at_1000": 0.32343,
        "map_at_20": 0.31542,
        "map_at_3": 0.28081,
        "map_at_5": 0.29477,
        "mrr_at_1": 0.3815789473684211,
        "mrr_at_10": 0.4226869256474519,
        "mrr_at_100": 0.4321923008606932,
        "mrr_at_1000": 0.43231527183954216,
        "mrr_at_20": 0.4261289812449785,
        "mrr_at_3": 0.40131578947368424,
        "mrr_at_5": 0.40986842105263155,
        "nauc_map_at_1000_diff1": 0.14835547558428117,
        "nauc_map_at_1000_max": -0.03363154629330099,
        "nauc_map_at_1000_std": -0.06951485022628875,
        "nauc_map_at_100_diff1": 0.1477449154032486,
        "nauc_map_at_100_max": -0.03379867077900787,
        "nauc_map_at_100_std": -0.06940866449317243,
        "nauc_map_at_10_diff1": 0.1472142983581093,
        "nauc_map_at_10_max": -0.035034893192104136,
        "nauc_map_at_10_std": -0.07405325392742128,
        "nauc_map_at_1_diff1": 0.3279768010371967,
        "nauc_map_at_1_max": 0.051678880868227896,
        "nauc_map_at_1_std": -0.10507868314631236,
        "nauc_map_at_20_diff1": 0.14894262702380956,
        "nauc_map_at_20_max": -0.0381781079740696,
        "nauc_map_at_20_std": -0.07582182374961517,
        "nauc_map_at_3_diff1": 0.15275197488184444,
        "nauc_map_at_3_max": -0.024040877084642757,
        "nauc_map_at_3_std": -0.09286458058232923,
        "nauc_map_at_5_diff1": 0.140372947556751,
        "nauc_map_at_5_max": -0.020037746913436592,
        "nauc_map_at_5_std": -0.09241727367477542,
        "nauc_mrr_at_1000_diff1": 0.23505139534207947,
        "nauc_mrr_at_1000_max": 0.07399451517596109,
        "nauc_mrr_at_1000_std": -0.06968133846211712,
        "nauc_mrr_at_100_diff1": 0.2351737563350734,
        "nauc_mrr_at_100_max": 0.07432250442996961,
        "nauc_mrr_at_100_std": -0.06930961044802361,
        "nauc_mrr_at_10_diff1": 0.23878115527964186,
        "nauc_mrr_at_10_max": 0.0759153608968047,
        "nauc_mrr_at_10_std": -0.07209451053386913,
        "nauc_mrr_at_1_diff1": 0.23984735254708928,
        "nauc_mrr_at_1_max": 0.1405192188510452,
        "nauc_mrr_at_1_std": -0.039476329006250636,
        "nauc_mrr_at_20_diff1": 0.23786757658438593,
        "nauc_mrr_at_20_max": 0.0728662514114422,
        "nauc_mrr_at_20_std": -0.06871983129836716,
        "nauc_mrr_at_3_diff1": 0.24672717157163654,
        "nauc_mrr_at_3_max": 0.1069995245253553,
        "nauc_mrr_at_3_std": -0.07600375930113808,
        "nauc_mrr_at_5_diff1": 0.22908134328579582,
        "nauc_mrr_at_5_max": 0.08797912669351056,
        "nauc_mrr_at_5_std": -0.08892103208110562,
        "nauc_ndcg_at_1000_diff1": 0.16306657073337347,
        "nauc_ndcg_at_1000_max": -0.04912177978996661,
        "nauc_ndcg_at_1000_std": -0.05461323517985828,
        "nauc_ndcg_at_100_diff1": 0.15603572231822707,
        "nauc_ndcg_at_100_max": -0.04831959604209485,
        "nauc_ndcg_at_100_std": -0.051551228171126465,
        "nauc_ndcg_at_10_diff1": 0.16416965418013899,
        "nauc_ndcg_at_10_max": -0.04820099818357304,
        "nauc_ndcg_at_10_std": -0.06610585617530264,
        "nauc_ndcg_at_1_diff1": 0.23984735254708928,
        "nauc_ndcg_at_1_max": 0.1405192188510452,
        "nauc_ndcg_at_1_std": -0.039476329006250636,
        "nauc_ndcg_at_20_diff1": 0.16564286418890214,
        "nauc_ndcg_at_20_max": -0.061521353349431,
        "nauc_ndcg_at_20_std": -0.07161767814214338,
        "nauc_ndcg_at_3_diff1": 0.1771244593213111,
        "nauc_ndcg_at_3_max": 0.02937400182597777,
        "nauc_ndcg_at_3_std": -0.07686028796420814,
        "nauc_ndcg_at_5_diff1": 0.14899437047682068,
        "nauc_ndcg_at_5_max": -0.004806689720098266,
        "nauc_ndcg_at_5_std": -0.09949005092264808,
        "nauc_precision_at_1000_diff1": 0.0019009512441955203,
        "nauc_precision_at_1000_max": 0.07048285567036978,
        "nauc_precision_at_1000_std": 0.1239050771945519,
        "nauc_precision_at_100_diff1": -0.024431554074133305,
        "nauc_precision_at_100_max": 0.08233410522028968,
        "nauc_precision_at_100_std": 0.1547110712349156,
        "nauc_precision_at_10_diff1": 0.011753837428360482,
        "nauc_precision_at_10_max": -0.002256970802682825,
        "nauc_precision_at_10_std": 0.07263491366339934,
        "nauc_precision_at_1_diff1": 0.23984735254708928,
        "nauc_precision_at_1_max": 0.1405192188510452,
        "nauc_precision_at_1_std": -0.039476329006250636,
        "nauc_precision_at_20_diff1": 0.0059912446503862845,
        "nauc_precision_at_20_max": -0.014664362482671445,
        "nauc_precision_at_20_std": 0.06200913580035171,
        "nauc_precision_at_3_diff1": 0.007816627661330192,
        "nauc_precision_at_3_max": 0.03463865273846372,
        "nauc_precision_at_3_std": -0.018921234196983973,
        "nauc_precision_at_5_diff1": -0.016723695752007727,
        "nauc_precision_at_5_max": 0.05044329307722745,
        "nauc_precision_at_5_std": -0.019444676266385245,
        "nauc_recall_at_1000_diff1": 0.08776794920614783,
        "nauc_recall_at_1000_max": -0.3324566802046898,
        "nauc_recall_at_1000_std": -0.0015669217644079126,
        "nauc_recall_at_100_diff1": 0.036691918098748506,
        "nauc_recall_at_100_max": -0.30705535047015947,
        "nauc_recall_at_100_std": 0.012654420210963153,
        "nauc_recall_at_10_diff1": 0.12168089853589112,
        "nauc_recall_at_10_max": -0.19323569121438003,
        "nauc_recall_at_10_std": -0.05013682094167427,
        "nauc_recall_at_1_diff1": 0.3279768010371967,
        "nauc_recall_at_1_max": 0.051678880868227896,
        "nauc_recall_at_1_std": -0.10507868314631236,
        "nauc_recall_at_20_diff1": 0.12855318888306877,
        "nauc_recall_at_20_max": -0.2578777400504064,
        "nauc_recall_at_20_std": -0.08292341294687053,
        "nauc_recall_at_3_diff1": 0.14388696926911682,
        "nauc_recall_at_3_max": -0.04986212439648009,
        "nauc_recall_at_3_std": -0.1029122319371512,
        "nauc_recall_at_5_diff1": 0.0800066759556453,
        "nauc_recall_at_5_max": -0.09959642780903823,
        "nauc_recall_at_5_std": -0.13298158575055485,
        "ndcg_at_1": 0.38158,
        "ndcg_at_10": 0.36344,
        "ndcg_at_100": 0.43553,
        "ndcg_at_1000": 0.44121,
        "ndcg_at_20": 0.38763,
        "ndcg_at_3": 0.32504,
        "ndcg_at_5": 0.33686,
        "precision_at_1": 0.38158,
        "precision_at_10": 0.08158,
        "precision_at_100": 0.01395,
        "precision_at_1000": 0.00147,
        "precision_at_20": 0.04868,
        "precision_at_3": 0.20614,
        "precision_at_5": 0.13947,
        "recall_at_1": 0.19925,
        "recall_at_10": 0.4234,
        "recall_at_100": 0.72791,
        "recall_at_1000": 0.75752,
        "recall_at_20": 0.50674,
        "recall_at_3": 0.30639,
        "recall_at_5": 0.34665
      }
    ]
  },
  "task_name": "BrightTheoremqaTheorems"
}