{
  "dataset_revision": "a75a0eb",
  "evaluation_time": 8296.35371351242,
  "kg_co2_emissions": null,
  "mteb_version": "1.14.12",
  "scores": {
    "standard": [
      {
        "hf_subset": "leetcode",
        "languages": [
          "eng-Latn"
        ],
        "main_score": 0.3378,
        "map_at_1": 0.17582,
        "map_at_10": 0.27185,
        "map_at_100": 0.28725,
        "map_at_1000": 0.28725,
        "map_at_20": 0.28188,
        "map_at_3": 0.23243,
        "map_at_5": 0.25289,
        "mrr_at_1": 0.3028169014084507,
        "mrr_at_10": 0.3748854236530294,
        "mrr_at_100": 0.38412130585571264,
        "mrr_at_1000": 0.38412130585571264,
        "mrr_at_20": 0.3814477446612363,
        "mrr_at_3": 0.34741784037558693,
        "mrr_at_5": 0.35903755868544607,
        "nauc_map_at_1000_diff1": 0.3337906168204916,
        "nauc_map_at_1000_max": 0.10212806073112836,
        "nauc_map_at_1000_std": -0.029680022787407064,
        "nauc_map_at_100_diff1": 0.3337906168204916,
        "nauc_map_at_100_max": 0.10212806073112836,
        "nauc_map_at_100_std": -0.029680022787407064,
        "nauc_map_at_10_diff1": 0.328265355760106,
        "nauc_map_at_10_max": 0.09216419258077123,
        "nauc_map_at_10_std": -0.024707023608289833,
        "nauc_map_at_1_diff1": 0.36638990038402924,
        "nauc_map_at_1_max": 0.08483908596451158,
        "nauc_map_at_1_std": -0.10251441119696328,
        "nauc_map_at_20_diff1": 0.3351902045621247,
        "nauc_map_at_20_max": 0.09925866599102741,
        "nauc_map_at_20_std": -0.02536026496194378,
        "nauc_map_at_3_diff1": 0.35467309403492403,
        "nauc_map_at_3_max": 0.0994991670587362,
        "nauc_map_at_3_std": -0.05001741859135739,
        "nauc_map_at_5_diff1": 0.35895468490612287,
        "nauc_map_at_5_max": 0.08624609661643833,
        "nauc_map_at_5_std": -0.04043626962580384,
        "nauc_mrr_at_1000_diff1": 0.4205349237856771,
        "nauc_mrr_at_1000_max": 0.09663949362673593,
        "nauc_mrr_at_1000_std": -0.04387886676520619,
        "nauc_mrr_at_100_diff1": 0.4205349237856771,
        "nauc_mrr_at_100_max": 0.09663949362673593,
        "nauc_mrr_at_100_std": -0.04387886676520619,
        "nauc_mrr_at_10_diff1": 0.41302570666548827,
        "nauc_mrr_at_10_max": 0.09153096407032235,
        "nauc_mrr_at_10_std": -0.043697613946343104,
        "nauc_mrr_at_1_diff1": 0.46163784663464025,
        "nauc_mrr_at_1_max": 0.12551651679220896,
        "nauc_mrr_at_1_std": -0.070805937528664,
        "nauc_mrr_at_20_diff1": 0.41854417017738477,
        "nauc_mrr_at_20_max": 0.0958753002034472,
        "nauc_mrr_at_20_std": -0.041145566241703284,
        "nauc_mrr_at_3_diff1": 0.4548153011199072,
        "nauc_mrr_at_3_max": 0.11560955645841184,
        "nauc_mrr_at_3_std": -0.059350798605658485,
        "nauc_mrr_at_5_diff1": 0.43577147876011135,
        "nauc_mrr_at_5_max": 0.10072163037302015,
        "nauc_mrr_at_5_std": -0.04781749729585066,
        "nauc_ndcg_at_1000_diff1": 0.3404598963360009,
        "nauc_ndcg_at_1000_max": 0.10418840579458358,
        "nauc_ndcg_at_1000_std": -0.01569695507901335,
        "nauc_ndcg_at_100_diff1": 0.3404598963360009,
        "nauc_ndcg_at_100_max": 0.10418840579458358,
        "nauc_ndcg_at_100_std": -0.01569695507901335,
        "nauc_ndcg_at_10_diff1": 0.3142615618277766,
        "nauc_ndcg_at_10_max": 0.07522994685442705,
        "nauc_ndcg_at_10_std": 0.008439817372237849,
        "nauc_ndcg_at_1_diff1": 0.46163784663464025,
        "nauc_ndcg_at_1_max": 0.12551651679220896,
        "nauc_ndcg_at_1_std": -0.070805937528664,
        "nauc_ndcg_at_20_diff1": 0.3379896619329147,
        "nauc_ndcg_at_20_max": 0.09252472582776979,
        "nauc_ndcg_at_20_std": 0.011826354914839186,
        "nauc_ndcg_at_3_diff1": 0.3868058375037612,
        "nauc_ndcg_at_3_max": 0.12976542553902146,
        "nauc_ndcg_at_3_std": -0.04484076352751641,
        "nauc_ndcg_at_5_diff1": 0.373481898936831,
        "nauc_ndcg_at_5_max": 0.08131084153606247,
        "nauc_ndcg_at_5_std": -0.02215088791772945,
        "nauc_precision_at_1000_diff1": 0.13861499367427033,
        "nauc_precision_at_1000_max": 0.16932323394141058,
        "nauc_precision_at_1000_std": -0.07207275257947786,
        "nauc_precision_at_100_diff1": 0.13861499367426974,
        "nauc_precision_at_100_max": 0.16932323394141047,
        "nauc_precision_at_100_std": -0.07207275257947816,
        "nauc_precision_at_10_diff1": 0.16772342052948278,
        "nauc_precision_at_10_max": 0.09875920403610335,
        "nauc_precision_at_10_std": 0.04215174678336401,
        "nauc_precision_at_1_diff1": 0.46163784663464025,
        "nauc_precision_at_1_max": 0.12551651679220896,
        "nauc_precision_at_1_std": -0.070805937528664,
        "nauc_precision_at_20_diff1": 0.19361563934750792,
        "nauc_precision_at_20_max": 0.14242873006373466,
        "nauc_precision_at_20_std": 0.03239418715283888,
        "nauc_precision_at_3_diff1": 0.33517409992214975,
        "nauc_precision_at_3_max": 0.15610427283974826,
        "nauc_precision_at_3_std": -0.015728811112965833,
        "nauc_precision_at_5_diff1": 0.32693240040663957,
        "nauc_precision_at_5_max": 0.11426219164727333,
        "nauc_precision_at_5_std": 0.007044478626087531,
        "nauc_recall_at_1000_diff1": 0.24538430885258292,
        "nauc_recall_at_1000_max": 0.10139653442067452,
        "nauc_recall_at_1000_std": 0.03857260432717325,
        "nauc_recall_at_100_diff1": 0.24538430885258292,
        "nauc_recall_at_100_max": 0.10139653442067452,
        "nauc_recall_at_100_std": 0.03857260432717325,
        "nauc_recall_at_10_diff1": 0.17351361064152604,
        "nauc_recall_at_10_max": 0.02224020233048677,
        "nauc_recall_at_10_std": 0.12050579635337844,
        "nauc_recall_at_1_diff1": 0.36638990038402924,
        "nauc_recall_at_1_max": 0.08483908596451158,
        "nauc_recall_at_1_std": -0.10251441119696328,
        "nauc_recall_at_20_diff1": 0.2446912916472422,
        "nauc_recall_at_20_max": 0.0613225101468562,
        "nauc_recall_at_20_std": 0.1482896238037136,
        "nauc_recall_at_3_diff1": 0.3446448272238949,
        "nauc_recall_at_3_max": 0.08804090918959524,
        "nauc_recall_at_3_std": 0.008431952942128111,
        "nauc_recall_at_5_diff1": 0.3195575464053002,
        "nauc_recall_at_5_max": 0.03425790386143019,
        "nauc_recall_at_5_std": 0.031502521772362645,
        "ndcg_at_1": 0.30282,
        "ndcg_at_10": 0.3378,
        "ndcg_at_100": 0.39655,
        "ndcg_at_1000": 0.39655,
        "ndcg_at_20": 0.3693,
        "ndcg_at_3": 0.28058,
        "ndcg_at_5": 0.29957,
        "precision_at_1": 0.30282,
        "precision_at_10": 0.08099,
        "precision_at_100": 0.01218,
        "precision_at_1000": 0.00122,
        "precision_at_20": 0.04965,
        "precision_at_3": 0.17371,
        "precision_at_5": 0.12535,
        "recall_at_1": 0.17582,
        "recall_at_10": 0.43756,
        "recall_at_100": 0.66631,
        "recall_at_1000": 0.66631,
        "recall_at_20": 0.54695,
        "recall_at_3": 0.27911,
        "recall_at_5": 0.3365
      }
    ]
  },
  "task_name": "BrightRetrieval"
}