{
  "dataset_revision": "3066d29",
  "evaluation_time": 915.7252552509308,
  "kg_co2_emissions": null,
  "mteb_version": "1.14.12",
  "scores": {
    "standard": [
      {
        "hf_subset": "theoremqa_theorems",
        "languages": [
          "eng-Latn"
        ],
        "main_score": 0.05588,
        "map_at_1": 0.00658,
        "map_at_10": 0.03482,
        "map_at_100": 0.04469,
        "map_at_1000": 0.0457,
        "map_at_20": 0.03925,
        "map_at_3": 0.02394,
        "map_at_5": 0.02855,
        "mrr_at_1": 0.013157894736842105,
        "mrr_at_10": 0.05275689223057644,
        "mrr_at_100": 0.06307321907247909,
        "mrr_at_1000": 0.0638380555349553,
        "mrr_at_20": 0.05642661969093858,
        "mrr_at_3": 0.041666666666666664,
        "mrr_at_5": 0.04429824561403509,
        "nauc_map_at_1000_diff1": 0.23964877480971944,
        "nauc_map_at_1000_max": 0.31482676106660057,
        "nauc_map_at_1000_std": 0.006524880077439397,
        "nauc_map_at_100_diff1": 0.23830086956186367,
        "nauc_map_at_100_max": 0.31912515747794507,
        "nauc_map_at_100_std": 0.009379946094881355,
        "nauc_map_at_10_diff1": 0.2633117292824471,
        "nauc_map_at_10_max": 0.30617928414290674,
        "nauc_map_at_10_std": -0.06542164947010429,
        "nauc_map_at_1_diff1": -0.4201888223122977,
        "nauc_map_at_1_max": 0.32781123766639125,
        "nauc_map_at_1_std": -0.5820310166216309,
        "nauc_map_at_20_diff1": 0.2417577078196343,
        "nauc_map_at_20_max": 0.34432364104216406,
        "nauc_map_at_20_std": -0.014273705383589193,
        "nauc_map_at_3_diff1": 0.43062819920804546,
        "nauc_map_at_3_max": 0.303483677030571,
        "nauc_map_at_3_std": -0.09193882442161821,
        "nauc_map_at_5_diff1": 0.28590443005734245,
        "nauc_map_at_5_max": 0.32340041648568135,
        "nauc_map_at_5_std": -0.09808287002830565,
        "nauc_mrr_at_1000_diff1": 0.2103392136980722,
        "nauc_mrr_at_1000_max": 0.1740697124843983,
        "nauc_mrr_at_1000_std": -0.04170756073774635,
        "nauc_mrr_at_100_diff1": 0.20855119008253817,
        "nauc_mrr_at_100_max": 0.17630086512901375,
        "nauc_mrr_at_100_std": -0.04060298837674353,
        "nauc_mrr_at_10_diff1": 0.22710057060976085,
        "nauc_mrr_at_10_max": 0.19694325043572627,
        "nauc_mrr_at_10_std": -0.04748445407778097,
        "nauc_mrr_at_1_diff1": -0.4201888223122977,
        "nauc_mrr_at_1_max": 0.32781123766639125,
        "nauc_mrr_at_1_std": -0.5820310166216309,
        "nauc_mrr_at_20_diff1": 0.21453266071717586,
        "nauc_mrr_at_20_max": 0.19164827411382657,
        "nauc_mrr_at_20_std": -0.06304182017027422,
        "nauc_mrr_at_3_diff1": 0.29589069128951556,
        "nauc_mrr_at_3_max": 0.19530803742221384,
        "nauc_mrr_at_3_std": -0.1037804867739141,
        "nauc_mrr_at_5_diff1": 0.24373692646311063,
        "nauc_mrr_at_5_max": 0.22378958211382774,
        "nauc_mrr_at_5_std": -0.03820936874774109,
        "nauc_ndcg_at_1000_diff1": 0.19580672910293168,
        "nauc_ndcg_at_1000_max": 0.17949020071081737,
        "nauc_ndcg_at_1000_std": 0.08269307897635449,
        "nauc_ndcg_at_100_diff1": 0.17574562157566068,
        "nauc_ndcg_at_100_max": 0.2161590682928712,
        "nauc_ndcg_at_100_std": 0.10081843952794144,
        "nauc_ndcg_at_10_diff1": 0.2521354626125019,
        "nauc_ndcg_at_10_max": 0.274456313666279,
        "nauc_ndcg_at_10_std": -0.009113264373840472,
        "nauc_ndcg_at_1_diff1": -0.4201888223122977,
        "nauc_ndcg_at_1_max": 0.32781123766639125,
        "nauc_ndcg_at_1_std": -0.5820310166216309,
        "nauc_ndcg_at_20_diff1": 0.21552064736745633,
        "nauc_ndcg_at_20_max": 0.30893877894134447,
        "nauc_ndcg_at_20_std": 0.026087981922189193,
        "nauc_ndcg_at_3_diff1": 0.4499447580588642,
        "nauc_ndcg_at_3_max": 0.2556295998085022,
        "nauc_ndcg_at_3_std": -0.06421260711951368,
        "nauc_ndcg_at_5_diff1": 0.2887124491182366,
        "nauc_ndcg_at_5_max": 0.3070802666233073,
        "nauc_ndcg_at_5_std": -0.026927677105962413,
        "nauc_precision_at_1000_diff1": 0.04813620220756557,
        "nauc_precision_at_1000_max": -0.06330331574290408,
        "nauc_precision_at_1000_std": 0.1420564228121869,
        "nauc_precision_at_100_diff1": 0.028919707625264246,
        "nauc_precision_at_100_max": 0.002710144671282174,
        "nauc_precision_at_100_std": 0.14964504427611974,
        "nauc_precision_at_10_diff1": 0.15664090817710138,
        "nauc_precision_at_10_max": 0.20305630538579136,
        "nauc_precision_at_10_std": 0.02468303440983099,
        "nauc_precision_at_1_diff1": -0.4201888223122977,
        "nauc_precision_at_1_max": 0.32781123766639125,
        "nauc_precision_at_1_std": -0.5820310166216309,
        "nauc_precision_at_20_diff1": 0.1303395121408409,
        "nauc_precision_at_20_max": 0.2313083738379719,
        "nauc_precision_at_20_std": 0.06632080137315804,
        "nauc_precision_at_3_diff1": 0.41457226550696585,
        "nauc_precision_at_3_max": 0.15667418635920224,
        "nauc_precision_at_3_std": -0.030243137804670646,
        "nauc_precision_at_5_diff1": 0.18565171926348337,
        "nauc_precision_at_5_max": 0.24282546611074854,
        "nauc_precision_at_5_std": 0.0295637695687931,
        "nauc_recall_at_1000_diff1": 0.15885912259343404,
        "nauc_recall_at_1000_max": 0.0663415608788739,
        "nauc_recall_at_1000_std": 0.13251411369426688,
        "nauc_recall_at_100_diff1": 0.10963659639671977,
        "nauc_recall_at_100_max": 0.16248284116787437,
        "nauc_recall_at_100_std": 0.19493662378409476,
        "nauc_recall_at_10_diff1": 0.27024727234776846,
        "nauc_recall_at_10_max": 0.2986993156154192,
        "nauc_recall_at_10_std": 0.05271233368914219,
        "nauc_recall_at_1_diff1": -0.4201888223122977,
        "nauc_recall_at_1_max": 0.32781123766639125,
        "nauc_recall_at_1_std": -0.5820310166216309,
        "nauc_recall_at_20_diff1": 0.20199309570929927,
        "nauc_recall_at_20_max": 0.3499867312515381,
        "nauc_recall_at_20_std": 0.0855900904911307,
        "nauc_recall_at_3_diff1": 0.5759297489040784,
        "nauc_recall_at_3_max": 0.3071674714984174,
        "nauc_recall_at_3_std": -0.01573333721922009,
        "nauc_recall_at_5_diff1": 0.3409392758049418,
        "nauc_recall_at_5_max": 0.3495191443421196,
        "nauc_recall_at_5_std": 0.03329600726988632,
        "ndcg_at_1": 0.01316,
        "ndcg_at_10": 0.05588,
        "ndcg_at_100": 0.1114,
        "ndcg_at_1000": 0.12847,
        "ndcg_at_20": 0.06933,
        "ndcg_at_3": 0.03502,
        "ndcg_at_5": 0.04096,
        "precision_at_1": 0.01316,
        "precision_at_10": 0.01842,
        "precision_at_100": 0.00632,
        "precision_at_1000": 0.0008,
        "precision_at_20": 0.01316,
        "precision_at_3": 0.02632,
        "precision_at_5": 0.02105,
        "recall_at_1": 0.00658,
        "recall_at_10": 0.09539,
        "recall_at_100": 0.33553,
        "recall_at_1000": 0.44298,
        "recall_at_20": 0.13925,
        "recall_at_3": 0.04715,
        "recall_at_5": 0.06031
      }
    ]
  },
  "task_name": "BrightTheoremqaTheorems"
}