{
  "dataset_revision": "3066d29",
  "evaluation_time": 23657.023631334305,
  "kg_co2_emissions": null,
  "mteb_version": "1.14.12",
  "scores": {
    "standard": [
      {
        "hf_subset": "leetcode",
        "languages": [
          "eng-Latn"
        ],
        "main_score": 0.30384,
        "map_at_1": 0.16549,
        "map_at_10": 0.24904,
        "map_at_100": 0.26264,
        "map_at_1000": 0.26293,
        "map_at_20": 0.25668,
        "map_at_3": 0.21352,
        "map_at_5": 0.23547,
        "mrr_at_1": 0.2887323943661972,
        "mrr_at_10": 0.3474625530963561,
        "mrr_at_100": 0.3559500257542381,
        "mrr_at_1000": 0.35615202301676313,
        "mrr_at_20": 0.35260177316929614,
        "mrr_at_3": 0.323943661971831,
        "mrr_at_5": 0.33767605633802816,
        "nauc_map_at_1000_diff1": 0.32840107989221046,
        "nauc_map_at_1000_max": 0.36219330538738836,
        "nauc_map_at_1000_std": -0.1077024319710119,
        "nauc_map_at_100_diff1": 0.3279055625482166,
        "nauc_map_at_100_max": 0.36269757075774023,
        "nauc_map_at_100_std": -0.1072180671856531,
        "nauc_map_at_10_diff1": 0.32671656665445303,
        "nauc_map_at_10_max": 0.3529595154004631,
        "nauc_map_at_10_std": -0.11405880951738669,
        "nauc_map_at_1_diff1": 0.34762184017312436,
        "nauc_map_at_1_max": 0.22261986895559463,
        "nauc_map_at_1_std": -0.08042243113178094,
        "nauc_map_at_20_diff1": 0.32784823112320943,
        "nauc_map_at_20_max": 0.3608829387565541,
        "nauc_map_at_20_std": -0.11010285660548302,
        "nauc_map_at_3_diff1": 0.34558539782638475,
        "nauc_map_at_3_max": 0.3443823878618844,
        "nauc_map_at_3_std": -0.09771792712372762,
        "nauc_map_at_5_diff1": 0.3466240585965954,
        "nauc_map_at_5_max": 0.3601483330637639,
        "nauc_map_at_5_std": -0.09612590417933575,
        "nauc_mrr_at_1000_diff1": 0.38281562462588226,
        "nauc_mrr_at_1000_max": 0.3492289056888996,
        "nauc_mrr_at_1000_std": -0.05994984499361611,
        "nauc_mrr_at_100_diff1": 0.3826845142151091,
        "nauc_mrr_at_100_max": 0.34958396658270724,
        "nauc_mrr_at_100_std": -0.05955967787129179,
        "nauc_mrr_at_10_diff1": 0.3854170391827678,
        "nauc_mrr_at_10_max": 0.34605175457627824,
        "nauc_mrr_at_10_std": -0.06765309785426112,
        "nauc_mrr_at_1_diff1": 0.4326100502139368,
        "nauc_mrr_at_1_max": 0.28651157870570815,
        "nauc_mrr_at_1_std": -0.04749265725327849,
        "nauc_mrr_at_20_diff1": 0.3819212747577176,
        "nauc_mrr_at_20_max": 0.34936469227891553,
        "nauc_mrr_at_20_std": -0.061786385630379415,
        "nauc_mrr_at_3_diff1": 0.38562656521849303,
        "nauc_mrr_at_3_max": 0.3323529513422922,
        "nauc_mrr_at_3_std": -0.05489167350550534,
        "nauc_mrr_at_5_diff1": 0.3967436929748642,
        "nauc_mrr_at_5_max": 0.3418508952598383,
        "nauc_mrr_at_5_std": -0.05877265551797536,
        "nauc_ndcg_at_1000_diff1": 0.324354242902104,
        "nauc_ndcg_at_1000_max": 0.38455819249815254,
        "nauc_ndcg_at_1000_std": -0.08337714058493144,
        "nauc_ndcg_at_100_diff1": 0.3181873191823633,
        "nauc_ndcg_at_100_max": 0.39242884989421334,
        "nauc_ndcg_at_100_std": -0.07354067839062606,
        "nauc_ndcg_at_10_diff1": 0.32452210498917944,
        "nauc_ndcg_at_10_max": 0.36373662745521407,
        "nauc_ndcg_at_10_std": -0.11291822399467481,
        "nauc_ndcg_at_1_diff1": 0.4326100502139368,
        "nauc_ndcg_at_1_max": 0.28651157870570815,
        "nauc_ndcg_at_1_std": -0.04749265725327849,
        "nauc_ndcg_at_20_diff1": 0.3177268889071106,
        "nauc_ndcg_at_20_max": 0.3845075499298649,
        "nauc_ndcg_at_20_std": -0.09505390659241757,
        "nauc_ndcg_at_3_diff1": 0.3546824426960085,
        "nauc_ndcg_at_3_max": 0.37759826107235017,
        "nauc_ndcg_at_3_std": -0.0912013706323556,
        "nauc_ndcg_at_5_diff1": 0.36049082335591337,
        "nauc_ndcg_at_5_max": 0.37097468008526796,
        "nauc_ndcg_at_5_std": -0.0825759695307951,
        "nauc_precision_at_1000_diff1": 0.20204779551917992,
        "nauc_precision_at_1000_max": 0.36542811809551706,
        "nauc_precision_at_1000_std": -0.03474908865941313,
        "nauc_precision_at_100_diff1": 0.19277198083131478,
        "nauc_precision_at_100_max": 0.39938866192705375,
        "nauc_precision_at_100_std": -0.009989709141322021,
        "nauc_precision_at_10_diff1": 0.23747183164955346,
        "nauc_precision_at_10_max": 0.4203640442526479,
        "nauc_precision_at_10_std": -0.13129913715830688,
        "nauc_precision_at_1_diff1": 0.4326100502139368,
        "nauc_precision_at_1_max": 0.28651157870570815,
        "nauc_precision_at_1_std": -0.04749265725327849,
        "nauc_precision_at_20_diff1": 0.22927917081198676,
        "nauc_precision_at_20_max": 0.4604382625604616,
        "nauc_precision_at_20_std": -0.07880866335745654,
        "nauc_precision_at_3_diff1": 0.3269954252931678,
        "nauc_precision_at_3_max": 0.4527427928004996,
        "nauc_precision_at_3_std": -0.06697577361136621,
        "nauc_precision_at_5_diff1": 0.3205541637432484,
        "nauc_precision_at_5_max": 0.4598566040848622,
        "nauc_precision_at_5_std": -0.0732109381546115,
        "nauc_recall_at_1000_diff1": 0.18701100581048716,
        "nauc_recall_at_1000_max": 0.3675259468491373,
        "nauc_recall_at_1000_std": -0.022367287761037396,
        "nauc_recall_at_100_diff1": 0.15829860358685438,
        "nauc_recall_at_100_max": 0.42453558637813615,
        "nauc_recall_at_100_std": 0.04157979293824956,
        "nauc_recall_at_10_diff1": 0.23721991264473605,
        "nauc_recall_at_10_max": 0.3465758446293512,
        "nauc_recall_at_10_std": -0.1384461843036767,
        "nauc_recall_at_1_diff1": 0.34762184017312436,
        "nauc_recall_at_1_max": 0.22261986895559463,
        "nauc_recall_at_1_std": -0.08042243113178094,
        "nauc_recall_at_20_diff1": 0.1916030947485906,
        "nauc_recall_at_20_max": 0.3933732085563703,
        "nauc_recall_at_20_std": -0.07763372579965053,
        "nauc_recall_at_3_diff1": 0.31107564624184225,
        "nauc_recall_at_3_max": 0.3669104357114061,
        "nauc_recall_at_3_std": -0.09427048620407912,
        "nauc_recall_at_5_diff1": 0.33024556954209894,
        "nauc_recall_at_5_max": 0.37011027222732523,
        "nauc_recall_at_5_std": -0.07066418452739784,
        "ndcg_at_1": 0.28873,
        "ndcg_at_10": 0.30384,
        "ndcg_at_100": 0.36361,
        "ndcg_at_1000": 0.36843,
        "ndcg_at_20": 0.32801,
        "ndcg_at_3": 0.25828,
        "ndcg_at_5": 0.27652,
        "precision_at_1": 0.28873,
        "precision_at_10": 0.07394,
        "precision_at_100": 0.01197,
        "precision_at_1000": 0.00125,
        "precision_at_20": 0.04472,
        "precision_at_3": 0.15962,
        "precision_at_5": 0.12254,
        "recall_at_1": 0.16549,
        "recall_at_10": 0.37042,
        "recall_at_100": 0.62113,
        "recall_at_1000": 0.65188,
        "recall_at_20": 0.45364,
        "recall_at_3": 0.23638,
        "recall_at_5": 0.29859
      }
    ]
  },
  "task_name": "BrightLeetcode"
}