{
  "dataset_revision": "3066d29",
  "evaluation_time": 12935.814848423004,
  "kg_co2_emissions": null,
  "mteb_version": "1.14.12",
  "scores": {
    "standard": [
      {
        "hf_subset": "leetcode",
        "languages": [
          "eng-Latn"
        ],
        "main_score": 0.29973,
        "map_at_1": 0.15845,
        "map_at_10": 0.24493,
        "map_at_100": 0.25895,
        "map_at_1000": 0.25924,
        "map_at_20": 0.25319,
        "map_at_3": 0.21,
        "map_at_5": 0.23194,
        "mrr_at_1": 0.28169014084507044,
        "mrr_at_10": 0.34293539011848884,
        "mrr_at_100": 0.3520898653519711,
        "mrr_at_1000": 0.35229308556251854,
        "mrr_at_20": 0.3484013960815951,
        "mrr_at_3": 0.3204225352112676,
        "mrr_at_5": 0.3341549295774648,
        "nauc_map_at_1000_diff1": 0.3539721344124066,
        "nauc_map_at_1000_max": 0.36067628152564757,
        "nauc_map_at_1000_std": -0.10987225595550552,
        "nauc_map_at_100_diff1": 0.35355827097812287,
        "nauc_map_at_100_max": 0.3611889294354513,
        "nauc_map_at_100_std": -0.10942590533458509,
        "nauc_map_at_10_diff1": 0.3530742906923052,
        "nauc_map_at_10_max": 0.3503871129000345,
        "nauc_map_at_10_std": -0.11608450763718088,
        "nauc_map_at_1_diff1": 0.3986387782122859,
        "nauc_map_at_1_max": 0.19894130672216465,
        "nauc_map_at_1_std": -0.07541342451065801,
        "nauc_map_at_20_diff1": 0.3539390285104589,
        "nauc_map_at_20_max": 0.3577595917369695,
        "nauc_map_at_20_std": -0.11321492566457168,
        "nauc_map_at_3_diff1": 0.3734949417508926,
        "nauc_map_at_3_max": 0.3359142265977762,
        "nauc_map_at_3_std": -0.09964005538605772,
        "nauc_map_at_5_diff1": 0.37212624939963884,
        "nauc_map_at_5_max": 0.3583354143512095,
        "nauc_map_at_5_std": -0.09794056015003595,
        "nauc_mrr_at_1000_diff1": 0.40091052975696684,
        "nauc_mrr_at_1000_max": 0.3454484542409154,
        "nauc_mrr_at_1000_std": -0.0610669416299315,
        "nauc_mrr_at_100_diff1": 0.40076838304458606,
        "nauc_mrr_at_100_max": 0.3458085785694159,
        "nauc_mrr_at_100_std": -0.06069519832399634,
        "nauc_mrr_at_10_diff1": 0.4044475280827786,
        "nauc_mrr_at_10_max": 0.34115211971896114,
        "nauc_mrr_at_10_std": -0.06843720742771633,
        "nauc_mrr_at_1_diff1": 0.46083118818741875,
        "nauc_mrr_at_1_max": 0.27809872574245725,
        "nauc_mrr_at_1_std": -0.042547255147893974,
        "nauc_mrr_at_20_diff1": 0.4008728043673997,
        "nauc_mrr_at_20_max": 0.34426587219817933,
        "nauc_mrr_at_20_std": -0.06340309633397365,
        "nauc_mrr_at_3_diff1": 0.40099095941635965,
        "nauc_mrr_at_3_max": 0.3285391528399038,
        "nauc_mrr_at_3_std": -0.055531842144623186,
        "nauc_mrr_at_5_diff1": 0.4129892997601773,
        "nauc_mrr_at_5_max": 0.3380988974056328,
        "nauc_mrr_at_5_std": -0.05943366413935405,
        "nauc_ndcg_at_1000_diff1": 0.3436558539596767,
        "nauc_ndcg_at_1000_max": 0.38325217739553225,
        "nauc_ndcg_at_1000_std": -0.08652409436124542,
        "nauc_ndcg_at_100_diff1": 0.33846945923587923,
        "nauc_ndcg_at_100_max": 0.39120871455616535,
        "nauc_ndcg_at_100_std": -0.07711371622454112,
        "nauc_ndcg_at_10_diff1": 0.3475489872490616,
        "nauc_ndcg_at_10_max": 0.36012656387771147,
        "nauc_ndcg_at_10_std": -0.11571837372616084,
        "nauc_ndcg_at_1_diff1": 0.46083118818741875,
        "nauc_ndcg_at_1_max": 0.27809872574245725,
        "nauc_ndcg_at_1_std": -0.042547255147893974,
        "nauc_ndcg_at_20_diff1": 0.340903559581762,
        "nauc_ndcg_at_20_max": 0.377188346980236,
        "nauc_ndcg_at_20_std": -0.10138091090215547,
        "nauc_ndcg_at_3_diff1": 0.37472324617770936,
        "nauc_ndcg_at_3_max": 0.3765315164815845,
        "nauc_ndcg_at_3_std": -0.0942018350118022,
        "nauc_ndcg_at_5_diff1": 0.3797553197559959,
        "nauc_ndcg_at_5_max": 0.36983725746080015,
        "nauc_ndcg_at_5_std": -0.08550050575042964,
        "nauc_precision_at_1000_diff1": 0.19556613407446077,
        "nauc_precision_at_1000_max": 0.38419783302309934,
        "nauc_precision_at_1000_std": -0.040755211918918774,
        "nauc_precision_at_100_diff1": 0.19098304070623684,
        "nauc_precision_at_100_max": 0.4181553075006374,
        "nauc_precision_at_100_std": -0.016299594441068658,
        "nauc_precision_at_10_diff1": 0.24635802331081091,
        "nauc_precision_at_10_max": 0.4374200553398493,
        "nauc_precision_at_10_std": -0.13278450140607978,
        "nauc_precision_at_1_diff1": 0.46083118818741875,
        "nauc_precision_at_1_max": 0.27809872574245725,
        "nauc_precision_at_1_std": -0.042547255147893974,
        "nauc_precision_at_20_diff1": 0.23987583038888088,
        "nauc_precision_at_20_max": 0.45878868273910006,
        "nauc_precision_at_20_std": -0.09030271486293333,
        "nauc_precision_at_3_diff1": 0.3294352201616311,
        "nauc_precision_at_3_max": 0.46790852450837966,
        "nauc_precision_at_3_std": -0.07070069017119648,
        "nauc_precision_at_5_diff1": 0.3216832115318735,
        "nauc_precision_at_5_max": 0.48503605879551126,
        "nauc_precision_at_5_std": -0.07630315189100684,
        "nauc_recall_at_1000_diff1": 0.19031829331438166,
        "nauc_recall_at_1000_max": 0.3675259468491373,
        "nauc_recall_at_1000_std": -0.02645904472371576,
        "nauc_recall_at_100_diff1": 0.16853904212812398,
        "nauc_recall_at_100_max": 0.42453558637813615,
        "nauc_recall_at_100_std": 0.0336643046404564,
        "nauc_recall_at_10_diff1": 0.25499065778568286,
        "nauc_recall_at_10_max": 0.34031605441457446,
        "nauc_recall_at_10_std": -0.14309564638436353,
        "nauc_recall_at_1_diff1": 0.3986387782122859,
        "nauc_recall_at_1_max": 0.19894130672216465,
        "nauc_recall_at_1_std": -0.07541342451065801,
        "nauc_recall_at_20_diff1": 0.2106718847994984,
        "nauc_recall_at_20_max": 0.37351546999704577,
        "nauc_recall_at_20_std": -0.09286397443603504,
        "nauc_recall_at_3_diff1": 0.3237194159631439,
        "nauc_recall_at_3_max": 0.3609943773739744,
        "nauc_recall_at_3_std": -0.101535821004434,
        "nauc_recall_at_5_diff1": 0.3378813081938313,
        "nauc_recall_at_5_max": 0.370110272227325,
        "nauc_recall_at_5_std": -0.07712112465570596,
        "ndcg_at_1": 0.28169,
        "ndcg_at_10": 0.29973,
        "ndcg_at_100": 0.36081,
        "ndcg_at_1000": 0.36563,
        "ndcg_at_20": 0.3254,
        "ndcg_at_3": 0.25568,
        "ndcg_at_5": 0.27392,
        "precision_at_1": 0.28169,
        "precision_at_10": 0.07324,
        "precision_at_100": 0.01197,
        "precision_at_1000": 0.00125,
        "precision_at_20": 0.04472,
        "precision_at_3": 0.15962,
        "precision_at_5": 0.12254,
        "recall_at_1": 0.15845,
        "recall_at_10": 0.3669,
        "recall_at_100": 0.62113,
        "recall_at_1000": 0.65188,
        "recall_at_20": 0.45481,
        "recall_at_3": 0.23638,
        "recall_at_5": 0.29859
      }
    ]
  },
  "task_name": "BrightLeetcode"
}