{
  "dataset_revision": "3066d29",
  "evaluation_time": 1654.2664394378662,
  "kg_co2_emissions": null,
  "mteb_version": "1.14.12",
  "scores": {
    "standard": [
      {
        "hf_subset": "economics",
        "languages": [
          "eng-Latn"
        ],
        "main_score": 0.21266,
        "map_at_1": 0.05438,
        "map_at_10": 0.13075,
        "map_at_100": 0.17177,
        "map_at_1000": 0.17644,
        "map_at_20": 0.14611,
        "map_at_3": 0.09867,
        "map_at_5": 0.11258,
        "mrr_at_1": 0.14563106796116504,
        "mrr_at_10": 0.23172676837725376,
        "mrr_at_100": 0.2425813909352264,
        "mrr_at_1000": 0.24321855342351184,
        "mrr_at_20": 0.23644195610215024,
        "mrr_at_3": 0.21521035598705499,
        "mrr_at_5": 0.2258899676375404,
        "nauc_map_at_1000_diff1": 0.11188357572602164,
        "nauc_map_at_1000_max": 0.0876483740573787,
        "nauc_map_at_1000_std": 0.013893272769844995,
        "nauc_map_at_100_diff1": 0.11448668637621207,
        "nauc_map_at_100_max": 0.08378872452215834,
        "nauc_map_at_100_std": 0.01438528338785841,
        "nauc_map_at_10_diff1": 0.08585495503695191,
        "nauc_map_at_10_max": 0.010783438605961293,
        "nauc_map_at_10_std": -0.05015329857940817,
        "nauc_map_at_1_diff1": 0.04022911967960956,
        "nauc_map_at_1_max": 0.006550293232738971,
        "nauc_map_at_1_std": -0.08079044764515618,
        "nauc_map_at_20_diff1": 0.10669740532845913,
        "nauc_map_at_20_max": 0.03596327929787521,
        "nauc_map_at_20_std": -0.023465313626226586,
        "nauc_map_at_3_diff1": 0.03753369671836238,
        "nauc_map_at_3_max": -0.02863497912239132,
        "nauc_map_at_3_std": -0.1004603754795923,
        "nauc_map_at_5_diff1": 0.05401056548177006,
        "nauc_map_at_5_max": -0.016592751325116884,
        "nauc_map_at_5_std": -0.08559070505034264,
        "nauc_mrr_at_1000_diff1": 0.1648117050012361,
        "nauc_mrr_at_1000_max": 0.1459011463005301,
        "nauc_mrr_at_1000_std": 0.03333797696001109,
        "nauc_mrr_at_100_diff1": 0.16502064815141776,
        "nauc_mrr_at_100_max": 0.1462794671849839,
        "nauc_mrr_at_100_std": 0.032889885260805975,
        "nauc_mrr_at_10_diff1": 0.1706773069856602,
        "nauc_mrr_at_10_max": 0.15128778758111794,
        "nauc_mrr_at_10_std": 0.036223902641728284,
        "nauc_mrr_at_1_diff1": 0.23508823183596383,
        "nauc_mrr_at_1_max": 0.22171324412694243,
        "nauc_mrr_at_1_std": 0.1615691728390545,
        "nauc_mrr_at_20_diff1": 0.1656485330438204,
        "nauc_mrr_at_20_max": 0.14624506463638207,
        "nauc_mrr_at_20_std": 0.03259358136537891,
        "nauc_mrr_at_3_diff1": 0.16854128492861728,
        "nauc_mrr_at_3_max": 0.15503274386279647,
        "nauc_mrr_at_3_std": 0.03757803145334567,
        "nauc_mrr_at_5_diff1": 0.17676625654497288,
        "nauc_mrr_at_5_max": 0.1537158888847554,
        "nauc_mrr_at_5_std": 0.021864727547167923,
        "nauc_ndcg_at_1000_diff1": 0.0833561802853264,
        "nauc_ndcg_at_1000_max": 0.08852443275431959,
        "nauc_ndcg_at_1000_std": 0.014838581297911685,
        "nauc_ndcg_at_100_diff1": 0.08470123681301069,
        "nauc_ndcg_at_100_max": 0.0867135777108786,
        "nauc_ndcg_at_100_std": 0.008887289606712805,
        "nauc_ndcg_at_10_diff1": 0.1099963064467853,
        "nauc_ndcg_at_10_max": 0.11085734438475674,
        "nauc_ndcg_at_10_std": 0.04126152973082509,
        "nauc_ndcg_at_1_diff1": 0.23508823183596383,
        "nauc_ndcg_at_1_max": 0.22171324412694243,
        "nauc_ndcg_at_1_std": 0.1615691728390545,
        "nauc_ndcg_at_20_diff1": 0.1074350647541672,
        "nauc_ndcg_at_20_max": 0.09547246790821191,
        "nauc_ndcg_at_20_std": 0.029093933139298526,
        "nauc_ndcg_at_3_diff1": 0.13814688495357028,
        "nauc_ndcg_at_3_max": 0.118631978739605,
        "nauc_ndcg_at_3_std": 0.04339768263288459,
        "nauc_ndcg_at_5_diff1": 0.12481559271227546,
        "nauc_ndcg_at_5_max": 0.11179226850219019,
        "nauc_ndcg_at_5_std": 0.034716198335288904,
        "nauc_precision_at_1000_diff1": 0.022925241811402625,
        "nauc_precision_at_1000_max": 0.20502595293761433,
        "nauc_precision_at_1000_std": 0.09430356325547354,
        "nauc_precision_at_100_diff1": 0.04866062313823317,
        "nauc_precision_at_100_max": 0.22501582874430623,
        "nauc_precision_at_100_std": 0.1266336823180345,
        "nauc_precision_at_10_diff1": 0.17619931890091767,
        "nauc_precision_at_10_max": 0.20851368243618523,
        "nauc_precision_at_10_std": 0.15511661491379192,
        "nauc_precision_at_1_diff1": 0.23508823183596383,
        "nauc_precision_at_1_max": 0.22171324412694243,
        "nauc_precision_at_1_std": 0.1615691728390545,
        "nauc_precision_at_20_diff1": 0.15191562083384189,
        "nauc_precision_at_20_max": 0.22697235812975283,
        "nauc_precision_at_20_std": 0.16813512144686385,
        "nauc_precision_at_3_diff1": 0.2110715938642358,
        "nauc_precision_at_3_max": 0.18239593149657046,
        "nauc_precision_at_3_std": 0.10103972462901895,
        "nauc_precision_at_5_diff1": 0.21051121424510963,
        "nauc_precision_at_5_max": 0.19948684077859047,
        "nauc_precision_at_5_std": 0.12898381950998347,
        "nauc_recall_at_1000_diff1": -0.07745805326537196,
        "nauc_recall_at_1000_max": 0.03512749448213093,
        "nauc_recall_at_1000_std": 0.09208520899747526,
        "nauc_recall_at_100_diff1": -0.06117381810437913,
        "nauc_recall_at_100_max": 0.025416863333398217,
        "nauc_recall_at_100_std": 0.016760933608915007,
        "nauc_recall_at_10_diff1": 0.04849613049822364,
        "nauc_recall_at_10_max": 0.04054002489036305,
        "nauc_recall_at_10_std": -0.009405996764402916,
        "nauc_recall_at_1_diff1": 0.04022911967960956,
        "nauc_recall_at_1_max": 0.006550293232738971,
        "nauc_recall_at_1_std": -0.08079044764515618,
        "nauc_recall_at_20_diff1": 0.045227148807599836,
        "nauc_recall_at_20_max": 0.029326137118447594,
        "nauc_recall_at_20_std": 0.013881995301758696,
        "nauc_recall_at_3_diff1": 0.0023930404804877615,
        "nauc_recall_at_3_max": -0.024161049640698887,
        "nauc_recall_at_3_std": -0.08789070188851969,
        "nauc_recall_at_5_diff1": 0.01771244019527723,
        "nauc_recall_at_5_max": -0.004516307599093255,
        "nauc_recall_at_5_std": -0.08710614340015765,
        "ndcg_at_1": 0.14563,
        "ndcg_at_10": 0.21266,
        "ndcg_at_100": 0.28123,
        "ndcg_at_1000": 0.30766,
        "ndcg_at_20": 0.22571,
        "ndcg_at_3": 0.18746,
        "ndcg_at_5": 0.19891,
        "precision_at_1": 0.14563,
        "precision_at_10": 0.1068,
        "precision_at_100": 0.0401,
        "precision_at_1000": 0.00495,
        "precision_at_20": 0.08398,
        "precision_at_3": 0.14239,
        "precision_at_5": 0.12621,
        "recall_at_1": 0.05438,
        "recall_at_10": 0.23116,
        "recall_at_100": 0.51232,
        "recall_at_1000": 0.62221,
        "recall_at_20": 0.28974,
        "recall_at_3": 0.13865,
        "recall_at_5": 0.17996
      }
    ]
  },
  "task_name": "BrightEconomics"
}