{
  "dataset_revision": "a75a0eb",
  "evaluation_time": 9751.465730190277,
  "kg_co2_emissions": null,
  "mteb_version": "1.14.12",
  "scores": {
    "standard": [
      {
        "hf_subset": "leetcode",
        "languages": [
          "eng-Latn"
        ],
        "main_score": 0.18688,
        "map_at_1": 0.00235,
        "map_at_10": 0.11542,
        "map_at_100": 0.13194,
        "map_at_1000": 0.13385,
        "map_at_20": 0.12432,
        "map_at_3": 0.07387,
        "map_at_5": 0.09801,
        "mrr_at_1": 0.007042253521126761,
        "mrr_at_10": 0.16441146881287722,
        "mrr_at_100": 0.1758638895566503,
        "mrr_at_1000": 0.17675041020765905,
        "mrr_at_20": 0.17165526681780552,
        "mrr_at_3": 0.13145539906103287,
        "mrr_at_5": 0.1504694835680751,
        "nauc_map_at_1000_diff1": -0.049721646411235915,
        "nauc_map_at_1000_max": -0.22995062277686035,
        "nauc_map_at_1000_std": 0.029822030738015547,
        "nauc_map_at_100_diff1": -0.048922055305683075,
        "nauc_map_at_100_max": -0.23142586698721634,
        "nauc_map_at_100_std": 0.028923444717073973,
        "nauc_map_at_10_diff1": -0.03712155679781928,
        "nauc_map_at_10_max": -0.24544695170923678,
        "nauc_map_at_10_std": 0.020619568615204132,
        "nauc_map_at_1_diff1": -0.5706102875384583,
        "nauc_map_at_1_max": -0.5706102875384583,
        "nauc_map_at_1_std": -0.31623004166070223,
        "nauc_map_at_20_diff1": -0.03752857482509986,
        "nauc_map_at_20_max": -0.24070588028351467,
        "nauc_map_at_20_std": 0.019221755840345016,
        "nauc_map_at_3_diff1": -0.05980450868862397,
        "nauc_map_at_3_max": -0.26362404713622584,
        "nauc_map_at_3_std": -0.03157937137554089,
        "nauc_map_at_5_diff1": -0.015923367522117714,
        "nauc_map_at_5_max": -0.25107064559525555,
        "nauc_map_at_5_std": 0.027111265732717278,
        "nauc_mrr_at_1000_diff1": -0.08194161591286464,
        "nauc_mrr_at_1000_max": -0.22319422657157925,
        "nauc_mrr_at_1000_std": 0.02890440874121005,
        "nauc_mrr_at_100_diff1": -0.08150750578480351,
        "nauc_mrr_at_100_max": -0.2220670259365605,
        "nauc_mrr_at_100_std": 0.029529500566464844,
        "nauc_mrr_at_10_diff1": -0.07575999898800119,
        "nauc_mrr_at_10_max": -0.22655269055813446,
        "nauc_mrr_at_10_std": 0.025216843273468348,
        "nauc_mrr_at_1_diff1": -0.5706102875384583,
        "nauc_mrr_at_1_max": -0.5706102875384583,
        "nauc_mrr_at_1_std": -0.31623004166070223,
        "nauc_mrr_at_20_diff1": -0.07837434855186175,
        "nauc_mrr_at_20_max": -0.22473349927235395,
        "nauc_mrr_at_20_std": 0.021619755717065977,
        "nauc_mrr_at_3_diff1": -0.10438116565417928,
        "nauc_mrr_at_3_max": -0.28597105832492403,
        "nauc_mrr_at_3_std": -0.03075276463126964,
        "nauc_mrr_at_5_diff1": -0.07026121925860583,
        "nauc_mrr_at_5_max": -0.2589591214346827,
        "nauc_mrr_at_5_std": 0.016197323859390475,
        "nauc_ndcg_at_1000_diff1": -0.0816865065690896,
        "nauc_ndcg_at_1000_max": -0.18811896148908927,
        "nauc_ndcg_at_1000_std": 0.06914653055774878,
        "nauc_ndcg_at_100_diff1": -0.06611702213859143,
        "nauc_ndcg_at_100_max": -0.18384786282389148,
        "nauc_ndcg_at_100_std": 0.08344982561275344,
        "nauc_ndcg_at_10_diff1": -0.038345088989780084,
        "nauc_ndcg_at_10_max": -0.22292441443335245,
        "nauc_ndcg_at_10_std": 0.03797043138522094,
        "nauc_ndcg_at_1_diff1": -0.5706102875384583,
        "nauc_ndcg_at_1_max": -0.5706102875384583,
        "nauc_ndcg_at_1_std": -0.31623004166070223,
        "nauc_ndcg_at_20_diff1": -0.03517121161516628,
        "nauc_ndcg_at_20_max": -0.20920297576473007,
        "nauc_ndcg_at_20_std": 0.03155245547437536,
        "nauc_ndcg_at_3_diff1": -0.07490304877494351,
        "nauc_ndcg_at_3_max": -0.2714615993476609,
        "nauc_ndcg_at_3_std": -0.04177855117631869,
        "nauc_ndcg_at_5_diff1": -0.014951156638750122,
        "nauc_ndcg_at_5_max": -0.24752663663612265,
        "nauc_ndcg_at_5_std": 0.04171632582181438,
        "nauc_precision_at_1000_diff1": -0.09039934120824267,
        "nauc_precision_at_1000_max": 0.046204148446967346,
        "nauc_precision_at_1000_std": 0.03336791695253845,
        "nauc_precision_at_100_diff1": -0.11439539415161894,
        "nauc_precision_at_100_max": -0.06009708094643882,
        "nauc_precision_at_100_std": 0.08908505248915342,
        "nauc_precision_at_10_diff1": -0.03819944569925946,
        "nauc_precision_at_10_max": -0.1975177090203195,
        "nauc_precision_at_10_std": 0.007056596373132273,
        "nauc_precision_at_1_diff1": -0.5706102875384583,
        "nauc_precision_at_1_max": -0.5706102875384583,
        "nauc_precision_at_1_std": -0.31623004166070223,
        "nauc_precision_at_20_diff1": -0.029536386825318936,
        "nauc_precision_at_20_max": -0.15027363920378234,
        "nauc_precision_at_20_std": -0.0008970567668938127,
        "nauc_precision_at_3_diff1": -0.11296723491973332,
        "nauc_precision_at_3_max": -0.30459927217168936,
        "nauc_precision_at_3_std": -0.08919799166591695,
        "nauc_precision_at_5_diff1": -0.011879553738649455,
        "nauc_precision_at_5_max": -0.24740749510243104,
        "nauc_precision_at_5_std": -0.01280089150117434,
        "nauc_recall_at_1000_diff1": -0.5439198401771991,
        "nauc_recall_at_1000_max": -0.23057745095233834,
        "nauc_recall_at_1000_std": 0.3451682011098635,
        "nauc_recall_at_100_diff1": -0.0672620802035975,
        "nauc_recall_at_100_max": -0.07221030386955396,
        "nauc_recall_at_100_std": 0.2253373075991442,
        "nauc_recall_at_10_diff1": -0.02821617126000181,
        "nauc_recall_at_10_max": -0.1802840496564921,
        "nauc_recall_at_10_std": 0.07305683128768727,
        "nauc_recall_at_1_diff1": -0.5706102875384583,
        "nauc_recall_at_1_max": -0.5706102875384583,
        "nauc_recall_at_1_std": -0.31623004166070223,
        "nauc_recall_at_20_diff1": -0.021496402675871582,
        "nauc_recall_at_20_max": -0.14979910041359112,
        "nauc_recall_at_20_std": 0.059723937254059646,
        "nauc_recall_at_3_diff1": -0.026688144868139592,
        "nauc_recall_at_3_max": -0.25248579783954583,
        "nauc_recall_at_3_std": -0.04696144866387932,
        "nauc_recall_at_5_diff1": 0.016366676183300073,
        "nauc_recall_at_5_max": -0.2134174339353061,
        "nauc_recall_at_5_std": 0.08844236130485522,
        "ndcg_at_1": 0.00704,
        "ndcg_at_10": 0.18688,
        "ndcg_at_100": 0.26109,
        "ndcg_at_1000": 0.30414,
        "ndcg_at_20": 0.21558,
        "ndcg_at_3": 0.11676,
        "ndcg_at_5": 0.15114,
        "precision_at_1": 0.00704,
        "precision_at_10": 0.06338,
        "precision_at_100": 0.01218,
        "precision_at_1000": 0.00176,
        "precision_at_20": 0.04049,
        "precision_at_3": 0.10329,
        "precision_at_5": 0.09014,
        "recall_at_1": 0.00235,
        "recall_at_10": 0.33568,
        "recall_at_100": 0.64484,
        "recall_at_1000": 0.94425,
        "recall_at_20": 0.4358,
        "recall_at_3": 0.15575,
        "recall_at_5": 0.24366
      }
    ]
  },
  "task_name": "BrightRetrieval"
}