{
  "dataset_revision": "a75a0eb",
  "evaluation_time": 1540.0522515773773,
  "kg_co2_emissions": null,
  "mteb_version": "1.14.12",
  "scores": {
    "standard": [
      {
        "hf_subset": "theoremqa_theorems",
        "languages": [
          "eng-Latn"
        ],
        "main_score": 0.19787,
        "map_at_1": 0.06333,
        "map_at_10": 0.14371,
        "map_at_100": 0.15649,
        "map_at_1000": 0.15812,
        "map_at_20": 0.14958,
        "map_at_3": 0.11547,
        "map_at_5": 0.12938,
        "mrr_at_1": 0.13846153846153847,
        "mrr_at_10": 0.21076923076923076,
        "mrr_at_100": 0.21973353467340442,
        "mrr_at_1000": 0.2204648273017453,
        "mrr_at_20": 0.21481460060407429,
        "mrr_at_3": 0.18461538461538463,
        "mrr_at_5": 0.20153846153846153,
        "nauc_map_at_1000_diff1": 0.16579036714755138,
        "nauc_map_at_1000_max": 0.07518393727966009,
        "nauc_map_at_1000_std": -0.024411603557042867,
        "nauc_map_at_100_diff1": 0.1656166579234216,
        "nauc_map_at_100_max": 0.07580605087110198,
        "nauc_map_at_100_std": -0.023268789031614064,
        "nauc_map_at_10_diff1": 0.17005299658197975,
        "nauc_map_at_10_max": 0.07053143439771603,
        "nauc_map_at_10_std": -0.037936018519331836,
        "nauc_map_at_1_diff1": 0.03562184151906853,
        "nauc_map_at_1_max": 0.04793567141584466,
        "nauc_map_at_1_std": -0.02630057731734123,
        "nauc_map_at_20_diff1": 0.16788798040289046,
        "nauc_map_at_20_max": 0.08764108633013007,
        "nauc_map_at_20_std": -0.016928600853201473,
        "nauc_map_at_3_diff1": 0.11241714533943173,
        "nauc_map_at_3_max": 0.07073211907731133,
        "nauc_map_at_3_std": -0.026024015648423757,
        "nauc_map_at_5_diff1": 0.17526015442473186,
        "nauc_map_at_5_max": 0.09714478711561439,
        "nauc_map_at_5_std": -0.03125598838285939,
        "nauc_mrr_at_1000_diff1": 0.029549774691749887,
        "nauc_mrr_at_1000_max": -0.013618414708327522,
        "nauc_mrr_at_1000_std": -0.1244239807878455,
        "nauc_mrr_at_100_diff1": 0.029718795264989842,
        "nauc_mrr_at_100_max": -0.013865194605406231,
        "nauc_mrr_at_100_std": -0.12390948850981183,
        "nauc_mrr_at_10_diff1": 0.031051230370534026,
        "nauc_mrr_at_10_max": -0.02586659658725422,
        "nauc_mrr_at_10_std": -0.14407989515788555,
        "nauc_mrr_at_1_diff1": -0.015290995474128693,
        "nauc_mrr_at_1_max": 0.09128922783085168,
        "nauc_mrr_at_1_std": -0.06231458534642938,
        "nauc_mrr_at_20_diff1": 0.025378588661301344,
        "nauc_mrr_at_20_max": -0.012463426175380094,
        "nauc_mrr_at_20_std": -0.12621592668337925,
        "nauc_mrr_at_3_diff1": -0.0037813769511093023,
        "nauc_mrr_at_3_max": -0.008461125600741129,
        "nauc_mrr_at_3_std": -0.11638516842067055,
        "nauc_mrr_at_5_diff1": 0.0397695799806874,
        "nauc_mrr_at_5_max": -0.009378633429000518,
        "nauc_mrr_at_5_std": -0.1436615501149292,
        "nauc_ndcg_at_1000_diff1": 0.1369938795734974,
        "nauc_ndcg_at_1000_max": 0.003474257551677737,
        "nauc_ndcg_at_1000_std": -0.0641586391435375,
        "nauc_ndcg_at_100_diff1": 0.13208591438041795,
        "nauc_ndcg_at_100_max": -0.005335365327232421,
        "nauc_ndcg_at_100_std": -0.04481323051770279,
        "nauc_ndcg_at_10_diff1": 0.15229558299148346,
        "nauc_ndcg_at_10_max": -0.015869366881532867,
        "nauc_ndcg_at_10_std": -0.10299772319430119,
        "nauc_ndcg_at_1_diff1": -0.015290995474128693,
        "nauc_ndcg_at_1_max": 0.09128922783085168,
        "nauc_ndcg_at_1_std": -0.06231458534642938,
        "nauc_ndcg_at_20_diff1": 0.13693757226369355,
        "nauc_ndcg_at_20_max": 0.03375811442995138,
        "nauc_ndcg_at_20_std": -0.03943409574602437,
        "nauc_ndcg_at_3_diff1": 0.06496792333555221,
        "nauc_ndcg_at_3_max": 0.010559855771601076,
        "nauc_ndcg_at_3_std": -0.0734655707305061,
        "nauc_ndcg_at_5_diff1": 0.16819776943545042,
        "nauc_ndcg_at_5_max": 0.03500617532607974,
        "nauc_ndcg_at_5_std": -0.09436730055188264,
        "nauc_precision_at_1000_diff1": -0.019969567984260625,
        "nauc_precision_at_1000_max": -0.13645841781558404,
        "nauc_precision_at_1000_std": -0.20192430095785988,
        "nauc_precision_at_100_diff1": 0.02432956178612896,
        "nauc_precision_at_100_max": -0.13498311631528792,
        "nauc_precision_at_100_std": -0.12240356672966997,
        "nauc_precision_at_10_diff1": 0.17111583488226276,
        "nauc_precision_at_10_max": -0.0808630941253479,
        "nauc_precision_at_10_std": -0.186840211344512,
        "nauc_precision_at_1_diff1": -0.015290995474128693,
        "nauc_precision_at_1_max": 0.09128922783085168,
        "nauc_precision_at_1_std": -0.06231458534642938,
        "nauc_precision_at_20_diff1": 0.12389122118414529,
        "nauc_precision_at_20_max": -0.010611735364740102,
        "nauc_precision_at_20_std": -0.08956010253661184,
        "nauc_precision_at_3_diff1": 0.08718733605726682,
        "nauc_precision_at_3_max": 0.02613175185790536,
        "nauc_precision_at_3_std": -0.10567448596571635,
        "nauc_precision_at_5_diff1": 0.20324760502571423,
        "nauc_precision_at_5_max": 0.03945385675133997,
        "nauc_precision_at_5_std": -0.1556688783530465,
        "nauc_recall_at_1000_diff1": 0.23697518053562322,
        "nauc_recall_at_1000_max": -0.002166928952955756,
        "nauc_recall_at_1000_std": 0.03860308663433946,
        "nauc_recall_at_100_diff1": 0.14730915591513696,
        "nauc_recall_at_100_max": -0.08580637681584788,
        "nauc_recall_at_100_std": 0.06057198852118001,
        "nauc_recall_at_10_diff1": 0.18919264145907752,
        "nauc_recall_at_10_max": -0.11233181340915287,
        "nauc_recall_at_10_std": -0.1336909257480404,
        "nauc_recall_at_1_diff1": 0.03562184151906853,
        "nauc_recall_at_1_max": 0.04793567141584466,
        "nauc_recall_at_1_std": -0.02630057731734123,
        "nauc_recall_at_20_diff1": 0.14735204015860162,
        "nauc_recall_at_20_max": 0.02359517280423371,
        "nauc_recall_at_20_std": 0.03796966539595298,
        "nauc_recall_at_3_diff1": 0.09397460318700519,
        "nauc_recall_at_3_max": -0.027304985103112727,
        "nauc_recall_at_3_std": -0.05884901513846199,
        "nauc_recall_at_5_diff1": 0.24750742094874148,
        "nauc_recall_at_5_max": -0.009555056143794555,
        "nauc_recall_at_5_std": -0.12098490467831087,
        "ndcg_at_1": 0.13846,
        "ndcg_at_10": 0.19787,
        "ndcg_at_100": 0.25787,
        "ndcg_at_1000": 0.29823,
        "ndcg_at_20": 0.21616,
        "ndcg_at_3": 0.14753,
        "ndcg_at_5": 0.16834,
        "precision_at_1": 0.13846,
        "precision_at_10": 0.05385,
        "precision_at_100": 0.01031,
        "precision_at_1000": 0.00158,
        "precision_at_20": 0.03231,
        "precision_at_3": 0.09744,
        "precision_at_5": 0.08,
        "recall_at_1": 0.06333,
        "recall_at_10": 0.29538,
        "recall_at_100": 0.54564,
        "recall_at_1000": 0.82538,
        "recall_at_20": 0.35821,
        "recall_at_3": 0.16333,
        "recall_at_5": 0.21333
      }
    ]
  },
  "task_name": "BrightRetrieval"
}