{
  "dataset_revision": "a75a0eb",
  "evaluation_time": 8260.79121541977,
  "kg_co2_emissions": null,
  "mteb_version": "1.14.12",
  "scores": {
    "standard": [
      {
        "hf_subset": "leetcode",
        "languages": [
          "eng-Latn"
        ],
        "main_score": 0.24097,
        "map_at_1": 0.13474,
        "map_at_10": 0.18856,
        "map_at_100": 0.19894,
        "map_at_1000": 0.19894,
        "map_at_20": 0.19422,
        "map_at_3": 0.16232,
        "map_at_5": 0.17268,
        "mrr_at_1": 0.23943661971830985,
        "mrr_at_10": 0.2889922870556675,
        "mrr_at_100": 0.29753394263611377,
        "mrr_at_1000": 0.29753394263611377,
        "mrr_at_20": 0.2936244730828412,
        "mrr_at_3": 0.2664319248826292,
        "mrr_at_5": 0.27453051643192494,
        "nauc_map_at_1000_diff1": 0.3757521413774662,
        "nauc_map_at_1000_max": 0.17692989843448337,
        "nauc_map_at_1000_std": 0.14800418444797922,
        "nauc_map_at_100_diff1": 0.3757521413774662,
        "nauc_map_at_100_max": 0.17692989843448337,
        "nauc_map_at_100_std": 0.14800418444797922,
        "nauc_map_at_10_diff1": 0.3823025542633649,
        "nauc_map_at_10_max": 0.1786253970483829,
        "nauc_map_at_10_std": 0.1530318564948393,
        "nauc_map_at_1_diff1": 0.4191873995355558,
        "nauc_map_at_1_max": 0.13702941691543488,
        "nauc_map_at_1_std": 0.21469758769557104,
        "nauc_map_at_20_diff1": 0.38028103924733264,
        "nauc_map_at_20_max": 0.1748430333591588,
        "nauc_map_at_20_std": 0.1534637189102499,
        "nauc_map_at_3_diff1": 0.41310337809618014,
        "nauc_map_at_3_max": 0.15797231936112205,
        "nauc_map_at_3_std": 0.1627005980233038,
        "nauc_map_at_5_diff1": 0.3875612211027329,
        "nauc_map_at_5_max": 0.17289741874391415,
        "nauc_map_at_5_std": 0.15432052051182718,
        "nauc_mrr_at_1000_diff1": 0.4467549839203933,
        "nauc_mrr_at_1000_max": 0.26166313323596296,
        "nauc_mrr_at_1000_std": 0.12252228130572165,
        "nauc_mrr_at_100_diff1": 0.4467549839203933,
        "nauc_mrr_at_100_max": 0.26166313323596296,
        "nauc_mrr_at_100_std": 0.12252228130572165,
        "nauc_mrr_at_10_diff1": 0.45101279916745135,
        "nauc_mrr_at_10_max": 0.2600407521663205,
        "nauc_mrr_at_10_std": 0.1187709525215914,
        "nauc_mrr_at_1_diff1": 0.4836937122589461,
        "nauc_mrr_at_1_max": 0.28562092166167635,
        "nauc_mrr_at_1_std": 0.17001735131507695,
        "nauc_mrr_at_20_diff1": 0.45023166717277296,
        "nauc_mrr_at_20_max": 0.260325772856517,
        "nauc_mrr_at_20_std": 0.12474904312937093,
        "nauc_mrr_at_3_diff1": 0.46707334906508724,
        "nauc_mrr_at_3_max": 0.2647803547602179,
        "nauc_mrr_at_3_std": 0.13047035287171677,
        "nauc_mrr_at_5_diff1": 0.4606316813145961,
        "nauc_mrr_at_5_max": 0.2681169594022828,
        "nauc_mrr_at_5_std": 0.1298564023139975,
        "nauc_ndcg_at_1000_diff1": 0.3550094783667088,
        "nauc_ndcg_at_1000_max": 0.1967961008071133,
        "nauc_ndcg_at_1000_std": 0.10246224393239162,
        "nauc_ndcg_at_100_diff1": 0.3550094783667088,
        "nauc_ndcg_at_100_max": 0.1967961008071133,
        "nauc_ndcg_at_100_std": 0.10246224393239162,
        "nauc_ndcg_at_10_diff1": 0.38201988988878754,
        "nauc_ndcg_at_10_max": 0.19055933742705522,
        "nauc_ndcg_at_10_std": 0.12635092743254758,
        "nauc_ndcg_at_1_diff1": 0.4836937122589461,
        "nauc_ndcg_at_1_max": 0.28562092166167635,
        "nauc_ndcg_at_1_std": 0.17001735131507695,
        "nauc_ndcg_at_20_diff1": 0.3752155057153862,
        "nauc_ndcg_at_20_max": 0.18245623743120865,
        "nauc_ndcg_at_20_std": 0.13277448907999723,
        "nauc_ndcg_at_3_diff1": 0.41556091057815187,
        "nauc_ndcg_at_3_max": 0.2050396671310303,
        "nauc_ndcg_at_3_std": 0.12991251605711032,
        "nauc_ndcg_at_5_diff1": 0.39830141623962784,
        "nauc_ndcg_at_5_max": 0.19823514813656185,
        "nauc_ndcg_at_5_std": 0.1379036013260014,
        "nauc_precision_at_1000_diff1": 0.2015780685908365,
        "nauc_precision_at_1000_max": 0.2556386302245338,
        "nauc_precision_at_1000_std": -0.08482382701616008,
        "nauc_precision_at_100_diff1": 0.20157806859083655,
        "nauc_precision_at_100_max": 0.25563863022453365,
        "nauc_precision_at_100_std": -0.08482382701615998,
        "nauc_precision_at_10_diff1": 0.31041641958388927,
        "nauc_precision_at_10_max": 0.2860273014513066,
        "nauc_precision_at_10_std": 0.023204409873622985,
        "nauc_precision_at_1_diff1": 0.4836937122589461,
        "nauc_precision_at_1_max": 0.28562092166167635,
        "nauc_precision_at_1_std": 0.17001735131507695,
        "nauc_precision_at_20_diff1": 0.2661729234506053,
        "nauc_precision_at_20_max": 0.24847814642417013,
        "nauc_precision_at_20_std": 0.03420222453879708,
        "nauc_precision_at_3_diff1": 0.4219408652467189,
        "nauc_precision_at_3_max": 0.2861397934625797,
        "nauc_precision_at_3_std": 0.056925051373228536,
        "nauc_precision_at_5_diff1": 0.35706023974799006,
        "nauc_precision_at_5_max": 0.3123995527358489,
        "nauc_precision_at_5_std": 0.04541939120352963,
        "nauc_recall_at_1000_diff1": 0.12760090722091694,
        "nauc_recall_at_1000_max": 0.1455742296062693,
        "nauc_recall_at_1000_std": -0.03444382655255543,
        "nauc_recall_at_100_diff1": 0.12760090722091694,
        "nauc_recall_at_100_max": 0.1455742296062693,
        "nauc_recall_at_100_std": -0.03444382655255543,
        "nauc_recall_at_10_diff1": 0.2670814512238748,
        "nauc_recall_at_10_max": 0.12600534934933103,
        "nauc_recall_at_10_std": 0.07758767799329647,
        "nauc_recall_at_1_diff1": 0.4191873995355558,
        "nauc_recall_at_1_max": 0.13702941691543488,
        "nauc_recall_at_1_std": 0.21469758769557104,
        "nauc_recall_at_20_diff1": 0.229639478613975,
        "nauc_recall_at_20_max": 0.09224779182025772,
        "nauc_recall_at_20_std": 0.0857082317287458,
        "nauc_recall_at_3_diff1": 0.380558637901775,
        "nauc_recall_at_3_max": 0.12274081226380934,
        "nauc_recall_at_3_std": 0.11660888292180481,
        "nauc_recall_at_5_diff1": 0.3347039536626931,
        "nauc_recall_at_5_max": 0.16293595295935312,
        "nauc_recall_at_5_std": 0.10967144478361596,
        "ndcg_at_1": 0.23944,
        "ndcg_at_10": 0.24097,
        "ndcg_at_100": 0.28817,
        "ndcg_at_1000": 0.28817,
        "ndcg_at_20": 0.25948,
        "ndcg_at_3": 0.20102,
        "ndcg_at_5": 0.20745,
        "precision_at_1": 0.23944,
        "precision_at_10": 0.05986,
        "precision_at_100": 0.00937,
        "precision_at_1000": 0.00094,
        "precision_at_20": 0.03521,
        "precision_at_3": 0.12207,
        "precision_at_5": 0.08732,
        "recall_at_1": 0.13474,
        "recall_at_10": 0.30376,
        "recall_at_100": 0.49847,
        "recall_at_1000": 0.49847,
        "recall_at_20": 0.36854,
        "recall_at_3": 0.18791,
        "recall_at_5": 0.21502
      }
    ]
  },
  "task_name": "BrightRetrieval"
}