{
  "dataset_revision": "3066d29",
  "evaluation_time": 5380.381767511368,
  "kg_co2_emissions": null,
  "mteb_version": "1.14.12",
  "scores": {
    "standard": [
      {
        "hf_subset": "theoremqa_questions",
        "languages": [
          "eng-Latn"
        ],
        "main_score": 0.23126,
        "map_at_1": 0.1018,
        "map_at_10": 0.19801,
        "map_at_100": 0.20434,
        "map_at_1000": 0.20448,
        "map_at_20": 0.20146,
        "map_at_3": 0.17892,
        "map_at_5": 0.19016,
        "mrr_at_1": 0.20103092783505155,
        "mrr_at_10": 0.2480220094910817,
        "mrr_at_100": 0.2530041048026937,
        "mrr_at_1000": 0.2532045069727691,
        "mrr_at_20": 0.25062017893199473,
        "mrr_at_3": 0.2345360824742268,
        "mrr_at_5": 0.24304123711340211,
        "nauc_map_at_1000_diff1": 0.5031004000440872,
        "nauc_map_at_1000_max": 0.23600504030408034,
        "nauc_map_at_1000_std": -0.2230504870496017,
        "nauc_map_at_100_diff1": 0.5032022802932112,
        "nauc_map_at_100_max": 0.23587488259309375,
        "nauc_map_at_100_std": -0.22303449969535094,
        "nauc_map_at_10_diff1": 0.5103613133010633,
        "nauc_map_at_10_max": 0.2425618435142951,
        "nauc_map_at_10_std": -0.22438858736490128,
        "nauc_map_at_1_diff1": 0.6382936664720543,
        "nauc_map_at_1_max": 0.15045378495783296,
        "nauc_map_at_1_std": -0.2540563476523286,
        "nauc_map_at_20_diff1": 0.50646825209861,
        "nauc_map_at_20_max": 0.2390441003774874,
        "nauc_map_at_20_std": -0.222729260363113,
        "nauc_map_at_3_diff1": 0.5239652898780705,
        "nauc_map_at_3_max": 0.23142399325062293,
        "nauc_map_at_3_std": -0.2436805769705984,
        "nauc_map_at_5_diff1": 0.5093559059242646,
        "nauc_map_at_5_max": 0.24391866292682268,
        "nauc_map_at_5_std": -0.23714183428994942,
        "nauc_mrr_at_1000_diff1": 0.5530468836098855,
        "nauc_mrr_at_1000_max": 0.21330075791767716,
        "nauc_mrr_at_1000_std": -0.22162146003765568,
        "nauc_mrr_at_100_diff1": 0.5533710685285008,
        "nauc_mrr_at_100_max": 0.2129477814652132,
        "nauc_mrr_at_100_std": -0.2216040874148058,
        "nauc_mrr_at_10_diff1": 0.5582291666712983,
        "nauc_mrr_at_10_max": 0.2134587791082501,
        "nauc_mrr_at_10_std": -0.22846100868585328,
        "nauc_mrr_at_1_diff1": 0.5834386055553915,
        "nauc_mrr_at_1_max": 0.22376562394085692,
        "nauc_mrr_at_1_std": -0.25445739570138126,
        "nauc_mrr_at_20_diff1": 0.5527171373318316,
        "nauc_mrr_at_20_max": 0.21252233975326215,
        "nauc_mrr_at_20_std": -0.22279327606473195,
        "nauc_mrr_at_3_diff1": 0.5757048615604319,
        "nauc_mrr_at_3_max": 0.2256439314468782,
        "nauc_mrr_at_3_std": -0.2559843260918356,
        "nauc_mrr_at_5_diff1": 0.5588745173963929,
        "nauc_mrr_at_5_max": 0.2207641870618257,
        "nauc_mrr_at_5_std": -0.23495439276058946,
        "nauc_ndcg_at_1000_diff1": 0.48296610134197987,
        "nauc_ndcg_at_1000_max": 0.2245171155720118,
        "nauc_ndcg_at_1000_std": -0.18963109341360357,
        "nauc_ndcg_at_100_diff1": 0.48591229395965435,
        "nauc_ndcg_at_100_max": 0.2205511212784935,
        "nauc_ndcg_at_100_std": -0.18989368414044153,
        "nauc_ndcg_at_10_diff1": 0.5133410359989081,
        "nauc_ndcg_at_10_max": 0.2320220605185928,
        "nauc_ndcg_at_10_std": -0.2056142728085974,
        "nauc_ndcg_at_1_diff1": 0.5834386055553915,
        "nauc_ndcg_at_1_max": 0.22376562394085692,
        "nauc_ndcg_at_1_std": -0.25445739570138126,
        "nauc_ndcg_at_20_diff1": 0.4974115042081388,
        "nauc_ndcg_at_20_max": 0.22737424672483958,
        "nauc_ndcg_at_20_std": -0.1937608662164945,
        "nauc_ndcg_at_3_diff1": 0.5422639851744159,
        "nauc_ndcg_at_3_max": 0.2444738540872367,
        "nauc_ndcg_at_3_std": -0.2518463591440785,
        "nauc_ndcg_at_5_diff1": 0.5142024254479367,
        "nauc_ndcg_at_5_max": 0.24213808035671708,
        "nauc_ndcg_at_5_std": -0.23074412918963966,
        "nauc_precision_at_1000_diff1": 0.278044634794774,
        "nauc_precision_at_1000_max": 0.19049136173797468,
        "nauc_precision_at_1000_std": -0.0916310527951336,
        "nauc_precision_at_100_diff1": 0.2899879098288915,
        "nauc_precision_at_100_max": 0.18035824671578515,
        "nauc_precision_at_100_std": -0.088817929688328,
        "nauc_precision_at_10_diff1": 0.3900385686288664,
        "nauc_precision_at_10_max": 0.2727997738701087,
        "nauc_precision_at_10_std": -0.13167368389421974,
        "nauc_precision_at_1_diff1": 0.5834386055553915,
        "nauc_precision_at_1_max": 0.22376562394085692,
        "nauc_precision_at_1_std": -0.25445739570138126,
        "nauc_precision_at_20_diff1": 0.35400981223193334,
        "nauc_precision_at_20_max": 0.23724674681860422,
        "nauc_precision_at_20_std": -0.11278927857774727,
        "nauc_precision_at_3_diff1": 0.44118813908168136,
        "nauc_precision_at_3_max": 0.2976522394038358,
        "nauc_precision_at_3_std": -0.22720312784027352,
        "nauc_precision_at_5_diff1": 0.3946604382120687,
        "nauc_precision_at_5_max": 0.3023385946071754,
        "nauc_precision_at_5_std": -0.18822462269056364,
        "nauc_recall_at_1000_diff1": 0.3470743705613137,
        "nauc_recall_at_1000_max": 0.23466665175414406,
        "nauc_recall_at_1000_std": -0.09048476089798346,
        "nauc_recall_at_100_diff1": 0.36737185511455667,
        "nauc_recall_at_100_max": 0.21176443040947582,
        "nauc_recall_at_100_std": -0.09639540582017254,
        "nauc_recall_at_10_diff1": 0.46601058613052226,
        "nauc_recall_at_10_max": 0.21987498982980305,
        "nauc_recall_at_10_std": -0.15060865147216862,
        "nauc_recall_at_1_diff1": 0.6382936664720543,
        "nauc_recall_at_1_max": 0.15045378495783296,
        "nauc_recall_at_1_std": -0.2540563476523286,
        "nauc_recall_at_20_diff1": 0.4125260483234322,
        "nauc_recall_at_20_max": 0.2204707908907421,
        "nauc_recall_at_20_std": -0.10919404010643585,
        "nauc_recall_at_3_diff1": 0.5203232293777662,
        "nauc_recall_at_3_max": 0.2446534447913509,
        "nauc_recall_at_3_std": -0.24830806476750295,
        "nauc_recall_at_5_diff1": 0.4771865270853214,
        "nauc_recall_at_5_max": 0.2510788052512942,
        "nauc_recall_at_5_std": -0.213780391325828,
        "ndcg_at_1": 0.20103,
        "ndcg_at_10": 0.23126,
        "ndcg_at_100": 0.25875,
        "ndcg_at_1000": 0.26165,
        "ndcg_at_20": 0.24234,
        "ndcg_at_3": 0.20448,
        "ndcg_at_5": 0.21586,
        "precision_at_1": 0.20103,
        "precision_at_10": 0.05876,
        "precision_at_100": 0.00814,
        "precision_at_1000": 0.00085,
        "precision_at_20": 0.03299,
        "precision_at_3": 0.14433,
        "precision_at_5": 0.10103,
        "recall_at_1": 0.1018,
        "recall_at_10": 0.27466,
        "recall_at_100": 0.38076,
        "recall_at_1000": 0.39953,
        "recall_at_20": 0.31289,
        "recall_at_3": 0.20979,
        "recall_at_5": 0.23643
      }
    ]
  },
  "task_name": "BrightTheoremqaQuestions"
}