{
  "dataset_revision": "a75a0eb",
  "evaluation_time": 24298.164315462112,
  "kg_co2_emissions": null,
  "mteb_version": "1.14.12",
  "scores": {
    "standard": [
      {
        "hf_subset": "leetcode",
        "languages": [
          "eng-Latn"
        ],
        "main_score": 0.18589,
        "map_at_1": 0.0,
        "map_at_10": 0.11446,
        "map_at_100": 0.13259,
        "map_at_1000": 0.13405,
        "map_at_20": 0.12282,
        "map_at_3": 0.07563,
        "map_at_5": 0.0945,
        "mrr_at_1": 0.0,
        "mrr_at_10": 0.16615247037782246,
        "mrr_at_100": 0.17800950895770606,
        "mrr_at_1000": 0.17863089533405294,
        "mrr_at_20": 0.1719950534622623,
        "mrr_at_3": 0.13849765258215962,
        "mrr_at_5": 0.14976525821596243,
        "nauc_map_at_1000_diff1": -0.0561001454464787,
        "nauc_map_at_1000_max": -0.1725566829513433,
        "nauc_map_at_1000_std": 0.16881081193700184,
        "nauc_map_at_100_diff1": -0.054253876756594446,
        "nauc_map_at_100_max": -0.1724690089419595,
        "nauc_map_at_100_std": 0.16971107288693316,
        "nauc_map_at_10_diff1": -0.04458159602913237,
        "nauc_map_at_10_max": -0.16320469112587027,
        "nauc_map_at_10_std": 0.16486162566843016,
        "nauc_map_at_1_diff1": NaN,
        "nauc_map_at_1_max": NaN,
        "nauc_map_at_1_std": NaN,
        "nauc_map_at_20_diff1": -0.04520072294050048,
        "nauc_map_at_20_max": -0.17829003909132196,
        "nauc_map_at_20_std": 0.16788955965212146,
        "nauc_map_at_3_diff1": -0.08378044001774133,
        "nauc_map_at_3_max": -0.20528455737218365,
        "nauc_map_at_3_std": 0.09340760804651536,
        "nauc_map_at_5_diff1": -0.04409060693414224,
        "nauc_map_at_5_max": -0.20886757231605893,
        "nauc_map_at_5_std": 0.10668602259983836,
        "nauc_mrr_at_1000_diff1": -0.0740345303445048,
        "nauc_mrr_at_1000_max": -0.16640536769193523,
        "nauc_mrr_at_1000_std": 0.1481655326508571,
        "nauc_mrr_at_100_diff1": -0.07380877830011323,
        "nauc_mrr_at_100_max": -0.16605107831426652,
        "nauc_mrr_at_100_std": 0.14884075129308236,
        "nauc_mrr_at_10_diff1": -0.07229003166221493,
        "nauc_mrr_at_10_max": -0.1628384482102947,
        "nauc_mrr_at_10_std": 0.1496293573363822,
        "nauc_mrr_at_1_diff1": NaN,
        "nauc_mrr_at_1_max": NaN,
        "nauc_mrr_at_1_std": NaN,
        "nauc_mrr_at_20_diff1": -0.07643585465616816,
        "nauc_mrr_at_20_max": -0.1680741786743913,
        "nauc_mrr_at_20_std": 0.14986434941091523,
        "nauc_mrr_at_3_diff1": -0.08906329060788787,
        "nauc_mrr_at_3_max": -0.18277126404416685,
        "nauc_mrr_at_3_std": 0.101405981912402,
        "nauc_mrr_at_5_diff1": -0.07080445084790131,
        "nauc_mrr_at_5_max": -0.1791672309585087,
        "nauc_mrr_at_5_std": 0.1253511326651535,
        "nauc_ndcg_at_1000_diff1": -0.08560775321202954,
        "nauc_ndcg_at_1000_max": -0.14933884966116862,
        "nauc_ndcg_at_1000_std": 0.20341502505260647,
        "nauc_ndcg_at_100_diff1": -0.06793653950934106,
        "nauc_ndcg_at_100_max": -0.15693800546393383,
        "nauc_ndcg_at_100_std": 0.2162906860385998,
        "nauc_ndcg_at_10_diff1": -0.037849545825185085,
        "nauc_ndcg_at_10_max": -0.15603645411011863,
        "nauc_ndcg_at_10_std": 0.1773484716776411,
        "nauc_ndcg_at_1_diff1": NaN,
        "nauc_ndcg_at_1_max": NaN,
        "nauc_ndcg_at_1_std": NaN,
        "nauc_ndcg_at_20_diff1": -0.04830033352630239,
        "nauc_ndcg_at_20_max": -0.1812919245424379,
        "nauc_ndcg_at_20_std": 0.18800433810286957,
        "nauc_ndcg_at_3_diff1": -0.10530550214396842,
        "nauc_ndcg_at_3_max": -0.20102797282797755,
        "nauc_ndcg_at_3_std": 0.10263062091100163,
        "nauc_ndcg_at_5_diff1": -0.047699942840772995,
        "nauc_ndcg_at_5_max": -0.2046763128871504,
        "nauc_ndcg_at_5_std": 0.11462412041577036,
        "nauc_precision_at_1000_diff1": -0.11804381493586938,
        "nauc_precision_at_1000_max": 0.08505173414927303,
        "nauc_precision_at_1000_std": 0.1258387700946999,
        "nauc_precision_at_100_diff1": -0.11163919588457792,
        "nauc_precision_at_100_max": 0.020130875882187763,
        "nauc_precision_at_100_std": 0.2197584329753108,
        "nauc_precision_at_10_diff1": -0.038689563821078195,
        "nauc_precision_at_10_max": -0.07566025937048067,
        "nauc_precision_at_10_std": 0.2345911577377713,
        "nauc_precision_at_1_diff1": NaN,
        "nauc_precision_at_1_max": NaN,
        "nauc_precision_at_1_std": NaN,
        "nauc_precision_at_20_diff1": -0.051469807882578336,
        "nauc_precision_at_20_max": -0.09745436319607254,
        "nauc_precision_at_20_std": 0.22479272764279554,
        "nauc_precision_at_3_diff1": -0.09784736524759415,
        "nauc_precision_at_3_max": -0.2142810822181168,
        "nauc_precision_at_3_std": 0.15600081522750261,
        "nauc_precision_at_5_diff1": -0.05424584330470006,
        "nauc_precision_at_5_max": -0.18054737151522246,
        "nauc_precision_at_5_std": 0.1665757901494101,
        "nauc_recall_at_1000_diff1": -0.35794200124096814,
        "nauc_recall_at_1000_max": 0.021583295547188575,
        "nauc_recall_at_1000_std": 0.5634774033087294,
        "nauc_recall_at_100_diff1": -0.06406193720680513,
        "nauc_recall_at_100_max": -0.12003996296995091,
        "nauc_recall_at_100_std": 0.33087754396008695,
        "nauc_recall_at_10_diff1": -0.011869900587244407,
        "nauc_recall_at_10_max": -0.133167487680701,
        "nauc_recall_at_10_std": 0.17641433453781025,
        "nauc_recall_at_1_diff1": NaN,
        "nauc_recall_at_1_max": NaN,
        "nauc_recall_at_1_std": NaN,
        "nauc_recall_at_20_diff1": -0.03706975464525131,
        "nauc_recall_at_20_max": -0.17846944221832062,
        "nauc_recall_at_20_std": 0.20037617043099454,
        "nauc_recall_at_3_diff1": -0.09421864640090287,
        "nauc_recall_at_3_max": -0.2047583027663996,
        "nauc_recall_at_3_std": 0.06568032536294582,
        "nauc_recall_at_5_diff1": -0.030708519100957805,
        "nauc_recall_at_5_max": -0.20530456034113273,
        "nauc_recall_at_5_std": 0.09177635165752017,
        "ndcg_at_1": 0.0,
        "ndcg_at_10": 0.18589,
        "ndcg_at_100": 0.27261,
        "ndcg_at_1000": 0.30483,
        "ndcg_at_20": 0.21377,
        "ndcg_at_3": 0.12148,
        "ndcg_at_5": 0.14431,
        "precision_at_1": 0.0,
        "precision_at_10": 0.06479,
        "precision_at_100": 0.01317,
        "precision_at_1000": 0.00174,
        "precision_at_20": 0.0412,
        "precision_at_3": 0.10798,
        "precision_at_5": 0.08873,
        "recall_at_1": 0.0,
        "recall_at_10": 0.33005,
        "recall_at_100": 0.70786,
        "recall_at_1000": 0.93016,
        "recall_at_20": 0.42993,
        "recall_at_3": 0.16573,
        "recall_at_5": 0.22136
      }
    ]
  },
  "task_name": "BrightRetrieval"
}