{
  "dataset_revision": "a75a0eb",
  "evaluation_time": 530.1540858745575,
  "kg_co2_emissions": null,
  "mteb_version": "1.14.12",
  "scores": {
    "standard": [
      {
        "hf_subset": "theoremqa_theorems",
        "languages": [
          "eng-Latn"
        ],
        "main_score": 0.21932,
        "map_at_1": 0.07615,
        "map_at_10": 0.17464,
        "map_at_100": 0.18773,
        "map_at_1000": 0.18892,
        "map_at_20": 0.1792,
        "map_at_3": 0.1459,
        "map_at_5": 0.15923,
        "mrr_at_1": 0.15384615384615385,
        "mrr_at_10": 0.22547008547008546,
        "mrr_at_100": 0.23768819727777096,
        "mrr_at_1000": 0.23859070979022995,
        "mrr_at_20": 0.23078640657588026,
        "mrr_at_3": 0.21282051282051284,
        "mrr_at_5": 0.22051282051282053,
        "nauc_map_at_1000_diff1": -0.11654425443467444,
        "nauc_map_at_1000_max": 0.04729332601509465,
        "nauc_map_at_1000_std": 0.33217596996807824,
        "nauc_map_at_100_diff1": -0.11499868424934438,
        "nauc_map_at_100_max": 0.048659373924005836,
        "nauc_map_at_100_std": 0.333595335790321,
        "nauc_map_at_10_diff1": -0.1216886278203473,
        "nauc_map_at_10_max": 0.051355786396566926,
        "nauc_map_at_10_std": 0.3232174314330832,
        "nauc_map_at_1_diff1": -0.06771376862229321,
        "nauc_map_at_1_max": -0.04544598111611718,
        "nauc_map_at_1_std": 0.31274539711371724,
        "nauc_map_at_20_diff1": -0.11728043642048132,
        "nauc_map_at_20_max": 0.04861877272336575,
        "nauc_map_at_20_std": 0.3296849720038066,
        "nauc_map_at_3_diff1": -0.0917938071970982,
        "nauc_map_at_3_max": 0.02473681879094202,
        "nauc_map_at_3_std": 0.3422580073657957,
        "nauc_map_at_5_diff1": -0.10801116996999578,
        "nauc_map_at_5_max": 0.06364097185721888,
        "nauc_map_at_5_std": 0.34412875503649243,
        "nauc_mrr_at_1000_diff1": -0.08247817137709211,
        "nauc_mrr_at_1000_max": 0.14199861629211571,
        "nauc_mrr_at_1000_std": 0.32992988514300103,
        "nauc_mrr_at_100_diff1": -0.08124036329880983,
        "nauc_mrr_at_100_max": 0.14242389333458932,
        "nauc_mrr_at_100_std": 0.3312323963307407,
        "nauc_mrr_at_10_diff1": -0.08859650362497368,
        "nauc_mrr_at_10_max": 0.141714766804443,
        "nauc_mrr_at_10_std": 0.3185193378747886,
        "nauc_mrr_at_1_diff1": -0.12885616648655865,
        "nauc_mrr_at_1_max": 0.07418047226413513,
        "nauc_mrr_at_1_std": 0.3474898415070273,
        "nauc_mrr_at_20_diff1": -0.08278575041161722,
        "nauc_mrr_at_20_max": 0.1441006898981861,
        "nauc_mrr_at_20_std": 0.32755708049881493,
        "nauc_mrr_at_3_diff1": -0.08354351128177993,
        "nauc_mrr_at_3_max": 0.15515891558705916,
        "nauc_mrr_at_3_std": 0.34867052634749723,
        "nauc_mrr_at_5_diff1": -0.08058420340501687,
        "nauc_mrr_at_5_max": 0.15158312698885162,
        "nauc_mrr_at_5_std": 0.32584878005539375,
        "nauc_ndcg_at_1000_diff1": -0.10890600968437292,
        "nauc_ndcg_at_1000_max": 0.06971518676332394,
        "nauc_ndcg_at_1000_std": 0.33910779513635014,
        "nauc_ndcg_at_100_diff1": -0.08850336162438452,
        "nauc_ndcg_at_100_max": 0.08501940448985307,
        "nauc_ndcg_at_100_std": 0.35922703873491063,
        "nauc_ndcg_at_10_diff1": -0.11106208681357047,
        "nauc_ndcg_at_10_max": 0.08596328647859557,
        "nauc_ndcg_at_10_std": 0.2951096700110989,
        "nauc_ndcg_at_1_diff1": -0.12885616648655865,
        "nauc_ndcg_at_1_max": 0.07418047226413513,
        "nauc_ndcg_at_1_std": 0.3474898415070273,
        "nauc_ndcg_at_20_diff1": -0.09381227102742537,
        "nauc_ndcg_at_20_max": 0.07767162279683502,
        "nauc_ndcg_at_20_std": 0.3212344526035184,
        "nauc_ndcg_at_3_diff1": -0.10106776104296677,
        "nauc_ndcg_at_3_max": 0.11190472311034926,
        "nauc_ndcg_at_3_std": 0.3395664715745208,
        "nauc_ndcg_at_5_diff1": -0.09432943143044431,
        "nauc_ndcg_at_5_max": 0.12193294213581196,
        "nauc_ndcg_at_5_std": 0.3332267157160382,
        "nauc_precision_at_1000_diff1": -0.1787944252549513,
        "nauc_precision_at_1000_max": 0.12932234105952406,
        "nauc_precision_at_1000_std": 0.18109239793092136,
        "nauc_precision_at_100_diff1": -0.10991759250727713,
        "nauc_precision_at_100_max": 0.1751782057087351,
        "nauc_precision_at_100_std": 0.27987986758512995,
        "nauc_precision_at_10_diff1": -0.17287680351335752,
        "nauc_precision_at_10_max": 0.17054931361294215,
        "nauc_precision_at_10_std": 0.2336472941794703,
        "nauc_precision_at_1_diff1": -0.12885616648655865,
        "nauc_precision_at_1_max": 0.07418047226413513,
        "nauc_precision_at_1_std": 0.3474898415070273,
        "nauc_precision_at_20_diff1": -0.1462498104190339,
        "nauc_precision_at_20_max": 0.15131446198902246,
        "nauc_precision_at_20_std": 0.26428255319226596,
        "nauc_precision_at_3_diff1": -0.126463586895688,
        "nauc_precision_at_3_max": 0.18960387795445913,
        "nauc_precision_at_3_std": 0.35491016242181034,
        "nauc_precision_at_5_diff1": -0.1510865381322153,
        "nauc_precision_at_5_max": 0.23260003420475947,
        "nauc_precision_at_5_std": 0.3183428253670151,
        "nauc_recall_at_1000_diff1": -0.146698131124947,
        "nauc_recall_at_1000_max": -0.027473537702432382,
        "nauc_recall_at_1000_std": 0.42410781228379674,
        "nauc_recall_at_100_diff1": -0.04338942079487065,
        "nauc_recall_at_100_max": 0.07840090750448704,
        "nauc_recall_at_100_std": 0.5190435966237442,
        "nauc_recall_at_10_diff1": -0.10106548458432403,
        "nauc_recall_at_10_max": 0.07100389214733495,
        "nauc_recall_at_10_std": 0.2167271876937063,
        "nauc_recall_at_1_diff1": -0.06771376862229321,
        "nauc_recall_at_1_max": -0.04544598111611718,
        "nauc_recall_at_1_std": 0.31274539711371724,
        "nauc_recall_at_20_diff1": -0.043585726065920365,
        "nauc_recall_at_20_max": 0.03737399150412535,
        "nauc_recall_at_20_std": 0.29559707643209826,
        "nauc_recall_at_3_diff1": -0.026659404796410435,
        "nauc_recall_at_3_max": 0.11632207776507232,
        "nauc_recall_at_3_std": 0.32567799297496813,
        "nauc_recall_at_5_diff1": -0.050746780648776274,
        "nauc_recall_at_5_max": 0.15716553500101058,
        "nauc_recall_at_5_std": 0.2921223901883117,
        "ndcg_at_1": 0.15385,
        "ndcg_at_10": 0.21932,
        "ndcg_at_100": 0.29121,
        "ndcg_at_1000": 0.30931,
        "ndcg_at_20": 0.23715,
        "ndcg_at_3": 0.18342,
        "ndcg_at_5": 0.19276,
        "precision_at_1": 0.15385,
        "precision_at_10": 0.06,
        "precision_at_100": 0.01185,
        "precision_at_1000": 0.00137,
        "precision_at_20": 0.03462,
        "precision_at_3": 0.12308,
        "precision_at_5": 0.08923,
        "recall_at_1": 0.07615,
        "recall_at_10": 0.29641,
        "recall_at_100": 0.60769,
        "recall_at_1000": 0.71923,
        "recall_at_20": 0.36308,
        "recall_at_3": 0.18949,
        "recall_at_5": 0.22282
      }
    ]
  },
  "task_name": "BrightTheoremqaTheorems"
}