{
  "dataset_revision": "3066d29",
  "evaluation_time": 952.3966536521912,
  "kg_co2_emissions": null,
  "mteb_version": "1.14.12",
  "scores": {
    "standard": [
      {
        "hf_subset": "theoremqa_theorems",
        "languages": [
          "eng-Latn"
        ],
        "main_score": 0.0479,
        "map_at_1": 0.0,
        "map_at_10": 0.03163,
        "map_at_100": 0.03867,
        "map_at_1000": 0.0397,
        "map_at_20": 0.03516,
        "map_at_3": 0.02632,
        "map_at_5": 0.02719,
        "mrr_at_1": 0.0,
        "mrr_at_10": 0.03698830409356726,
        "mrr_at_100": 0.04674871783138816,
        "mrr_at_1000": 0.04763248385990803,
        "mrr_at_20": 0.04265404222630881,
        "mrr_at_3": 0.03289473684210526,
        "mrr_at_5": 0.035526315789473684,
        "nauc_map_at_1000_diff1": 0.3856999509496087,
        "nauc_map_at_1000_max": 0.45241315714167757,
        "nauc_map_at_1000_std": 0.291260053529546,
        "nauc_map_at_100_diff1": 0.38912203218718666,
        "nauc_map_at_100_max": 0.45567689484354496,
        "nauc_map_at_100_std": 0.2865440606690899,
        "nauc_map_at_10_diff1": 0.4287451593297176,
        "nauc_map_at_10_max": 0.5268296567259403,
        "nauc_map_at_10_std": 0.29026302847125135,
        "nauc_map_at_1_diff1": NaN,
        "nauc_map_at_1_max": NaN,
        "nauc_map_at_1_std": NaN,
        "nauc_map_at_20_diff1": 0.4013096708530605,
        "nauc_map_at_20_max": 0.48465820238274143,
        "nauc_map_at_20_std": 0.2855673810442035,
        "nauc_map_at_3_diff1": 0.48910595159749365,
        "nauc_map_at_3_max": 0.5798820235414945,
        "nauc_map_at_3_std": 0.2597526508296803,
        "nauc_map_at_5_diff1": 0.45977386211653276,
        "nauc_map_at_5_max": 0.5507890760069352,
        "nauc_map_at_5_std": 0.23506704961728972,
        "nauc_mrr_at_1000_diff1": 0.3633703254824203,
        "nauc_mrr_at_1000_max": 0.41178426107310917,
        "nauc_mrr_at_1000_std": 0.31902237709815595,
        "nauc_mrr_at_100_diff1": 0.36407770122615435,
        "nauc_mrr_at_100_max": 0.409895397365899,
        "nauc_mrr_at_100_std": 0.3145162634771777,
        "nauc_mrr_at_10_diff1": 0.46101736401940396,
        "nauc_mrr_at_10_max": 0.5516080854786826,
        "nauc_mrr_at_10_std": 0.3776173020517866,
        "nauc_mrr_at_1_diff1": NaN,
        "nauc_mrr_at_1_max": NaN,
        "nauc_mrr_at_1_std": NaN,
        "nauc_mrr_at_20_diff1": 0.37126380812205056,
        "nauc_mrr_at_20_max": 0.43560585946018365,
        "nauc_mrr_at_20_std": 0.31231441944653465,
        "nauc_mrr_at_3_diff1": 0.5612865418392693,
        "nauc_mrr_at_3_max": 0.6414993267554088,
        "nauc_mrr_at_3_std": 0.460536487884465,
        "nauc_mrr_at_5_diff1": 0.48858466301322706,
        "nauc_mrr_at_5_max": 0.5701290544009452,
        "nauc_mrr_at_5_std": 0.38897815642973216,
        "nauc_ndcg_at_1000_diff1": 0.2796120884354149,
        "nauc_ndcg_at_1000_max": 0.256449354729736,
        "nauc_ndcg_at_1000_std": 0.3293758179491528,
        "nauc_ndcg_at_100_diff1": 0.293789914071413,
        "nauc_ndcg_at_100_max": 0.26765049542615693,
        "nauc_ndcg_at_100_std": 0.2843997933409137,
        "nauc_ndcg_at_10_diff1": 0.4220146285381497,
        "nauc_ndcg_at_10_max": 0.516962505268504,
        "nauc_ndcg_at_10_std": 0.33813982866261455,
        "nauc_ndcg_at_1_diff1": NaN,
        "nauc_ndcg_at_1_max": NaN,
        "nauc_ndcg_at_1_std": NaN,
        "nauc_ndcg_at_20_diff1": 0.30824490911865443,
        "nauc_ndcg_at_20_max": 0.3644867031424589,
        "nauc_ndcg_at_20_std": 0.27549958123493457,
        "nauc_ndcg_at_3_diff1": 0.5338064421269083,
        "nauc_ndcg_at_3_max": 0.6118433400419764,
        "nauc_ndcg_at_3_std": 0.3533010541470766,
        "nauc_ndcg_at_5_diff1": 0.4761897121929394,
        "nauc_ndcg_at_5_max": 0.555443728764757,
        "nauc_ndcg_at_5_std": 0.3014335375022739,
        "nauc_precision_at_1000_diff1": 0.07114505957165178,
        "nauc_precision_at_1000_max": -0.0058471662869905286,
        "nauc_precision_at_1000_std": 0.29015416131524396,
        "nauc_precision_at_100_diff1": 0.13573545300409245,
        "nauc_precision_at_100_max": 0.021794024505027803,
        "nauc_precision_at_100_std": 0.2000387974231829,
        "nauc_precision_at_10_diff1": 0.2596244942234879,
        "nauc_precision_at_10_max": 0.4247171690783302,
        "nauc_precision_at_10_std": 0.30856503730397244,
        "nauc_precision_at_1_diff1": NaN,
        "nauc_precision_at_1_max": NaN,
        "nauc_precision_at_1_std": NaN,
        "nauc_precision_at_20_diff1": 0.09977294658112319,
        "nauc_precision_at_20_max": 0.16547291628068425,
        "nauc_precision_at_20_std": 0.1914065556390892,
        "nauc_precision_at_3_diff1": 0.4517401380151684,
        "nauc_precision_at_3_max": 0.6158921358093665,
        "nauc_precision_at_3_std": 0.37317626864126047,
        "nauc_precision_at_5_diff1": 0.34274901797423507,
        "nauc_precision_at_5_max": 0.49865570007946464,
        "nauc_precision_at_5_std": 0.2633416117167996,
        "nauc_recall_at_1000_diff1": 0.22060690507922248,
        "nauc_recall_at_1000_max": 0.10785133865999032,
        "nauc_recall_at_1000_std": 0.3753254358846791,
        "nauc_recall_at_100_diff1": 0.23029728605204633,
        "nauc_recall_at_100_max": 0.11848512095097245,
        "nauc_recall_at_100_std": 0.28192299395500114,
        "nauc_recall_at_10_diff1": 0.42857562179132264,
        "nauc_recall_at_10_max": 0.5133747451656419,
        "nauc_recall_at_10_std": 0.37132229212069007,
        "nauc_recall_at_1_diff1": NaN,
        "nauc_recall_at_1_max": NaN,
        "nauc_recall_at_1_std": NaN,
        "nauc_recall_at_20_diff1": 0.23890814777796016,
        "nauc_recall_at_20_max": 0.2689849797927193,
        "nauc_recall_at_20_std": 0.2628362814454448,
        "nauc_recall_at_3_diff1": 0.5735756629006865,
        "nauc_recall_at_3_max": 0.6265617987035507,
        "nauc_recall_at_3_std": 0.37650331046898966,
        "nauc_recall_at_5_diff1": 0.5050401811618601,
        "nauc_recall_at_5_max": 0.561143788446075,
        "nauc_recall_at_5_std": 0.3156754279018575,
        "ndcg_at_1": 0.0,
        "ndcg_at_10": 0.0479,
        "ndcg_at_100": 0.09038,
        "ndcg_at_1000": 0.10792,
        "ndcg_at_20": 0.06256,
        "ndcg_at_3": 0.03716,
        "ndcg_at_5": 0.03955,
        "precision_at_1": 0.0,
        "precision_at_10": 0.01579,
        "precision_at_100": 0.00513,
        "precision_at_1000": 0.0007,
        "precision_at_20": 0.01316,
        "precision_at_3": 0.0307,
        "precision_at_5": 0.02105,
        "recall_at_1": 0.0,
        "recall_at_10": 0.08443,
        "recall_at_100": 0.26096,
        "recall_at_1000": 0.36842,
        "recall_at_20": 0.13158,
        "recall_at_3": 0.05921,
        "recall_at_5": 0.0636
      }
    ]
  },
  "task_name": "BrightTheoremqaTheorems"
}