{
  "dataset_revision": "3066d29",
  "evaluation_time": 8071.97928071022,
  "kg_co2_emissions": null,
  "mteb_version": "1.14.12",
  "scores": {
    "standard": [
      {
        "hf_subset": "leetcode",
        "languages": [
          "eng-Latn"
        ],
        "main_score": 0.33155,
        "map_at_1": 0.16373,
        "map_at_10": 0.26627,
        "map_at_100": 0.28061,
        "map_at_1000": 0.28128,
        "map_at_20": 0.2743,
        "map_at_3": 0.22942,
        "map_at_5": 0.2503,
        "mrr_at_1": 0.30985915492957744,
        "mrr_at_10": 0.38818186899172824,
        "mrr_at_100": 0.3983637921785794,
        "mrr_at_1000": 0.3985159575089055,
        "mrr_at_20": 0.3948989152208859,
        "mrr_at_3": 0.36619718309859156,
        "mrr_at_5": 0.37781690140845076,
        "nauc_map_at_1000_diff1": 0.44912132665594184,
        "nauc_map_at_1000_max": 0.5278894722912748,
        "nauc_map_at_1000_std": -0.017334943534421176,
        "nauc_map_at_100_diff1": 0.4482267352618976,
        "nauc_map_at_100_max": 0.5271826483040316,
        "nauc_map_at_100_std": -0.016810956847611497,
        "nauc_map_at_10_diff1": 0.45155431769173127,
        "nauc_map_at_10_max": 0.5225345283306287,
        "nauc_map_at_10_std": -0.021503167399095285,
        "nauc_map_at_1_diff1": 0.5600761469744677,
        "nauc_map_at_1_max": 0.5087309747586679,
        "nauc_map_at_1_std": -0.06583654102031264,
        "nauc_map_at_20_diff1": 0.45025373432879456,
        "nauc_map_at_20_max": 0.5263195193864726,
        "nauc_map_at_20_std": -0.018667677266624945,
        "nauc_map_at_3_diff1": 0.5109291858156978,
        "nauc_map_at_3_max": 0.5284481965448867,
        "nauc_map_at_3_std": 0.021827735803516015,
        "nauc_map_at_5_diff1": 0.46645557466301873,
        "nauc_map_at_5_max": 0.5305092776863692,
        "nauc_map_at_5_std": -0.01166328570720137,
        "nauc_mrr_at_1000_diff1": 0.5191756586910752,
        "nauc_mrr_at_1000_max": 0.5800340859936319,
        "nauc_mrr_at_1000_std": 0.054867260563512994,
        "nauc_mrr_at_100_diff1": 0.5192082800668699,
        "nauc_mrr_at_100_max": 0.5800733424052444,
        "nauc_mrr_at_100_std": 0.05468853882780494,
        "nauc_mrr_at_10_diff1": 0.5163886458317287,
        "nauc_mrr_at_10_max": 0.5775483435648536,
        "nauc_mrr_at_10_std": 0.05521326677955268,
        "nauc_mrr_at_1_diff1": 0.619359869779415,
        "nauc_mrr_at_1_max": 0.6058244612273123,
        "nauc_mrr_at_1_std": 0.04103875409037734,
        "nauc_mrr_at_20_diff1": 0.5187011630286131,
        "nauc_mrr_at_20_max": 0.579811979778805,
        "nauc_mrr_at_20_std": 0.05592548440564328,
        "nauc_mrr_at_3_diff1": 0.5470056946477693,
        "nauc_mrr_at_3_max": 0.5825603647475504,
        "nauc_mrr_at_3_std": 0.07649029509223663,
        "nauc_mrr_at_5_diff1": 0.5319903382170702,
        "nauc_mrr_at_5_max": 0.5853298131688855,
        "nauc_mrr_at_5_std": 0.06275943744419946,
        "nauc_ndcg_at_1000_diff1": 0.42723923265394975,
        "nauc_ndcg_at_1000_max": 0.5315488278302595,
        "nauc_ndcg_at_1000_std": 0.004851370708330446,
        "nauc_ndcg_at_100_diff1": 0.42127555700407826,
        "nauc_ndcg_at_100_max": 0.5278740152036693,
        "nauc_ndcg_at_100_std": 0.008732329773692205,
        "nauc_ndcg_at_10_diff1": 0.41991436993565107,
        "nauc_ndcg_at_10_max": 0.515553317950755,
        "nauc_ndcg_at_10_std": -0.0017100068509703832,
        "nauc_ndcg_at_1_diff1": 0.619359869779415,
        "nauc_ndcg_at_1_max": 0.6058244612273123,
        "nauc_ndcg_at_1_std": 0.04103875409037734,
        "nauc_ndcg_at_20_diff1": 0.4205275807943536,
        "nauc_ndcg_at_20_max": 0.5274132729590787,
        "nauc_ndcg_at_20_std": 0.00594529469579346,
        "nauc_ndcg_at_3_diff1": 0.500604272871498,
        "nauc_ndcg_at_3_max": 0.5616226214302932,
        "nauc_ndcg_at_3_std": 0.05105916878250598,
        "nauc_ndcg_at_5_diff1": 0.45566254141390816,
        "nauc_ndcg_at_5_max": 0.5347152385516042,
        "nauc_ndcg_at_5_std": 0.017669331013980032,
        "nauc_precision_at_1000_diff1": 0.19912174593528897,
        "nauc_precision_at_1000_max": 0.41190142129128376,
        "nauc_precision_at_1000_std": -0.010618502548321666,
        "nauc_precision_at_100_diff1": 0.16842061194370214,
        "nauc_precision_at_100_max": 0.41585994098615914,
        "nauc_precision_at_100_std": 0.016670208705029655,
        "nauc_precision_at_10_diff1": 0.24999609667804087,
        "nauc_precision_at_10_max": 0.4880504118154366,
        "nauc_precision_at_10_std": -0.008854250352918919,
        "nauc_precision_at_1_diff1": 0.619359869779415,
        "nauc_precision_at_1_max": 0.6058244612273123,
        "nauc_precision_at_1_std": 0.04103875409037734,
        "nauc_precision_at_20_diff1": 0.22399237431524838,
        "nauc_precision_at_20_max": 0.4962308588670409,
        "nauc_precision_at_20_std": -0.007687675737317823,
        "nauc_precision_at_3_diff1": 0.4338565808250445,
        "nauc_precision_at_3_max": 0.5582476444156846,
        "nauc_precision_at_3_std": 0.12017978656248443,
        "nauc_precision_at_5_diff1": 0.3199451232398161,
        "nauc_precision_at_5_max": 0.5489836546952701,
        "nauc_precision_at_5_std": 0.021256186316286497,
        "nauc_recall_at_1000_diff1": 0.16508613890657134,
        "nauc_recall_at_1000_max": 0.30919738228256816,
        "nauc_recall_at_1000_std": 0.0008686230388366211,
        "nauc_recall_at_100_diff1": 0.14422754620878275,
        "nauc_recall_at_100_max": 0.29172038337482875,
        "nauc_recall_at_100_std": 0.016312297485892795,
        "nauc_recall_at_10_diff1": 0.2204875399659604,
        "nauc_recall_at_10_max": 0.3689258388589486,
        "nauc_recall_at_10_std": -0.017823023115322006,
        "nauc_recall_at_1_diff1": 0.5600761469744677,
        "nauc_recall_at_1_max": 0.5087309747586679,
        "nauc_recall_at_1_std": -0.06583654102031264,
        "nauc_recall_at_20_diff1": 0.20262383987398977,
        "nauc_recall_at_20_max": 0.37272932424540317,
        "nauc_recall_at_20_std": 0.015383757881879019,
        "nauc_recall_at_3_diff1": 0.4024307773538347,
        "nauc_recall_at_3_max": 0.46565317455945493,
        "nauc_recall_at_3_std": 0.0865698728224481,
        "nauc_recall_at_5_diff1": 0.31494189834116987,
        "nauc_recall_at_5_max": 0.42943700569035304,
        "nauc_recall_at_5_std": 0.02457416889321699,
        "ndcg_at_1": 0.30986,
        "ndcg_at_10": 0.33155,
        "ndcg_at_100": 0.39885,
        "ndcg_at_1000": 0.40628,
        "ndcg_at_20": 0.35931,
        "ndcg_at_3": 0.28571,
        "ndcg_at_5": 0.30096,
        "precision_at_1": 0.30986,
        "precision_at_10": 0.08169,
        "precision_at_100": 0.01296,
        "precision_at_1000": 0.00139,
        "precision_at_20": 0.04859,
        "precision_at_3": 0.1831,
        "precision_at_5": 0.1338,
        "recall_at_1": 0.16373,
        "recall_at_10": 0.40681,
        "recall_at_100": 0.70223,
        "recall_at_1000": 0.74331,
        "recall_at_20": 0.50833,
        "recall_at_3": 0.27488,
        "recall_at_5": 0.32617
      }
    ]
  },
  "task_name": "BrightLeetcode"
}