{
  "dataset_revision": "a75a0eb",
  "evaluation_time": 7157.140400886536,
  "kg_co2_emissions": null,
  "mteb_version": "1.14.12",
  "scores": {
    "standard": [
      {
        "hf_subset": "aops",
        "languages": [
          "eng-Latn"
        ],
        "main_score": 0.04785,
        "map_at_1": 0.00558,
        "map_at_10": 0.02221,
        "map_at_100": 0.0304,
        "map_at_1000": 0.033,
        "map_at_20": 0.02619,
        "map_at_3": 0.01372,
        "map_at_5": 0.01941,
        "mrr_at_1": 0.02702702702702703,
        "mrr_at_10": 0.08228228228228228,
        "mrr_at_100": 0.09551124913205805,
        "mrr_at_1000": 0.09659574261910495,
        "mrr_at_20": 0.09181534916829034,
        "mrr_at_3": 0.05855855855855855,
        "mrr_at_5": 0.07522522522522522,
        "nauc_map_at_1000_diff1": -0.008310730610004239,
        "nauc_map_at_1000_max": 0.0785409386546562,
        "nauc_map_at_1000_std": -0.09151838295365287,
        "nauc_map_at_100_diff1": 0.001916972752310524,
        "nauc_map_at_100_max": 0.07321723484919723,
        "nauc_map_at_100_std": -0.12487055455278906,
        "nauc_map_at_10_diff1": 0.03254018697000427,
        "nauc_map_at_10_max": 0.09059739434772698,
        "nauc_map_at_10_std": -0.14107950443285794,
        "nauc_map_at_1_diff1": -0.3488902550564805,
        "nauc_map_at_1_max": -0.20780732339686753,
        "nauc_map_at_1_std": 0.0770561421665363,
        "nauc_map_at_20_diff1": 0.0162454440996574,
        "nauc_map_at_20_max": 0.0856475646939497,
        "nauc_map_at_20_std": -0.14232673458486958,
        "nauc_map_at_3_diff1": -0.011419447673223584,
        "nauc_map_at_3_max": 0.07049033933909042,
        "nauc_map_at_3_std": -0.09458617077931111,
        "nauc_map_at_5_diff1": 0.0599865058938515,
        "nauc_map_at_5_max": 0.12000469580901328,
        "nauc_map_at_5_std": -0.15003945672026328,
        "nauc_mrr_at_1000_diff1": -0.07395725846628844,
        "nauc_mrr_at_1000_max": 0.06042738529311456,
        "nauc_mrr_at_1000_std": 0.070404121591084,
        "nauc_mrr_at_100_diff1": -0.0728619558905419,
        "nauc_mrr_at_100_max": 0.060581453535628944,
        "nauc_mrr_at_100_std": 0.07014490203552826,
        "nauc_mrr_at_10_diff1": -0.079415485717158,
        "nauc_mrr_at_10_max": 0.047442043089926424,
        "nauc_mrr_at_10_std": 0.07495305679074556,
        "nauc_mrr_at_1_diff1": -0.36347596051430275,
        "nauc_mrr_at_1_max": -0.08021248342726897,
        "nauc_mrr_at_1_std": 0.36429465991740995,
        "nauc_mrr_at_20_diff1": -0.07103994159413098,
        "nauc_mrr_at_20_max": 0.061880568709919835,
        "nauc_mrr_at_20_std": 0.062436513730347344,
        "nauc_mrr_at_3_diff1": -0.07557687097054677,
        "nauc_mrr_at_3_max": 0.05981157587775651,
        "nauc_mrr_at_3_std": 0.11039164701438656,
        "nauc_mrr_at_5_diff1": -0.08681602618931301,
        "nauc_mrr_at_5_max": 0.04668318730041793,
        "nauc_mrr_at_5_std": 0.05937407443432752,
        "nauc_ndcg_at_1000_diff1": -0.06830930827348161,
        "nauc_ndcg_at_1000_max": 0.11270775052971857,
        "nauc_ndcg_at_1000_std": 0.12086578549258378,
        "nauc_ndcg_at_100_diff1": -0.0421321151675687,
        "nauc_ndcg_at_100_max": 0.04110471302972709,
        "nauc_ndcg_at_100_std": -0.06103741897387572,
        "nauc_ndcg_at_10_diff1": -0.005723764302946388,
        "nauc_ndcg_at_10_max": 0.05650937274362412,
        "nauc_ndcg_at_10_std": -0.08939179129933943,
        "nauc_ndcg_at_1_diff1": -0.36347596051430275,
        "nauc_ndcg_at_1_max": -0.08021248342726897,
        "nauc_ndcg_at_1_std": 0.36429465991740995,
        "nauc_ndcg_at_20_diff1": -0.017167851799827334,
        "nauc_ndcg_at_20_max": 0.06608736675687846,
        "nauc_ndcg_at_20_std": -0.10867732709425997,
        "nauc_ndcg_at_3_diff1": -0.048722210433074044,
        "nauc_ndcg_at_3_max": 0.05546683199149358,
        "nauc_ndcg_at_3_std": 0.08530772791889098,
        "nauc_ndcg_at_5_diff1": -0.0014711029909477541,
        "nauc_ndcg_at_5_max": 0.07340867184427408,
        "nauc_ndcg_at_5_std": -0.07205355656623026,
        "nauc_precision_at_1000_diff1": -0.07184401496735705,
        "nauc_precision_at_1000_max": 0.19683869659228312,
        "nauc_precision_at_1000_std": 0.46021986436715256,
        "nauc_precision_at_100_diff1": -0.06042550651821561,
        "nauc_precision_at_100_max": 0.02425513217782111,
        "nauc_precision_at_100_std": 0.10656111180254657,
        "nauc_precision_at_10_diff1": -0.0071079113835209404,
        "nauc_precision_at_10_max": 0.05665318444002258,
        "nauc_precision_at_10_std": 0.006156784781275181,
        "nauc_precision_at_1_diff1": -0.36347596051430275,
        "nauc_precision_at_1_max": -0.08021248342726897,
        "nauc_precision_at_1_std": 0.36429465991740995,
        "nauc_precision_at_20_diff1": -0.019895544943161283,
        "nauc_precision_at_20_max": 0.08817467181137864,
        "nauc_precision_at_20_std": -0.003390176656541193,
        "nauc_precision_at_3_diff1": 0.010719858901508927,
        "nauc_precision_at_3_max": 0.07062996684122098,
        "nauc_precision_at_3_std": 0.05307656397900373,
        "nauc_precision_at_5_diff1": 0.0045916765937949605,
        "nauc_precision_at_5_max": 0.0574886819545971,
        "nauc_precision_at_5_std": -0.07490906744772806,
        "nauc_recall_at_1000_diff1": -0.09680727094637036,
        "nauc_recall_at_1000_max": 0.12016051662351454,
        "nauc_recall_at_1000_std": 0.15611782102699073,
        "nauc_recall_at_100_diff1": -0.06837499914420613,
        "nauc_recall_at_100_max": -0.017105561562840044,
        "nauc_recall_at_100_std": -0.12553662588936443,
        "nauc_recall_at_10_diff1": -0.015825895827458837,
        "nauc_recall_at_10_max": -0.0081238182612389,
        "nauc_recall_at_10_std": -0.1791237133049623,
        "nauc_recall_at_1_diff1": -0.3488902550564805,
        "nauc_recall_at_1_max": -0.20780732339686753,
        "nauc_recall_at_1_std": 0.0770561421665363,
        "nauc_recall_at_20_diff1": -0.035084937957774634,
        "nauc_recall_at_20_max": 0.010747785253483551,
        "nauc_recall_at_20_std": -0.20609374857110516,
        "nauc_recall_at_3_diff1": 0.05284440372985519,
        "nauc_recall_at_3_max": 0.09667508372118971,
        "nauc_recall_at_3_std": -0.11187036748664879,
        "nauc_recall_at_5_diff1": 0.07864758311294663,
        "nauc_recall_at_5_max": 0.11914927861976835,
        "nauc_recall_at_5_std": -0.17922726179250315,
        "ndcg_at_1": 0.02703,
        "ndcg_at_10": 0.04785,
        "ndcg_at_100": 0.0978,
        "ndcg_at_1000": 0.15731,
        "ndcg_at_20": 0.06606,
        "ndcg_at_3": 0.03301,
        "ndcg_at_5": 0.04303,
        "precision_at_1": 0.02703,
        "precision_at_10": 0.02613,
        "precision_at_100": 0.01,
        "precision_at_1000": 0.0025,
        "precision_at_20": 0.02342,
        "precision_at_3": 0.03303,
        "precision_at_5": 0.03964,
        "recall_at_1": 0.00558,
        "recall_at_10": 0.06478,
        "recall_at_100": 0.22158,
        "recall_at_1000": 0.52708,
        "recall_at_20": 0.11025,
        "recall_at_3": 0.02429,
        "recall_at_5": 0.04322
      }
    ]
  },
  "task_name": "BrightRetrieval"
}