{
  "dataset_revision": "a75a0eb",
  "evaluation_time": 1544.2435116767883,
  "kg_co2_emissions": null,
  "mteb_version": "1.14.12",
  "scores": {
    "standard": [
      {
        "hf_subset": "theoremqa_theorems",
        "languages": [
          "eng-Latn"
        ],
        "main_score": 0.12914,
        "map_at_1": 0.05513,
        "map_at_10": 0.0923,
        "map_at_100": 0.10244,
        "map_at_1000": 0.10417,
        "map_at_20": 0.09668,
        "map_at_3": 0.06966,
        "map_at_5": 0.07889,
        "mrr_at_1": 0.1076923076923077,
        "mrr_at_10": 0.1397374847374848,
        "mrr_at_100": 0.14825639223971468,
        "mrr_at_1000": 0.14939427925927232,
        "mrr_at_20": 0.14370623594605497,
        "mrr_at_3": 0.11794871794871795,
        "mrr_at_5": 0.12487179487179488,
        "nauc_map_at_1000_diff1": 0.39429966772898656,
        "nauc_map_at_1000_max": 0.30224704309084555,
        "nauc_map_at_1000_std": 0.39327641484123904,
        "nauc_map_at_100_diff1": 0.39099798031475663,
        "nauc_map_at_100_max": 0.3019050034152154,
        "nauc_map_at_100_std": 0.393787218624268,
        "nauc_map_at_10_diff1": 0.37775070121806203,
        "nauc_map_at_10_max": 0.3014432354930321,
        "nauc_map_at_10_std": 0.39539417614553096,
        "nauc_map_at_1_diff1": 0.49493523143562324,
        "nauc_map_at_1_max": 0.32409828601770385,
        "nauc_map_at_1_std": 0.4457675064265533,
        "nauc_map_at_20_diff1": 0.3908545173191319,
        "nauc_map_at_20_max": 0.2932035698637859,
        "nauc_map_at_20_std": 0.38904995633678136,
        "nauc_map_at_3_diff1": 0.46110368102991967,
        "nauc_map_at_3_max": 0.3230917901228368,
        "nauc_map_at_3_std": 0.5031401819452862,
        "nauc_map_at_5_diff1": 0.42277211710606805,
        "nauc_map_at_5_max": 0.3646501268094757,
        "nauc_map_at_5_std": 0.5036086127196208,
        "nauc_mrr_at_1000_diff1": 0.2863475329725409,
        "nauc_mrr_at_1000_max": 0.22881046632912547,
        "nauc_mrr_at_1000_std": 0.26052780644755097,
        "nauc_mrr_at_100_diff1": 0.2858995096918368,
        "nauc_mrr_at_100_max": 0.2290349669269737,
        "nauc_mrr_at_100_std": 0.25973292729999325,
        "nauc_mrr_at_10_diff1": 0.28064662216483865,
        "nauc_mrr_at_10_max": 0.21703564818873572,
        "nauc_mrr_at_10_std": 0.25500745699682215,
        "nauc_mrr_at_1_diff1": 0.318473373296023,
        "nauc_mrr_at_1_max": 0.24363522785902483,
        "nauc_mrr_at_1_std": 0.35588301604003614,
        "nauc_mrr_at_20_diff1": 0.28491096331682975,
        "nauc_mrr_at_20_max": 0.22512122186771308,
        "nauc_mrr_at_20_std": 0.2572760149118421,
        "nauc_mrr_at_3_diff1": 0.28644664270196235,
        "nauc_mrr_at_3_max": 0.24050289717800458,
        "nauc_mrr_at_3_std": 0.31969641224552936,
        "nauc_mrr_at_5_diff1": 0.3099220788030895,
        "nauc_mrr_at_5_max": 0.26758603200285785,
        "nauc_mrr_at_5_std": 0.3224147344956623,
        "nauc_ndcg_at_1000_diff1": 0.37876309761913957,
        "nauc_ndcg_at_1000_max": 0.2552397171638683,
        "nauc_ndcg_at_1000_std": 0.31067074230855385,
        "nauc_ndcg_at_100_diff1": 0.33824255242080725,
        "nauc_ndcg_at_100_max": 0.2625279279074755,
        "nauc_ndcg_at_100_std": 0.2813306391502428,
        "nauc_ndcg_at_10_diff1": 0.3013032273912598,
        "nauc_ndcg_at_10_max": 0.22801963273311376,
        "nauc_ndcg_at_10_std": 0.25375209276930416,
        "nauc_ndcg_at_1_diff1": 0.318473373296023,
        "nauc_ndcg_at_1_max": 0.24363522785902483,
        "nauc_ndcg_at_1_std": 0.35588301604003614,
        "nauc_ndcg_at_20_diff1": 0.3295776855844884,
        "nauc_ndcg_at_20_max": 0.22229750904464385,
        "nauc_ndcg_at_20_std": 0.2491852810635757,
        "nauc_ndcg_at_3_diff1": 0.38453206808904106,
        "nauc_ndcg_at_3_max": 0.29028726029343793,
        "nauc_ndcg_at_3_std": 0.43166962530549974,
        "nauc_ndcg_at_5_diff1": 0.3834950203738902,
        "nauc_ndcg_at_5_max": 0.343803300437866,
        "nauc_ndcg_at_5_std": 0.4394224984654543,
        "nauc_precision_at_1000_diff1": 0.27071524885114945,
        "nauc_precision_at_1000_max": 0.11050670324767614,
        "nauc_precision_at_1000_std": 0.07069378879742165,
        "nauc_precision_at_100_diff1": 0.25171301141063296,
        "nauc_precision_at_100_max": 0.21017364652480694,
        "nauc_precision_at_100_std": 0.10052455545232343,
        "nauc_precision_at_10_diff1": 0.17499215150859185,
        "nauc_precision_at_10_max": 0.1535470783974929,
        "nauc_precision_at_10_std": 0.0941297847229905,
        "nauc_precision_at_1_diff1": 0.318473373296023,
        "nauc_precision_at_1_max": 0.24363522785902483,
        "nauc_precision_at_1_std": 0.35588301604003614,
        "nauc_precision_at_20_diff1": 0.2480821828695721,
        "nauc_precision_at_20_max": 0.10718057045552652,
        "nauc_precision_at_20_std": 0.04507699482415956,
        "nauc_precision_at_3_diff1": 0.27728532255035643,
        "nauc_precision_at_3_max": 0.2550458657088977,
        "nauc_precision_at_3_std": 0.4021327320578035,
        "nauc_precision_at_5_diff1": 0.26884004337801753,
        "nauc_precision_at_5_max": 0.35741263321047845,
        "nauc_precision_at_5_std": 0.3948760103033105,
        "nauc_recall_at_1000_diff1": 0.47807431507299253,
        "nauc_recall_at_1000_max": 0.17825477620221022,
        "nauc_recall_at_1000_std": 0.4281533449734834,
        "nauc_recall_at_100_diff1": 0.27920667082046313,
        "nauc_recall_at_100_max": 0.2368376431686183,
        "nauc_recall_at_100_std": 0.2112549896996787,
        "nauc_recall_at_10_diff1": 0.2014153793096188,
        "nauc_recall_at_10_max": 0.13421395184492993,
        "nauc_recall_at_10_std": 0.07799950457727961,
        "nauc_recall_at_1_diff1": 0.49493523143562324,
        "nauc_recall_at_1_max": 0.32409828601770385,
        "nauc_recall_at_1_std": 0.4457675064265533,
        "nauc_recall_at_20_diff1": 0.25623792306207493,
        "nauc_recall_at_20_max": 0.13525529421261842,
        "nauc_recall_at_20_std": 0.09982768532958966,
        "nauc_recall_at_3_diff1": 0.42311705542887096,
        "nauc_recall_at_3_max": 0.2913790831211324,
        "nauc_recall_at_3_std": 0.4619041927629488,
        "nauc_recall_at_5_diff1": 0.38935018167954977,
        "nauc_recall_at_5_max": 0.38374709553755687,
        "nauc_recall_at_5_std": 0.4681316219409307,
        "ndcg_at_1": 0.10769,
        "ndcg_at_10": 0.12914,
        "ndcg_at_100": 0.17936,
        "ndcg_at_1000": 0.2206,
        "ndcg_at_20": 0.14415,
        "ndcg_at_3": 0.08515,
        "ndcg_at_5": 0.09692,
        "precision_at_1": 0.10769,
        "precision_at_10": 0.03846,
        "precision_at_100": 0.00785,
        "precision_at_1000": 0.00131,
        "precision_at_20": 0.02462,
        "precision_at_3": 0.05641,
        "precision_at_5": 0.04615,
        "recall_at_1": 0.05513,
        "recall_at_10": 0.18974,
        "recall_at_100": 0.39718,
        "recall_at_1000": 0.68205,
        "recall_at_20": 0.23846,
        "recall_at_3": 0.08077,
        "recall_at_5": 0.10385
      }
    ]
  },
  "task_name": "BrightRetrieval"
}