{
  "dataset_revision": "3066d29",
  "evaluation_time": 3617.6854231357574,
  "kg_co2_emissions": null,
  "mteb_version": "1.14.12",
  "scores": {
    "standard": [
      {
        "hf_subset": "aops",
        "languages": [
          "eng-Latn"
        ],
        "main_score": 0.03656,
        "map_at_1": 0.01351,
        "map_at_10": 0.02388,
        "map_at_100": 0.0283,
        "map_at_1000": 0.02857,
        "map_at_20": 0.0256,
        "map_at_3": 0.02238,
        "map_at_5": 0.02341,
        "mrr_at_1": 0.036036036036036036,
        "mrr_at_10": 0.06201201201201202,
        "mrr_at_100": 0.07085056279330881,
        "mrr_at_1000": 0.07120265015998163,
        "mrr_at_20": 0.06691337058984118,
        "mrr_at_3": 0.05255255255255255,
        "mrr_at_5": 0.059759759759759765,
        "nauc_map_at_1000_diff1": 0.13993758868500242,
        "nauc_map_at_1000_max": -0.11489801260507601,
        "nauc_map_at_1000_std": 0.00671368518139914,
        "nauc_map_at_100_diff1": 0.14314563783833856,
        "nauc_map_at_100_max": -0.11283372209953499,
        "nauc_map_at_100_std": 0.009326822655884663,
        "nauc_map_at_10_diff1": 0.18947516603632955,
        "nauc_map_at_10_max": -0.12484517237573486,
        "nauc_map_at_10_std": -0.01539235626094792,
        "nauc_map_at_1_diff1": 0.20417096170084792,
        "nauc_map_at_1_max": -0.29364629103616907,
        "nauc_map_at_1_std": -0.08271533896411958,
        "nauc_map_at_20_diff1": 0.16157292837322978,
        "nauc_map_at_20_max": -0.11936484652462184,
        "nauc_map_at_20_std": -0.009452589008243384,
        "nauc_map_at_3_diff1": 0.19283020311224372,
        "nauc_map_at_3_max": -0.13020932037977523,
        "nauc_map_at_3_std": -0.030199204400111392,
        "nauc_map_at_5_diff1": 0.1963532278376365,
        "nauc_map_at_5_max": -0.12863956449227842,
        "nauc_map_at_5_std": -0.015967505371565535,
        "nauc_mrr_at_1000_diff1": 0.12931176789466758,
        "nauc_mrr_at_1000_max": -0.03309050346587887,
        "nauc_mrr_at_1000_std": 0.1393457203490968,
        "nauc_mrr_at_100_diff1": 0.13113859598919284,
        "nauc_mrr_at_100_max": -0.03330837762716976,
        "nauc_mrr_at_100_std": 0.13941838001613838,
        "nauc_mrr_at_10_diff1": 0.16462202287880803,
        "nauc_mrr_at_10_max": -0.0426194861789949,
        "nauc_mrr_at_10_std": 0.12903672360719112,
        "nauc_mrr_at_1_diff1": 0.25295688906459585,
        "nauc_mrr_at_1_max": -0.23772740377804216,
        "nauc_mrr_at_1_std": -0.06920491063449602,
        "nauc_mrr_at_20_diff1": 0.1350068517209216,
        "nauc_mrr_at_20_max": -0.026795867516285793,
        "nauc_mrr_at_20_std": 0.1465334011881945,
        "nauc_mrr_at_3_diff1": 0.1604249376840485,
        "nauc_mrr_at_3_max": -0.04952788680427677,
        "nauc_mrr_at_3_std": 0.10142792251532853,
        "nauc_mrr_at_5_diff1": 0.17352834043555648,
        "nauc_mrr_at_5_max": -0.05342140150867355,
        "nauc_mrr_at_5_std": 0.1275003917896351,
        "nauc_ndcg_at_1000_diff1": -0.009492410306801704,
        "nauc_ndcg_at_1000_max": -0.042439426195356005,
        "nauc_ndcg_at_1000_std": 0.08811682022906686,
        "nauc_ndcg_at_100_diff1": 0.0194014332791095,
        "nauc_ndcg_at_100_max": -0.02697081338444359,
        "nauc_ndcg_at_100_std": 0.11023447566095304,
        "nauc_ndcg_at_10_diff1": 0.15364137673543732,
        "nauc_ndcg_at_10_max": -0.04369528380092925,
        "nauc_ndcg_at_10_std": 0.08972052642276905,
        "nauc_ndcg_at_1_diff1": 0.25295688906459585,
        "nauc_ndcg_at_1_max": -0.23772740377804216,
        "nauc_ndcg_at_1_std": -0.06920491063449602,
        "nauc_ndcg_at_20_diff1": 0.08615104135286855,
        "nauc_ndcg_at_20_max": -0.022814245811574672,
        "nauc_ndcg_at_20_std": 0.11099355096832114,
        "nauc_ndcg_at_3_diff1": 0.12297676907763862,
        "nauc_ndcg_at_3_max": -0.04775682043165189,
        "nauc_ndcg_at_3_std": 0.058257546064680164,
        "nauc_ndcg_at_5_diff1": 0.16283594397695542,
        "nauc_ndcg_at_5_max": -0.05363563915220091,
        "nauc_ndcg_at_5_std": 0.0952363013618938,
        "nauc_precision_at_1000_diff1": -0.22414010756185151,
        "nauc_precision_at_1000_max": -0.04069217279722115,
        "nauc_precision_at_1000_std": 0.059758982384329515,
        "nauc_precision_at_100_diff1": -0.17817857856764713,
        "nauc_precision_at_100_max": -0.020321238751650393,
        "nauc_precision_at_100_std": 0.11582126010353046,
        "nauc_precision_at_10_diff1": 0.10178423249174491,
        "nauc_precision_at_10_max": 0.04109033254125133,
        "nauc_precision_at_10_std": 0.1890138048591224,
        "nauc_precision_at_1_diff1": 0.25295688906459585,
        "nauc_precision_at_1_max": -0.23772740377804216,
        "nauc_precision_at_1_std": -0.06920491063449602,
        "nauc_precision_at_20_diff1": -0.0755528627540321,
        "nauc_precision_at_20_max": 0.07630613950667241,
        "nauc_precision_at_20_std": 0.2113516339623107,
        "nauc_precision_at_3_diff1": 0.07769530507418214,
        "nauc_precision_at_3_max": 0.03879515421105302,
        "nauc_precision_at_3_std": 0.13337322157657527,
        "nauc_precision_at_5_diff1": 0.13028773168115493,
        "nauc_precision_at_5_max": 0.007265390300884571,
        "nauc_precision_at_5_std": 0.18898052081319947,
        "nauc_recall_at_1000_diff1": -0.1477781046586064,
        "nauc_recall_at_1000_max": -0.014297002741201265,
        "nauc_recall_at_1000_std": 0.07123446426739659,
        "nauc_recall_at_100_diff1": -0.08769027915423401,
        "nauc_recall_at_100_max": 0.03263941540865647,
        "nauc_recall_at_100_std": 0.12866153601252542,
        "nauc_recall_at_10_diff1": 0.10750147578628928,
        "nauc_recall_at_10_max": 0.02882813441797148,
        "nauc_recall_at_10_std": 0.12939150627379484,
        "nauc_recall_at_1_diff1": 0.20417096170084792,
        "nauc_recall_at_1_max": -0.29364629103616907,
        "nauc_recall_at_1_std": -0.08271533896411958,
        "nauc_recall_at_20_diff1": 0.0025326359322125637,
        "nauc_recall_at_20_max": 0.04103537004480363,
        "nauc_recall_at_20_std": 0.15351114701397364,
        "nauc_recall_at_3_diff1": 0.11868038166692707,
        "nauc_recall_at_3_max": 0.03539243058419939,
        "nauc_recall_at_3_std": 0.10692320066695438,
        "nauc_recall_at_5_diff1": 0.1401248750859174,
        "nauc_recall_at_5_max": 0.01986307311814506,
        "nauc_recall_at_5_std": 0.1384094149797867,
        "ndcg_at_1": 0.03604,
        "ndcg_at_10": 0.03656,
        "ndcg_at_100": 0.06486,
        "ndcg_at_1000": 0.07009,
        "ndcg_at_20": 0.04401,
        "ndcg_at_3": 0.03476,
        "ndcg_at_5": 0.03656,
        "precision_at_1": 0.03604,
        "precision_at_10": 0.01441,
        "precision_at_100": 0.00559,
        "precision_at_1000": 0.00065,
        "precision_at_20": 0.01171,
        "precision_at_3": 0.03003,
        "precision_at_5": 0.02523,
        "recall_at_1": 0.01351,
        "recall_at_10": 0.0385,
        "recall_at_100": 0.1272,
        "recall_at_1000": 0.15208,
        "recall_at_20": 0.05534,
        "recall_at_3": 0.0296,
        "recall_at_5": 0.03475
      }
    ]
  },
  "task_name": "BrightAops"
}