{
  "dataset_revision": "3066d29",
  "evaluation_time": 11873.317805051804,
  "kg_co2_emissions": null,
  "mteb_version": "1.14.12",
  "scores": {
    "standard": [
      {
        "hf_subset": "aops",
        "languages": [
          "eng-Latn"
        ],
        "main_score": 0.10179,
        "map_at_1": 0.02799,
        "map_at_10": 0.06638,
        "map_at_100": 0.07554,
        "map_at_1000": 0.07577,
        "map_at_20": 0.07113,
        "map_at_3": 0.04692,
        "map_at_5": 0.05833,
        "mrr_at_1": 0.12612612612612611,
        "mrr_at_10": 0.1684184184184184,
        "mrr_at_100": 0.17992072330538345,
        "mrr_at_1000": 0.18038622391172474,
        "mrr_at_20": 0.17447683237156922,
        "mrr_at_3": 0.15915915915915918,
        "mrr_at_5": 0.16366366366366367,
        "nauc_map_at_1000_diff1": 0.2510159105108659,
        "nauc_map_at_1000_max": 0.38678253518969646,
        "nauc_map_at_1000_std": 0.10508092387728557,
        "nauc_map_at_100_diff1": 0.2509736701345884,
        "nauc_map_at_100_max": 0.3864379144071525,
        "nauc_map_at_100_std": 0.10591804255715574,
        "nauc_map_at_10_diff1": 0.2638657085200068,
        "nauc_map_at_10_max": 0.3791852815117537,
        "nauc_map_at_10_std": 0.07645444225334377,
        "nauc_map_at_1_diff1": 0.2455055573286263,
        "nauc_map_at_1_max": 0.07774818100132576,
        "nauc_map_at_1_std": -0.08721647372220172,
        "nauc_map_at_20_diff1": 0.245898693446376,
        "nauc_map_at_20_max": 0.3771402738555079,
        "nauc_map_at_20_std": 0.08910298430740451,
        "nauc_map_at_3_diff1": 0.23479930694827936,
        "nauc_map_at_3_max": 0.303231620858933,
        "nauc_map_at_3_std": 0.034536982394411025,
        "nauc_map_at_5_diff1": 0.2757561018724594,
        "nauc_map_at_5_max": 0.36686483918388796,
        "nauc_map_at_5_std": 0.04771142151527596,
        "nauc_mrr_at_1000_diff1": 0.2249675084464121,
        "nauc_mrr_at_1000_max": 0.2255841011215101,
        "nauc_mrr_at_1000_std": 0.11983887758753248,
        "nauc_mrr_at_100_diff1": 0.2242109646193899,
        "nauc_mrr_at_100_max": 0.22576860139895163,
        "nauc_mrr_at_100_std": 0.12087122547968827,
        "nauc_mrr_at_10_diff1": 0.22243530118336982,
        "nauc_mrr_at_10_max": 0.22262478057035354,
        "nauc_mrr_at_10_std": 0.10879390222354883,
        "nauc_mrr_at_1_diff1": 0.293551752352642,
        "nauc_mrr_at_1_max": 0.23721771129767552,
        "nauc_mrr_at_1_std": 0.02872260117020921,
        "nauc_mrr_at_20_diff1": 0.21954222765158066,
        "nauc_mrr_at_20_max": 0.22210455193182926,
        "nauc_mrr_at_20_std": 0.11800934695278315,
        "nauc_mrr_at_3_diff1": 0.20499034246632067,
        "nauc_mrr_at_3_max": 0.22350972886334972,
        "nauc_mrr_at_3_std": 0.10150789043425294,
        "nauc_mrr_at_5_diff1": 0.22060839807365065,
        "nauc_mrr_at_5_max": 0.22386996419223565,
        "nauc_mrr_at_5_std": 0.1005755867997345,
        "nauc_ndcg_at_1000_diff1": 0.23943366571859942,
        "nauc_ndcg_at_1000_max": 0.34918792744400373,
        "nauc_ndcg_at_1000_std": 0.17221697248418869,
        "nauc_ndcg_at_100_diff1": 0.23539916964508972,
        "nauc_ndcg_at_100_max": 0.34854755819934913,
        "nauc_ndcg_at_100_std": 0.18452254218749434,
        "nauc_ndcg_at_10_diff1": 0.23047123607376582,
        "nauc_ndcg_at_10_max": 0.31683411803079486,
        "nauc_ndcg_at_10_std": 0.10145793694973543,
        "nauc_ndcg_at_1_diff1": 0.293551752352642,
        "nauc_ndcg_at_1_max": 0.23721771129767552,
        "nauc_ndcg_at_1_std": 0.02872260117020921,
        "nauc_ndcg_at_20_diff1": 0.20878467243245352,
        "nauc_ndcg_at_20_max": 0.3113908548017465,
        "nauc_ndcg_at_20_std": 0.12307056528695662,
        "nauc_ndcg_at_3_diff1": 0.24119957356685118,
        "nauc_ndcg_at_3_max": 0.3805332568746555,
        "nauc_ndcg_at_3_std": 0.15668032292803674,
        "nauc_ndcg_at_5_diff1": 0.25823347192902424,
        "nauc_ndcg_at_5_max": 0.3579151085217841,
        "nauc_ndcg_at_5_std": 0.10256820543079395,
        "nauc_precision_at_1000_diff1": 0.2082261666559719,
        "nauc_precision_at_1000_max": 0.44407853229397554,
        "nauc_precision_at_1000_std": 0.41282506004976505,
        "nauc_precision_at_100_diff1": 0.19294216128871192,
        "nauc_precision_at_100_max": 0.43951898027041303,
        "nauc_precision_at_100_std": 0.44398704664069677,
        "nauc_precision_at_10_diff1": 0.24175057444626383,
        "nauc_precision_at_10_max": 0.44148303511098347,
        "nauc_precision_at_10_std": 0.2399964109379843,
        "nauc_precision_at_1_diff1": 0.293551752352642,
        "nauc_precision_at_1_max": 0.23721771129767552,
        "nauc_precision_at_1_std": 0.02872260117020921,
        "nauc_precision_at_20_diff1": 0.19218417050038078,
        "nauc_precision_at_20_max": 0.44385095749456893,
        "nauc_precision_at_20_std": 0.2970881638649722,
        "nauc_precision_at_3_diff1": 0.22505916994655512,
        "nauc_precision_at_3_max": 0.4347894536055492,
        "nauc_precision_at_3_std": 0.2168946987007668,
        "nauc_precision_at_5_diff1": 0.2719659233332698,
        "nauc_precision_at_5_max": 0.45962075127578583,
        "nauc_precision_at_5_std": 0.19763088205389642,
        "nauc_recall_at_1000_diff1": 0.23437002617086353,
        "nauc_recall_at_1000_max": 0.313303106657201,
        "nauc_recall_at_1000_std": 0.15053056691382566,
        "nauc_recall_at_100_diff1": 0.23065513097328688,
        "nauc_recall_at_100_max": 0.3215255606806156,
        "nauc_recall_at_100_std": 0.19331406331633322,
        "nauc_recall_at_10_diff1": 0.19936025591454315,
        "nauc_recall_at_10_max": 0.285528379506927,
        "nauc_recall_at_10_std": 0.07904748862600564,
        "nauc_recall_at_1_diff1": 0.2455055573286263,
        "nauc_recall_at_1_max": 0.07774818100132576,
        "nauc_recall_at_1_std": -0.08721647372220172,
        "nauc_recall_at_20_diff1": 0.16152928940128658,
        "nauc_recall_at_20_max": 0.2654401315469534,
        "nauc_recall_at_20_std": 0.10683538253648506,
        "nauc_recall_at_3_diff1": 0.1589707938525776,
        "nauc_recall_at_3_max": 0.28497375120400537,
        "nauc_recall_at_3_std": 0.054542237726019765,
        "nauc_recall_at_5_diff1": 0.23585495985159516,
        "nauc_recall_at_5_max": 0.33386501117963685,
        "nauc_recall_at_5_std": 0.03944468350640018,
        "ndcg_at_1": 0.12613,
        "ndcg_at_10": 0.10179,
        "ndcg_at_100": 0.14864,
        "ndcg_at_1000": 0.15325,
        "ndcg_at_20": 0.11621,
        "ndcg_at_3": 0.10433,
        "ndcg_at_5": 0.09954,
        "precision_at_1": 0.12613,
        "precision_at_10": 0.05135,
        "precision_at_100": 0.01207,
        "precision_at_1000": 0.00129,
        "precision_at_20": 0.03333,
        "precision_at_3": 0.0961,
        "precision_at_5": 0.07748,
        "recall_at_1": 0.02799,
        "recall_at_10": 0.10709,
        "recall_at_100": 0.25397,
        "recall_at_1000": 0.27536,
        "recall_at_20": 0.14468,
        "recall_at_3": 0.0585,
        "recall_at_5": 0.07743
      }
    ]
  },
  "task_name": "BrightAops"
}