{
  "dataset_revision": "3066d29",
  "evaluation_time": 5365.409765720367,
  "kg_co2_emissions": null,
  "mteb_version": "1.14.12",
  "scores": {
    "standard": [
      {
        "hf_subset": "theoremqa_questions",
        "languages": [
          "eng-Latn"
        ],
        "main_score": 0.20728,
        "map_at_1": 0.10395,
        "map_at_10": 0.17282,
        "map_at_100": 0.17923,
        "map_at_1000": 0.17951,
        "map_at_20": 0.17563,
        "map_at_3": 0.15358,
        "map_at_5": 0.16524,
        "mrr_at_1": 0.19072164948453607,
        "mrr_at_10": 0.232486499754541,
        "mrr_at_100": 0.23668328323392848,
        "mrr_at_1000": 0.23688433704114173,
        "mrr_at_20": 0.23317378497790875,
        "mrr_at_3": 0.21993127147766325,
        "mrr_at_5": 0.227405498281787,
        "nauc_map_at_1000_diff1": 0.4737510186356528,
        "nauc_map_at_1000_max": 0.1156630328498925,
        "nauc_map_at_1000_std": -0.2825824790970407,
        "nauc_map_at_100_diff1": 0.47418153714604555,
        "nauc_map_at_100_max": 0.11587406659807017,
        "nauc_map_at_100_std": -0.2818879282690898,
        "nauc_map_at_10_diff1": 0.47742544181072,
        "nauc_map_at_10_max": 0.11831627826490082,
        "nauc_map_at_10_std": -0.28219165133897933,
        "nauc_map_at_1_diff1": 0.5440517932145732,
        "nauc_map_at_1_max": 0.03593142824178817,
        "nauc_map_at_1_std": -0.28225510163332934,
        "nauc_map_at_20_diff1": 0.4765975672688672,
        "nauc_map_at_20_max": 0.11832903825351355,
        "nauc_map_at_20_std": -0.28292800748056496,
        "nauc_map_at_3_diff1": 0.4735279485695745,
        "nauc_map_at_3_max": 0.1005291068942167,
        "nauc_map_at_3_std": -0.2838393257429981,
        "nauc_map_at_5_diff1": 0.48196708649492814,
        "nauc_map_at_5_max": 0.11139938692607267,
        "nauc_map_at_5_std": -0.28047204875017173,
        "nauc_mrr_at_1000_diff1": 0.4893853817031363,
        "nauc_mrr_at_1000_max": 0.10826574047464284,
        "nauc_mrr_at_1000_std": -0.2865948188606882,
        "nauc_mrr_at_100_diff1": 0.48958874703924254,
        "nauc_mrr_at_100_max": 0.10804733345830606,
        "nauc_mrr_at_100_std": -0.2863426802229639,
        "nauc_mrr_at_10_diff1": 0.49196148860737715,
        "nauc_mrr_at_10_max": 0.11100057079620498,
        "nauc_mrr_at_10_std": -0.2882967886938648,
        "nauc_mrr_at_1_diff1": 0.539397612995345,
        "nauc_mrr_at_1_max": 0.09636645741038276,
        "nauc_mrr_at_1_std": -0.2985286625183228,
        "nauc_mrr_at_20_diff1": 0.49208827827648877,
        "nauc_mrr_at_20_max": 0.11014692457252888,
        "nauc_mrr_at_20_std": -0.28770224078444795,
        "nauc_mrr_at_3_diff1": 0.5028346269019068,
        "nauc_mrr_at_3_max": 0.11523304643163916,
        "nauc_mrr_at_3_std": -0.30578310439779466,
        "nauc_mrr_at_5_diff1": 0.4996471621939376,
        "nauc_mrr_at_5_max": 0.11401080877471738,
        "nauc_mrr_at_5_std": -0.2963721156618574,
        "nauc_ndcg_at_1000_diff1": 0.43867458573173607,
        "nauc_ndcg_at_1000_max": 0.10670446077565189,
        "nauc_ndcg_at_1000_std": -0.2866782207953084,
        "nauc_ndcg_at_100_diff1": 0.444982790858392,
        "nauc_ndcg_at_100_max": 0.10784911532080406,
        "nauc_ndcg_at_100_std": -0.27697268434631367,
        "nauc_ndcg_at_10_diff1": 0.4701416192906409,
        "nauc_ndcg_at_10_max": 0.12750091595308932,
        "nauc_ndcg_at_10_std": -0.2813667816199273,
        "nauc_ndcg_at_1_diff1": 0.539397612995345,
        "nauc_ndcg_at_1_max": 0.09636645741038276,
        "nauc_ndcg_at_1_std": -0.2985286625183228,
        "nauc_ndcg_at_20_diff1": 0.4701794061951241,
        "nauc_ndcg_at_20_max": 0.12362751145894783,
        "nauc_ndcg_at_20_std": -0.2818938756726465,
        "nauc_ndcg_at_3_diff1": 0.4750472423479767,
        "nauc_ndcg_at_3_max": 0.12269363759942326,
        "nauc_ndcg_at_3_std": -0.2960292744095182,
        "nauc_ndcg_at_5_diff1": 0.4789700920654124,
        "nauc_ndcg_at_5_max": 0.12129995451202022,
        "nauc_ndcg_at_5_std": -0.2830808287221662,
        "nauc_precision_at_1000_diff1": 0.2485931566012745,
        "nauc_precision_at_1000_max": 0.07829222966352543,
        "nauc_precision_at_1000_std": -0.27549841245206635,
        "nauc_precision_at_100_diff1": 0.27567412415017784,
        "nauc_precision_at_100_max": 0.09213260143975187,
        "nauc_precision_at_100_std": -0.2415940693789668,
        "nauc_precision_at_10_diff1": 0.38484780908613037,
        "nauc_precision_at_10_max": 0.20489572886820198,
        "nauc_precision_at_10_std": -0.2555775708889961,
        "nauc_precision_at_1_diff1": 0.539397612995345,
        "nauc_precision_at_1_max": 0.09636645741038276,
        "nauc_precision_at_1_std": -0.2985286625183228,
        "nauc_precision_at_20_diff1": 0.3826972687647975,
        "nauc_precision_at_20_max": 0.19115596022908546,
        "nauc_precision_at_20_std": -0.2599975941309968,
        "nauc_precision_at_3_diff1": 0.4090569666534009,
        "nauc_precision_at_3_max": 0.180644061312918,
        "nauc_precision_at_3_std": -0.29290663257233107,
        "nauc_precision_at_5_diff1": 0.4079462411276438,
        "nauc_precision_at_5_max": 0.18847190894730678,
        "nauc_precision_at_5_std": -0.27198554951173676,
        "nauc_recall_at_1000_diff1": 0.27506501835143515,
        "nauc_recall_at_1000_max": 0.0776086550753646,
        "nauc_recall_at_1000_std": -0.2774157309244952,
        "nauc_recall_at_100_diff1": 0.3083791624695411,
        "nauc_recall_at_100_max": 0.07851659184941992,
        "nauc_recall_at_100_std": -0.23171069723044305,
        "nauc_recall_at_10_diff1": 0.433032265855953,
        "nauc_recall_at_10_max": 0.14363730902304278,
        "nauc_recall_at_10_std": -0.2659905408125234,
        "nauc_recall_at_1_diff1": 0.5440517932145732,
        "nauc_recall_at_1_max": 0.03593142824178817,
        "nauc_recall_at_1_std": -0.28225510163332934,
        "nauc_recall_at_20_diff1": 0.4305520461569811,
        "nauc_recall_at_20_max": 0.12775223897744278,
        "nauc_recall_at_20_std": -0.26206003314936416,
        "nauc_recall_at_3_diff1": 0.4370437148265494,
        "nauc_recall_at_3_max": 0.13302249857967027,
        "nauc_recall_at_3_std": -0.2915647621484452,
        "nauc_recall_at_5_diff1": 0.4549038146551537,
        "nauc_recall_at_5_max": 0.13869931823430717,
        "nauc_recall_at_5_std": -0.2672037148492706,
        "ndcg_at_1": 0.19072,
        "ndcg_at_10": 0.20728,
        "ndcg_at_100": 0.24059,
        "ndcg_at_1000": 0.24511,
        "ndcg_at_20": 0.2142,
        "ndcg_at_3": 0.17947,
        "ndcg_at_5": 0.19235,
        "precision_at_1": 0.19072,
        "precision_at_10": 0.05103,
        "precision_at_100": 0.00778,
        "precision_at_1000": 0.00083,
        "precision_at_20": 0.02784,
        "precision_at_3": 0.11684,
        "precision_at_5": 0.08247,
        "recall_at_1": 0.10395,
        "recall_at_10": 0.24716,
        "recall_at_100": 0.39653,
        "recall_at_1000": 0.42316,
        "recall_at_20": 0.2695,
        "recall_at_3": 0.18015,
        "recall_at_5": 0.21237
      }
    ]
  },
  "task_name": "BrightTheoremqaQuestions"
}