{
  "dataset_revision": "a75a0eb",
  "evaluation_time": 910.9566452503204,
  "kg_co2_emissions": null,
  "mteb_version": "1.14.12",
  "scores": {
    "standard": [
      {
        "hf_subset": "theoremqa_theorems",
        "languages": [
          "eng-Latn"
        ],
        "main_score": 0.25022,
        "map_at_1": 0.10051,
        "map_at_10": 0.1975,
        "map_at_100": 0.20946,
        "map_at_1000": 0.20946,
        "map_at_20": 0.20296,
        "map_at_3": 0.16761,
        "map_at_5": 0.17838,
        "mrr_at_1": 0.15384615384615385,
        "mrr_at_10": 0.2408302808302808,
        "mrr_at_100": 0.2522040425892043,
        "mrr_at_1000": 0.2522040425892043,
        "mrr_at_20": 0.2474818557510865,
        "mrr_at_3": 0.22820512820512823,
        "mrr_at_5": 0.22820512820512823,
        "nauc_map_at_1000_diff1": 0.027052066949101086,
        "nauc_map_at_1000_max": 0.04750066486168707,
        "nauc_map_at_1000_std": 0.21883846662179343,
        "nauc_map_at_100_diff1": 0.027052066949101086,
        "nauc_map_at_100_max": 0.04750066486168707,
        "nauc_map_at_100_std": 0.21883846662179343,
        "nauc_map_at_10_diff1": 0.010268676888439196,
        "nauc_map_at_10_max": 0.04451194086397835,
        "nauc_map_at_10_std": 0.2109871460298648,
        "nauc_map_at_1_diff1": 0.08422127677453854,
        "nauc_map_at_1_max": 0.08460222916812601,
        "nauc_map_at_1_std": -0.02478520978882181,
        "nauc_map_at_20_diff1": 0.02657315043091625,
        "nauc_map_at_20_max": 0.04100001301743069,
        "nauc_map_at_20_std": 0.21289824830982065,
        "nauc_map_at_3_diff1": 0.018137903333851898,
        "nauc_map_at_3_max": 0.08916383383129603,
        "nauc_map_at_3_std": 0.17732529353692766,
        "nauc_map_at_5_diff1": -0.0036916469873937187,
        "nauc_map_at_5_max": 0.055144771218949645,
        "nauc_map_at_5_std": 0.173906953450016,
        "nauc_mrr_at_1000_diff1": 0.09564159789429647,
        "nauc_mrr_at_1000_max": 0.026652741710584186,
        "nauc_mrr_at_1000_std": 0.18618353711690555,
        "nauc_mrr_at_100_diff1": 0.09564159789429647,
        "nauc_mrr_at_100_max": 0.026652741710584186,
        "nauc_mrr_at_100_std": 0.18618353711690555,
        "nauc_mrr_at_10_diff1": 0.08669998617962038,
        "nauc_mrr_at_10_max": 0.024134909768282958,
        "nauc_mrr_at_10_std": 0.18447896983694884,
        "nauc_mrr_at_1_diff1": 0.17781944443148268,
        "nauc_mrr_at_1_max": 0.1046840786906163,
        "nauc_mrr_at_1_std": 0.09266967115840699,
        "nauc_mrr_at_20_diff1": 0.09944453222982053,
        "nauc_mrr_at_20_max": 0.019424536370246007,
        "nauc_mrr_at_20_std": 0.18321199336803806,
        "nauc_mrr_at_3_diff1": 0.06469126787576802,
        "nauc_mrr_at_3_max": 0.018532820092116663,
        "nauc_mrr_at_3_std": 0.16945963810791909,
        "nauc_mrr_at_5_diff1": 0.06469126787576802,
        "nauc_mrr_at_5_max": 0.018532820092116663,
        "nauc_mrr_at_5_std": 0.16945963810791909,
        "nauc_ndcg_at_1000_diff1": 0.05675045386076956,
        "nauc_ndcg_at_1000_max": 0.04944696796186121,
        "nauc_ndcg_at_1000_std": 0.2740736029484229,
        "nauc_ndcg_at_100_diff1": 0.05675045386076956,
        "nauc_ndcg_at_100_max": 0.04944696796186121,
        "nauc_ndcg_at_100_std": 0.2740736029484229,
        "nauc_ndcg_at_10_diff1": 0.021432126908552816,
        "nauc_ndcg_at_10_max": 0.020471588192949346,
        "nauc_ndcg_at_10_std": 0.24625545887017722,
        "nauc_ndcg_at_1_diff1": 0.17781944443148268,
        "nauc_ndcg_at_1_max": 0.1046840786906163,
        "nauc_ndcg_at_1_std": 0.09266967115840699,
        "nauc_ndcg_at_20_diff1": 0.061546184973370076,
        "nauc_ndcg_at_20_max": 0.010899358422134702,
        "nauc_ndcg_at_20_std": 0.24098922157526997,
        "nauc_ndcg_at_3_diff1": 0.01800211517215412,
        "nauc_ndcg_at_3_max": 0.0599070745571066,
        "nauc_ndcg_at_3_std": 0.18122107168608476,
        "nauc_ndcg_at_5_diff1": -0.016785120613624843,
        "nauc_ndcg_at_5_max": 0.028399614881037427,
        "nauc_ndcg_at_5_std": 0.18471093480725648,
        "nauc_precision_at_1000_diff1": 0.06952920788723943,
        "nauc_precision_at_1000_max": 0.052857127721648134,
        "nauc_precision_at_1000_std": 0.3708660445310726,
        "nauc_precision_at_100_diff1": 0.06952920788723915,
        "nauc_precision_at_100_max": 0.05285712772164833,
        "nauc_precision_at_100_std": 0.3708660445310729,
        "nauc_precision_at_10_diff1": -0.011549830306747033,
        "nauc_precision_at_10_max": 0.007390339284485568,
        "nauc_precision_at_10_std": 0.3400522322650835,
        "nauc_precision_at_1_diff1": 0.17781944443148268,
        "nauc_precision_at_1_max": 0.1046840786906163,
        "nauc_precision_at_1_std": 0.09266967115840699,
        "nauc_precision_at_20_diff1": 0.08275552303477078,
        "nauc_precision_at_20_max": -0.01963608202024704,
        "nauc_precision_at_20_std": 0.33441634536250536,
        "nauc_precision_at_3_diff1": -0.025496494935200932,
        "nauc_precision_at_3_max": 0.0866631002575538,
        "nauc_precision_at_3_std": 0.311793161845596,
        "nauc_precision_at_5_diff1": -0.06389181719479685,
        "nauc_precision_at_5_max": 0.019346689157349738,
        "nauc_precision_at_5_std": 0.2803883190348994,
        "nauc_recall_at_1000_diff1": 0.117641411345417,
        "nauc_recall_at_1000_max": 0.13574064297869953,
        "nauc_recall_at_1000_std": 0.45412206618468626,
        "nauc_recall_at_100_diff1": 0.117641411345417,
        "nauc_recall_at_100_max": 0.13574064297869953,
        "nauc_recall_at_100_std": 0.45412206618468626,
        "nauc_recall_at_10_diff1": 0.03301626404165043,
        "nauc_recall_at_10_max": -0.009298466869679957,
        "nauc_recall_at_10_std": 0.33998203562971047,
        "nauc_recall_at_1_diff1": 0.08422127677453854,
        "nauc_recall_at_1_max": 0.08460222916812601,
        "nauc_recall_at_1_std": -0.02478520978882181,
        "nauc_recall_at_20_diff1": 0.1389913420129362,
        "nauc_recall_at_20_max": -0.03388458577747332,
        "nauc_recall_at_20_std": 0.31240876859128014,
        "nauc_recall_at_3_diff1": -0.03752403835012231,
        "nauc_recall_at_3_max": 0.05965028315934526,
        "nauc_recall_at_3_std": 0.20926233096428104,
        "nauc_recall_at_5_diff1": -0.07291952184637099,
        "nauc_recall_at_5_max": 0.0016717700362791324,
        "nauc_recall_at_5_std": 0.19735299794592162,
        "ndcg_at_1": 0.15385,
        "ndcg_at_10": 0.25022,
        "ndcg_at_100": 0.3124,
        "ndcg_at_1000": 0.3124,
        "ndcg_at_20": 0.26896,
        "ndcg_at_3": 0.19937,
        "ndcg_at_5": 0.20914,
        "precision_at_1": 0.15385,
        "precision_at_10": 0.06308,
        "precision_at_100": 0.01138,
        "precision_at_1000": 0.00114,
        "precision_at_20": 0.03769,
        "precision_at_3": 0.13846,
        "precision_at_5": 0.09231,
        "recall_at_1": 0.10051,
        "recall_at_10": 0.36205,
        "recall_at_100": 0.62795,
        "recall_at_1000": 0.62795,
        "recall_at_20": 0.42231,
        "recall_at_3": 0.22103,
        "recall_at_5": 0.2441
      }
    ]
  },
  "task_name": "BrightRetrieval"
}