{
  "dataset_revision": "a75a0eb",
  "evaluation_time": 4893.200325727463,
  "kg_co2_emissions": null,
  "mteb_version": "1.14.12",
  "scores": {
    "standard": [
      {
        "hf_subset": "aops",
        "languages": [
          "eng-Latn"
        ],
        "main_score": 0.08291,
        "map_at_1": 0.02805,
        "map_at_10": 0.04721,
        "map_at_100": 0.05685,
        "map_at_1000": 0.05685,
        "map_at_20": 0.05425,
        "map_at_3": 0.0359,
        "map_at_5": 0.03975,
        "mrr_at_1": 0.11711711711711711,
        "mrr_at_10": 0.1585085085085085,
        "mrr_at_100": 0.1658335119849168,
        "mrr_at_1000": 0.1658335119849168,
        "mrr_at_20": 0.16292264581738264,
        "mrr_at_3": 0.13963963963963963,
        "mrr_at_5": 0.15135135135135136,
        "nauc_map_at_1000_diff1": 0.45260724496505633,
        "nauc_map_at_1000_max": 0.05335113168100609,
        "nauc_map_at_1000_std": 0.24905363267515593,
        "nauc_map_at_100_diff1": 0.45260724496505633,
        "nauc_map_at_100_max": 0.05335113168100609,
        "nauc_map_at_100_std": 0.24905363267515593,
        "nauc_map_at_10_diff1": 0.47669120241352547,
        "nauc_map_at_10_max": 0.05415727260929739,
        "nauc_map_at_10_std": 0.25529306669928176,
        "nauc_map_at_1_diff1": 0.41473618796011374,
        "nauc_map_at_1_max": 0.07344868072498414,
        "nauc_map_at_1_std": 0.2587346752355797,
        "nauc_map_at_20_diff1": 0.46325610560352104,
        "nauc_map_at_20_max": 0.06006229113847105,
        "nauc_map_at_20_std": 0.23915095995324062,
        "nauc_map_at_3_diff1": 0.46046184827391456,
        "nauc_map_at_3_max": 0.0653046989911188,
        "nauc_map_at_3_std": 0.23244679920710115,
        "nauc_map_at_5_diff1": 0.4460490396476432,
        "nauc_map_at_5_max": 0.04827933117264191,
        "nauc_map_at_5_std": 0.2736751904113501,
        "nauc_mrr_at_1000_diff1": 0.3668689520485096,
        "nauc_mrr_at_1000_max": 0.03508403392404378,
        "nauc_mrr_at_1000_std": 0.34765292399459735,
        "nauc_mrr_at_100_diff1": 0.3668689520485096,
        "nauc_mrr_at_100_max": 0.03508403392404378,
        "nauc_mrr_at_100_std": 0.34765292399459735,
        "nauc_mrr_at_10_diff1": 0.3713826116996092,
        "nauc_mrr_at_10_max": 0.03229277859865699,
        "nauc_mrr_at_10_std": 0.3429733594818465,
        "nauc_mrr_at_1_diff1": 0.41757390182475496,
        "nauc_mrr_at_1_max": 0.12734544827075156,
        "nauc_mrr_at_1_std": 0.3038730206272034,
        "nauc_mrr_at_20_diff1": 0.36869408671422466,
        "nauc_mrr_at_20_max": 0.0345364624273361,
        "nauc_mrr_at_20_std": 0.3466626780419061,
        "nauc_mrr_at_3_diff1": 0.40328543006635353,
        "nauc_mrr_at_3_max": 0.058508693959224915,
        "nauc_mrr_at_3_std": 0.3364828686764876,
        "nauc_mrr_at_5_diff1": 0.38250056076342087,
        "nauc_mrr_at_5_max": 0.029496564735251772,
        "nauc_mrr_at_5_std": 0.3376486908932287,
        "nauc_ndcg_at_1000_diff1": 0.3744906278539283,
        "nauc_ndcg_at_1000_max": 0.024069910239628317,
        "nauc_ndcg_at_1000_std": 0.2993904932094547,
        "nauc_ndcg_at_100_diff1": 0.3744906278539283,
        "nauc_ndcg_at_100_max": 0.024069910239628317,
        "nauc_ndcg_at_100_std": 0.2993904932094547,
        "nauc_ndcg_at_10_diff1": 0.4292263431050358,
        "nauc_ndcg_at_10_max": 0.03408074904038067,
        "nauc_ndcg_at_10_std": 0.2902914636323897,
        "nauc_ndcg_at_1_diff1": 0.41757390182475496,
        "nauc_ndcg_at_1_max": 0.12734544827075156,
        "nauc_ndcg_at_1_std": 0.3038730206272034,
        "nauc_ndcg_at_20_diff1": 0.3971311105482918,
        "nauc_ndcg_at_20_max": 0.03285077785490991,
        "nauc_ndcg_at_20_std": 0.2794160835440427,
        "nauc_ndcg_at_3_diff1": 0.45923297437433686,
        "nauc_ndcg_at_3_max": 0.05737499028934403,
        "nauc_ndcg_at_3_std": 0.27935374293405607,
        "nauc_ndcg_at_5_diff1": 0.4186607622575613,
        "nauc_ndcg_at_5_max": 0.01431491249322106,
        "nauc_ndcg_at_5_std": 0.31130896442775297,
        "nauc_precision_at_1000_diff1": 0.2724420333570313,
        "nauc_precision_at_1000_max": 0.03134122393689324,
        "nauc_precision_at_1000_std": 0.28479272865521404,
        "nauc_precision_at_100_diff1": 0.2724420333570315,
        "nauc_precision_at_100_max": 0.03134122393689317,
        "nauc_precision_at_100_std": 0.2847927286552141,
        "nauc_precision_at_10_diff1": 0.40039493263446346,
        "nauc_precision_at_10_max": 0.03550008255144699,
        "nauc_precision_at_10_std": 0.27412917038881834,
        "nauc_precision_at_1_diff1": 0.41757390182475496,
        "nauc_precision_at_1_max": 0.12734544827075156,
        "nauc_precision_at_1_std": 0.3038730206272034,
        "nauc_precision_at_20_diff1": 0.32196055541238344,
        "nauc_precision_at_20_max": 0.03920156764597736,
        "nauc_precision_at_20_std": 0.2301588385596689,
        "nauc_precision_at_3_diff1": 0.46101444803594815,
        "nauc_precision_at_3_max": 0.037028678108146196,
        "nauc_precision_at_3_std": 0.27822017884713585,
        "nauc_precision_at_5_diff1": 0.3939842322749157,
        "nauc_precision_at_5_max": -0.03394912010347127,
        "nauc_precision_at_5_std": 0.33075268553281356,
        "nauc_recall_at_1000_diff1": 0.2883671939793893,
        "nauc_recall_at_1000_max": -0.020402968928207033,
        "nauc_recall_at_1000_std": 0.27144951699320663,
        "nauc_recall_at_100_diff1": 0.2883671939793893,
        "nauc_recall_at_100_max": -0.020402968928207033,
        "nauc_recall_at_100_std": 0.27144951699320663,
        "nauc_recall_at_10_diff1": 0.4394874793060231,
        "nauc_recall_at_10_max": -0.002397070968030255,
        "nauc_recall_at_10_std": 0.2737204767481064,
        "nauc_recall_at_1_diff1": 0.41473618796011374,
        "nauc_recall_at_1_max": 0.07344868072498414,
        "nauc_recall_at_1_std": 0.2587346752355797,
        "nauc_recall_at_20_diff1": 0.3478124362563283,
        "nauc_recall_at_20_max": -0.0016144332910641688,
        "nauc_recall_at_20_std": 0.25108191783208045,
        "nauc_recall_at_3_diff1": 0.44359643851046615,
        "nauc_recall_at_3_max": 0.02613986577737661,
        "nauc_recall_at_3_std": 0.2537892392965594,
        "nauc_recall_at_5_diff1": 0.38625812264144865,
        "nauc_recall_at_5_max": -0.0325112451119545,
        "nauc_recall_at_5_std": 0.32634184211928796,
        "ndcg_at_1": 0.11712,
        "ndcg_at_10": 0.08291,
        "ndcg_at_100": 0.1175,
        "ndcg_at_1000": 0.1175,
        "ndcg_at_20": 0.10208,
        "ndcg_at_3": 0.08016,
        "ndcg_at_5": 0.07506,
        "precision_at_1": 0.11712,
        "precision_at_10": 0.04414,
        "precision_at_100": 0.00901,
        "precision_at_1000": 0.0009,
        "precision_at_20": 0.03378,
        "precision_at_3": 0.06907,
        "precision_at_5": 0.05586,
        "recall_at_1": 0.02805,
        "recall_at_10": 0.08392,
        "recall_at_100": 0.17857,
        "recall_at_1000": 0.17857,
        "recall_at_20": 0.12875,
        "recall_at_3": 0.04065,
        "recall_at_5": 0.05352
      }
    ]
  },
  "task_name": "BrightRetrieval"
}