{
  "dataset_revision": "a75a0eb",
  "evaluation_time": 7266.669588804245,
  "kg_co2_emissions": null,
  "mteb_version": "1.14.12",
  "scores": {
    "standard": [
      {
        "hf_subset": "aops",
        "languages": [
          "eng-Latn"
        ],
        "main_score": 0.0698,
        "map_at_1": 0.01164,
        "map_at_10": 0.03541,
        "map_at_100": 0.04928,
        "map_at_1000": 0.05272,
        "map_at_20": 0.03938,
        "map_at_3": 0.0241,
        "map_at_5": 0.03099,
        "mrr_at_1": 0.036036036036036036,
        "mrr_at_10": 0.11719934219934217,
        "mrr_at_100": 0.12968294568869276,
        "mrr_at_1000": 0.13058044019387205,
        "mrr_at_20": 0.12383578118872234,
        "mrr_at_3": 0.08558558558558559,
        "mrr_at_5": 0.1063063063063063,
        "nauc_map_at_1000_diff1": -0.17901175389335275,
        "nauc_map_at_1000_max": -0.18119305646694267,
        "nauc_map_at_1000_std": 0.19676314109686638,
        "nauc_map_at_100_diff1": -0.17851316265887623,
        "nauc_map_at_100_max": -0.1914484723090476,
        "nauc_map_at_100_std": 0.17735622981210977,
        "nauc_map_at_10_diff1": -0.15166555530005185,
        "nauc_map_at_10_max": -0.2231204449525968,
        "nauc_map_at_10_std": 0.08388829138627096,
        "nauc_map_at_1_diff1": -0.41759099332738997,
        "nauc_map_at_1_max": -0.39264128238316737,
        "nauc_map_at_1_std": -0.07931535636952443,
        "nauc_map_at_20_diff1": -0.17145993817744737,
        "nauc_map_at_20_max": -0.22431845090114957,
        "nauc_map_at_20_std": 0.09765441242249118,
        "nauc_map_at_3_diff1": -0.25987644186577136,
        "nauc_map_at_3_max": -0.300237023282919,
        "nauc_map_at_3_std": 0.056847426363132426,
        "nauc_map_at_5_diff1": -0.15399697703838552,
        "nauc_map_at_5_max": -0.2618039583110439,
        "nauc_map_at_5_std": 0.030606543528393818,
        "nauc_mrr_at_1000_diff1": -0.13501654362719115,
        "nauc_mrr_at_1000_max": -0.18122799446231788,
        "nauc_mrr_at_1000_std": 0.12325990682086194,
        "nauc_mrr_at_100_diff1": -0.13551022148177236,
        "nauc_mrr_at_100_max": -0.1816951316527232,
        "nauc_mrr_at_100_std": 0.1250165337617032,
        "nauc_mrr_at_10_diff1": -0.1315305477218337,
        "nauc_mrr_at_10_max": -0.1843401542041511,
        "nauc_mrr_at_10_std": 0.11534459508374581,
        "nauc_mrr_at_1_diff1": -0.4293093249897514,
        "nauc_mrr_at_1_max": -0.3992755937044794,
        "nauc_mrr_at_1_std": 0.008711442658091125,
        "nauc_mrr_at_20_diff1": -0.1359797026154012,
        "nauc_mrr_at_20_max": -0.17923576646258196,
        "nauc_mrr_at_20_std": 0.11972076525794269,
        "nauc_mrr_at_3_diff1": -0.22207638046021616,
        "nauc_mrr_at_3_max": -0.2279346703018572,
        "nauc_mrr_at_3_std": 0.10165749167147985,
        "nauc_mrr_at_5_diff1": -0.13862409418484462,
        "nauc_mrr_at_5_max": -0.20619207503565454,
        "nauc_mrr_at_5_std": 0.07675078652005364,
        "nauc_ndcg_at_1000_diff1": -0.13765766905815846,
        "nauc_ndcg_at_1000_max": -0.04423298081462903,
        "nauc_ndcg_at_1000_std": 0.35879368021506947,
        "nauc_ndcg_at_100_diff1": -0.1321078896832277,
        "nauc_ndcg_at_100_max": -0.11036974368126486,
        "nauc_ndcg_at_100_std": 0.3041406256862453,
        "nauc_ndcg_at_10_diff1": -0.09374714218900952,
        "nauc_ndcg_at_10_max": -0.1782023486368087,
        "nauc_ndcg_at_10_std": 0.11162148412953193,
        "nauc_ndcg_at_1_diff1": -0.4293093249897514,
        "nauc_ndcg_at_1_max": -0.3992755937044794,
        "nauc_ndcg_at_1_std": 0.008711442658091125,
        "nauc_ndcg_at_20_diff1": -0.12915069307044685,
        "nauc_ndcg_at_20_max": -0.175836258321127,
        "nauc_ndcg_at_20_std": 0.13294595831026515,
        "nauc_ndcg_at_3_diff1": -0.21274553093867382,
        "nauc_ndcg_at_3_max": -0.22619541210135363,
        "nauc_ndcg_at_3_std": 0.15583059340997776,
        "nauc_ndcg_at_5_diff1": -0.09663791299584772,
        "nauc_ndcg_at_5_max": -0.21714244194929744,
        "nauc_ndcg_at_5_std": 0.05780927666959832,
        "nauc_precision_at_1000_diff1": -0.1020494876338155,
        "nauc_precision_at_1000_max": 0.18380715664303882,
        "nauc_precision_at_1000_std": 0.4566199437537832,
        "nauc_precision_at_100_diff1": -0.13753234122780353,
        "nauc_precision_at_100_max": 0.04381676030827646,
        "nauc_precision_at_100_std": 0.48023456002269416,
        "nauc_precision_at_10_diff1": -0.08020783194995841,
        "nauc_precision_at_10_max": -0.06969351279538398,
        "nauc_precision_at_10_std": 0.2606118162548986,
        "nauc_precision_at_1_diff1": -0.4293093249897514,
        "nauc_precision_at_1_max": -0.3992755937044794,
        "nauc_precision_at_1_std": 0.008711442658091125,
        "nauc_precision_at_20_diff1": -0.1451143336097719,
        "nauc_precision_at_20_max": -0.062227741225844325,
        "nauc_precision_at_20_std": 0.2742707169118977,
        "nauc_precision_at_3_diff1": -0.17919013853935156,
        "nauc_precision_at_3_max": -0.19547930317601536,
        "nauc_precision_at_3_std": 0.2165565862127943,
        "nauc_precision_at_5_diff1": -0.04821302062537394,
        "nauc_precision_at_5_max": -0.1718750578867216,
        "nauc_precision_at_5_std": 0.1253171643292978,
        "nauc_recall_at_1000_diff1": -0.09399463150967169,
        "nauc_recall_at_1000_max": 0.08941153005017055,
        "nauc_recall_at_1000_std": 0.4715555149144275,
        "nauc_recall_at_100_diff1": -0.07498681350962254,
        "nauc_recall_at_100_max": -0.041671883137336184,
        "nauc_recall_at_100_std": 0.3905520563029203,
        "nauc_recall_at_10_diff1": 0.0023461948996099076,
        "nauc_recall_at_10_max": -0.14515196096494415,
        "nauc_recall_at_10_std": 0.0891185044478232,
        "nauc_recall_at_1_diff1": -0.41759099332738997,
        "nauc_recall_at_1_max": -0.39264128238316737,
        "nauc_recall_at_1_std": -0.07931535636952443,
        "nauc_recall_at_20_diff1": -0.07854870217947792,
        "nauc_recall_at_20_max": -0.1398440253659918,
        "nauc_recall_at_20_std": 0.12107151497536298,
        "nauc_recall_at_3_diff1": -0.19833479715630872,
        "nauc_recall_at_3_max": -0.27130116248728536,
        "nauc_recall_at_3_std": 0.08164559108880139,
        "nauc_recall_at_5_diff1": 0.024974280174182715,
        "nauc_recall_at_5_max": -0.1975301563673916,
        "nauc_recall_at_5_std": -0.015436256021904137,
        "ndcg_at_1": 0.03604,
        "ndcg_at_10": 0.0698,
        "ndcg_at_100": 0.14258,
        "ndcg_at_1000": 0.20278,
        "ndcg_at_20": 0.08441,
        "ndcg_at_3": 0.0549,
        "ndcg_at_5": 0.06331,
        "precision_at_1": 0.03604,
        "precision_at_10": 0.03874,
        "precision_at_100": 0.01495,
        "precision_at_1000": 0.00301,
        "precision_at_20": 0.02793,
        "precision_at_3": 0.05405,
        "precision_at_5": 0.05405,
        "recall_at_1": 0.01164,
        "recall_at_10": 0.08569,
        "recall_at_100": 0.31977,
        "recall_at_1000": 0.61985,
        "recall_at_20": 0.12023,
        "recall_at_3": 0.03695,
        "recall_at_5": 0.06242
      }
    ]
  },
  "task_name": "BrightRetrieval"
}