{
  "dataset_revision": "a75a0eb",
  "evaluation_time": 522.3815484046936,
  "kg_co2_emissions": null,
  "mteb_version": "1.14.12",
  "scores": {
    "standard": [
      {
        "hf_subset": "theoremqa_theorems",
        "languages": [
          "eng-Latn"
        ],
        "main_score": 0.12661,
        "map_at_1": 0.03385,
        "map_at_10": 0.0861,
        "map_at_100": 0.09316,
        "map_at_1000": 0.09412,
        "map_at_20": 0.08784,
        "map_at_3": 0.05564,
        "map_at_5": 0.06905,
        "mrr_at_1": 0.09230769230769231,
        "mrr_at_10": 0.1242063492063492,
        "mrr_at_100": 0.13258410974026488,
        "mrr_at_1000": 0.1330319532773708,
        "mrr_at_20": 0.1276933599331789,
        "mrr_at_3": 0.09743589743589744,
        "mrr_at_5": 0.11128205128205128,
        "nauc_map_at_1000_diff1": 0.35453235852391246,
        "nauc_map_at_1000_max": 0.12750728594938357,
        "nauc_map_at_1000_std": 0.5460606095632567,
        "nauc_map_at_100_diff1": 0.3557847278924615,
        "nauc_map_at_100_max": 0.12585517498934307,
        "nauc_map_at_100_std": 0.5430497000908749,
        "nauc_map_at_10_diff1": 0.3766284892604176,
        "nauc_map_at_10_max": 0.11488783592006833,
        "nauc_map_at_10_std": 0.5411863239846216,
        "nauc_map_at_1_diff1": 0.2925319617977046,
        "nauc_map_at_1_max": 0.2877142179078049,
        "nauc_map_at_1_std": 0.5696357743803696,
        "nauc_map_at_20_diff1": 0.3738924321860028,
        "nauc_map_at_20_max": 0.12489657504960802,
        "nauc_map_at_20_std": 0.5402175782043976,
        "nauc_map_at_3_diff1": 0.3721344553587088,
        "nauc_map_at_3_max": 0.20687491216827214,
        "nauc_map_at_3_std": 0.6724133688655138,
        "nauc_map_at_5_diff1": 0.3746654512280974,
        "nauc_map_at_5_max": 0.15648952901975507,
        "nauc_map_at_5_std": 0.5641349243762848,
        "nauc_mrr_at_1000_diff1": 0.2738327519248506,
        "nauc_mrr_at_1000_max": 0.18314086072591987,
        "nauc_mrr_at_1000_std": 0.3733271615569725,
        "nauc_mrr_at_100_diff1": 0.2741351411839805,
        "nauc_mrr_at_100_max": 0.18411007057033044,
        "nauc_mrr_at_100_std": 0.3733544798643814,
        "nauc_mrr_at_10_diff1": 0.2857210033507043,
        "nauc_mrr_at_10_max": 0.17188513335533337,
        "nauc_mrr_at_10_std": 0.36468862289290815,
        "nauc_mrr_at_1_diff1": 0.3229681486202711,
        "nauc_mrr_at_1_max": 0.19846952597637227,
        "nauc_mrr_at_1_std": 0.4064711831740094,
        "nauc_mrr_at_20_diff1": 0.2826387458852643,
        "nauc_mrr_at_20_max": 0.185292178712719,
        "nauc_mrr_at_20_std": 0.36459088576245063,
        "nauc_mrr_at_3_diff1": 0.28364740569133845,
        "nauc_mrr_at_3_max": 0.20564538276105704,
        "nauc_mrr_at_3_std": 0.362755543689617,
        "nauc_mrr_at_5_diff1": 0.29012727919326453,
        "nauc_mrr_at_5_max": 0.17600169263521243,
        "nauc_mrr_at_5_std": 0.3611183127717057,
        "nauc_ndcg_at_1000_diff1": 0.254379683891693,
        "nauc_ndcg_at_1000_max": 0.1427070944551256,
        "nauc_ndcg_at_1000_std": 0.5016960453655237,
        "nauc_ndcg_at_100_diff1": 0.2652676459832588,
        "nauc_ndcg_at_100_max": 0.1418089961595184,
        "nauc_ndcg_at_100_std": 0.4800007795732486,
        "nauc_ndcg_at_10_diff1": 0.35187400737082436,
        "nauc_ndcg_at_10_max": 0.11409805598960582,
        "nauc_ndcg_at_10_std": 0.4627133405399496,
        "nauc_ndcg_at_1_diff1": 0.3229681486202711,
        "nauc_ndcg_at_1_max": 0.19846952597637227,
        "nauc_ndcg_at_1_std": 0.4064711831740094,
        "nauc_ndcg_at_20_diff1": 0.34410231363597016,
        "nauc_ndcg_at_20_max": 0.14904416405179055,
        "nauc_ndcg_at_20_std": 0.4639988055543917,
        "nauc_ndcg_at_3_diff1": 0.3296677557386529,
        "nauc_ndcg_at_3_max": 0.17422829441764204,
        "nauc_ndcg_at_3_std": 0.49482368668335636,
        "nauc_ndcg_at_5_diff1": 0.34586016403857306,
        "nauc_ndcg_at_5_max": 0.1399963727784534,
        "nauc_ndcg_at_5_std": 0.45826850262389907,
        "nauc_precision_at_1000_diff1": -0.012251672950364204,
        "nauc_precision_at_1000_max": 0.07209870177876819,
        "nauc_precision_at_1000_std": 0.3103466237892994,
        "nauc_precision_at_100_diff1": 0.029840379912581975,
        "nauc_precision_at_100_max": 0.05581691231305461,
        "nauc_precision_at_100_std": 0.2608490521973066,
        "nauc_precision_at_10_diff1": 0.30495352065806747,
        "nauc_precision_at_10_max": 0.015524430165501918,
        "nauc_precision_at_10_std": 0.3155214652276946,
        "nauc_precision_at_1_diff1": 0.3229681486202711,
        "nauc_precision_at_1_max": 0.19846952597637227,
        "nauc_precision_at_1_std": 0.4064711831740094,
        "nauc_precision_at_20_diff1": 0.29253255104106113,
        "nauc_precision_at_20_max": 0.08712678711734685,
        "nauc_precision_at_20_std": 0.32533786358207206,
        "nauc_precision_at_3_diff1": 0.32973047341401945,
        "nauc_precision_at_3_max": 0.17508714568852238,
        "nauc_precision_at_3_std": 0.4491874937388954,
        "nauc_precision_at_5_diff1": 0.3322037725708085,
        "nauc_precision_at_5_max": 0.052678590165144736,
        "nauc_precision_at_5_std": 0.3429131575117395,
        "nauc_recall_at_1000_diff1": 0.12928672253942028,
        "nauc_recall_at_1000_max": 0.09283486555029791,
        "nauc_recall_at_1000_std": 0.49737596350719937,
        "nauc_recall_at_100_diff1": 0.15743105059898257,
        "nauc_recall_at_100_max": 0.10833862086029024,
        "nauc_recall_at_100_std": 0.43191439635564444,
        "nauc_recall_at_10_diff1": 0.3603947963585574,
        "nauc_recall_at_10_max": 0.07025584219304264,
        "nauc_recall_at_10_std": 0.420749387392246,
        "nauc_recall_at_1_diff1": 0.2925319617977046,
        "nauc_recall_at_1_max": 0.2877142179078049,
        "nauc_recall_at_1_std": 0.5696357743803696,
        "nauc_recall_at_20_diff1": 0.34389866591800017,
        "nauc_recall_at_20_max": 0.14174553200370524,
        "nauc_recall_at_20_std": 0.4254221650826641,
        "nauc_recall_at_3_diff1": 0.34666432333882474,
        "nauc_recall_at_3_max": 0.22570834359748504,
        "nauc_recall_at_3_std": 0.6248677033919807,
        "nauc_recall_at_5_diff1": 0.35359149509672977,
        "nauc_recall_at_5_max": 0.10629940911899799,
        "nauc_recall_at_5_std": 0.4081875714443199,
        "ndcg_at_1": 0.09231,
        "ndcg_at_10": 0.12661,
        "ndcg_at_100": 0.17786,
        "ndcg_at_1000": 0.19283,
        "ndcg_at_20": 0.13398,
        "ndcg_at_3": 0.07269,
        "ndcg_at_5": 0.09104,
        "precision_at_1": 0.09231,
        "precision_at_10": 0.04308,
        "precision_at_100": 0.00908,
        "precision_at_1000": 0.00108,
        "precision_at_20": 0.02385,
        "precision_at_3": 0.05641,
        "precision_at_5": 0.05231,
        "recall_at_1": 0.03385,
        "recall_at_10": 0.21385,
        "recall_at_100": 0.45,
        "recall_at_1000": 0.54231,
        "recall_at_20": 0.23692,
        "recall_at_3": 0.06077,
        "recall_at_5": 0.11
      }
    ]
  },
  "task_name": "BrightTheoremqaTheorems"
}