{
  "dataset_revision": "a75a0eb",
  "evaluation_time": 1547.0009038448334,
  "kg_co2_emissions": null,
  "mteb_version": "1.14.12",
  "scores": {
    "standard": [
      {
        "hf_subset": "theoremqa_theorems",
        "languages": [
          "eng-Latn"
        ],
        "main_score": 0.06156,
        "map_at_1": 0.02821,
        "map_at_10": 0.04196,
        "map_at_100": 0.05191,
        "map_at_1000": 0.0534,
        "map_at_20": 0.04836,
        "map_at_3": 0.03462,
        "map_at_5": 0.03462,
        "mrr_at_1": 0.046153846153846156,
        "mrr_at_10": 0.06824786324786325,
        "mrr_at_100": 0.07464323567783294,
        "mrr_at_1000": 0.0756874561463445,
        "mrr_at_20": 0.07074536574536575,
        "mrr_at_3": 0.05897435897435898,
        "mrr_at_5": 0.05897435897435898,
        "nauc_map_at_1000_diff1": -0.2765837740581611,
        "nauc_map_at_1000_max": 0.16589310503928162,
        "nauc_map_at_1000_std": 0.40692157764054493,
        "nauc_map_at_100_diff1": -0.27631111939417174,
        "nauc_map_at_100_max": 0.17135268017762015,
        "nauc_map_at_100_std": 0.41221997155014384,
        "nauc_map_at_10_diff1": -0.31228908665187033,
        "nauc_map_at_10_max": 0.1745279330137037,
        "nauc_map_at_10_std": 0.45921650026229277,
        "nauc_map_at_1_diff1": -0.34421639062623444,
        "nauc_map_at_1_max": 0.11805255105886485,
        "nauc_map_at_1_std": 0.37078665299796415,
        "nauc_map_at_20_diff1": -0.2954436224787076,
        "nauc_map_at_20_max": 0.17706613009822586,
        "nauc_map_at_20_std": 0.4198908252065414,
        "nauc_map_at_3_diff1": -0.30920660938764305,
        "nauc_map_at_3_max": 0.16626110681976758,
        "nauc_map_at_3_std": 0.438034369471332,
        "nauc_map_at_5_diff1": -0.30920660938764305,
        "nauc_map_at_5_max": 0.16626110681976758,
        "nauc_map_at_5_std": 0.438034369471332,
        "nauc_mrr_at_1000_diff1": -0.2862197471198034,
        "nauc_mrr_at_1000_max": -0.0015701187293681504,
        "nauc_mrr_at_1000_std": 0.22033900914622495,
        "nauc_mrr_at_100_diff1": -0.28378212441115147,
        "nauc_mrr_at_100_max": 0.0010780954311006407,
        "nauc_mrr_at_100_std": 0.22240272747770198,
        "nauc_mrr_at_10_diff1": -0.31284253695149394,
        "nauc_mrr_at_10_max": -0.012392204759092034,
        "nauc_mrr_at_10_std": 0.21899840627968287,
        "nauc_mrr_at_1_diff1": -0.33603962131400134,
        "nauc_mrr_at_1_max": -0.13899414411005528,
        "nauc_mrr_at_1_std": 0.08379652500117632,
        "nauc_mrr_at_20_diff1": -0.30504748058812964,
        "nauc_mrr_at_20_max": 0.0006284811687370845,
        "nauc_mrr_at_20_std": 0.22650260986020154,
        "nauc_mrr_at_3_diff1": -0.296718741014836,
        "nauc_mrr_at_3_max": -0.026521775354012556,
        "nauc_mrr_at_3_std": 0.22512865477356242,
        "nauc_mrr_at_5_diff1": -0.296718741014836,
        "nauc_mrr_at_5_max": -0.026521775354012556,
        "nauc_mrr_at_5_std": 0.22512865477356242,
        "nauc_ndcg_at_1000_diff1": -0.24945412966916017,
        "nauc_ndcg_at_1000_max": 0.049670429671936196,
        "nauc_ndcg_at_1000_std": 0.22852214091417292,
        "nauc_ndcg_at_100_diff1": -0.2209043266935872,
        "nauc_ndcg_at_100_max": 0.12039735058077718,
        "nauc_ndcg_at_100_std": 0.3155269288321189,
        "nauc_ndcg_at_10_diff1": -0.32297929999711206,
        "nauc_ndcg_at_10_max": 0.1449865562360631,
        "nauc_ndcg_at_10_std": 0.39429571975142985,
        "nauc_ndcg_at_1_diff1": -0.33603962131400134,
        "nauc_ndcg_at_1_max": -0.13899414411005528,
        "nauc_ndcg_at_1_std": 0.08379652500117632,
        "nauc_ndcg_at_20_diff1": -0.2929336006927835,
        "nauc_ndcg_at_20_max": 0.15718269362419998,
        "nauc_ndcg_at_20_std": 0.3442171247133644,
        "nauc_ndcg_at_3_diff1": -0.29266767965160934,
        "nauc_ndcg_at_3_max": 0.11566993064877472,
        "nauc_ndcg_at_3_std": 0.38805078065197884,
        "nauc_ndcg_at_5_diff1": -0.29266767965160934,
        "nauc_ndcg_at_5_max": 0.11566993064877472,
        "nauc_ndcg_at_5_std": 0.38805078065197884,
        "nauc_precision_at_1000_diff1": -0.2598775172322357,
        "nauc_precision_at_1000_max": -0.1462793050051888,
        "nauc_precision_at_1000_std": -0.0439314828107828,
        "nauc_precision_at_100_diff1": -0.1793722165632256,
        "nauc_precision_at_100_max": 0.019534409000335692,
        "nauc_precision_at_100_std": 0.19187964005522845,
        "nauc_precision_at_10_diff1": -0.3356943720930622,
        "nauc_precision_at_10_max": 0.08075492273985359,
        "nauc_precision_at_10_std": 0.29675159257739286,
        "nauc_precision_at_1_diff1": -0.33603962131400134,
        "nauc_precision_at_1_max": -0.13899414411005528,
        "nauc_precision_at_1_std": 0.08379652500117632,
        "nauc_precision_at_20_diff1": -0.2949582412036094,
        "nauc_precision_at_20_max": 0.08823041478237717,
        "nauc_precision_at_20_std": 0.2178025039466221,
        "nauc_precision_at_3_diff1": -0.25825421016013145,
        "nauc_precision_at_3_max": 0.03782051753076331,
        "nauc_precision_at_3_std": 0.3172400759777816,
        "nauc_precision_at_5_diff1": -0.2582542101601314,
        "nauc_precision_at_5_max": 0.03782051753076343,
        "nauc_precision_at_5_std": 0.3172400759777817,
        "nauc_recall_at_1000_diff1": -0.19374203914005148,
        "nauc_recall_at_1000_max": -0.11069185618429914,
        "nauc_recall_at_1000_std": -0.053494742487164744,
        "nauc_recall_at_100_diff1": -0.13932007703985347,
        "nauc_recall_at_100_max": 0.11888913092639587,
        "nauc_recall_at_100_std": 0.2704135532341748,
        "nauc_recall_at_10_diff1": -0.3487249590869416,
        "nauc_recall_at_10_max": 0.23897035239004377,
        "nauc_recall_at_10_std": 0.4537726214416741,
        "nauc_recall_at_1_diff1": -0.34421639062623444,
        "nauc_recall_at_1_max": 0.11805255105886485,
        "nauc_recall_at_1_std": 0.37078665299796415,
        "nauc_recall_at_20_diff1": -0.27669686385033354,
        "nauc_recall_at_20_max": 0.23192089877242125,
        "nauc_recall_at_20_std": 0.3384644154312264,
        "nauc_recall_at_3_diff1": -0.2726962857332081,
        "nauc_recall_at_3_max": 0.18334312479996828,
        "nauc_recall_at_3_std": 0.4754756233902202,
        "nauc_recall_at_5_diff1": -0.2726962857332081,
        "nauc_recall_at_5_max": 0.18334312479996828,
        "nauc_recall_at_5_std": 0.4754756233902202,
        "ndcg_at_1": 0.04615,
        "ndcg_at_10": 0.06156,
        "ndcg_at_100": 0.10656,
        "ndcg_at_1000": 0.15362,
        "ndcg_at_20": 0.07923,
        "ndcg_at_3": 0.04271,
        "ndcg_at_5": 0.04271,
        "precision_at_1": 0.04615,
        "precision_at_10": 0.01692,
        "precision_at_100": 0.00477,
        "precision_at_1000": 0.00109,
        "precision_at_20": 0.01385,
        "precision_at_3": 0.02564,
        "precision_at_5": 0.01538,
        "recall_at_1": 0.02821,
        "recall_at_10": 0.09487,
        "recall_at_100": 0.29026,
        "recall_at_1000": 0.63256,
        "recall_at_20": 0.15385,
        "recall_at_3": 0.04359,
        "recall_at_5": 0.04359
      }
    ]
  },
  "task_name": "BrightRetrieval"
}