{
  "dataset_revision": "a75a0eb",
  "evaluation_time": 14682.295068025589,
  "kg_co2_emissions": null,
  "mteb_version": "1.14.12",
  "scores": {
    "standard": [
      {
        "hf_subset": "leetcode",
        "languages": [
          "eng-Latn"
        ],
        "main_score": 0.20252,
        "map_at_1": 0.09988,
        "map_at_10": 0.15815,
        "map_at_100": 0.17428,
        "map_at_1000": 0.17428,
        "map_at_20": 0.16762,
        "map_at_3": 0.13772,
        "map_at_5": 0.14861,
        "mrr_at_1": 0.1619718309859155,
        "mrr_at_10": 0.2252598926894701,
        "mrr_at_100": 0.23607317852183204,
        "mrr_at_1000": 0.23607317852183204,
        "mrr_at_20": 0.23189735044022527,
        "mrr_at_3": 0.20774647887323944,
        "mrr_at_5": 0.21549295774647884,
        "nauc_map_at_1000_diff1": 0.17264210632257204,
        "nauc_map_at_1000_max": -0.01321686620284028,
        "nauc_map_at_1000_std": 0.05803033436341465,
        "nauc_map_at_100_diff1": 0.17264210632257204,
        "nauc_map_at_100_max": -0.01321686620284028,
        "nauc_map_at_100_std": 0.05803033436341465,
        "nauc_map_at_10_diff1": 0.17404361217841377,
        "nauc_map_at_10_max": -0.01715611107279743,
        "nauc_map_at_10_std": 0.05059527766687009,
        "nauc_map_at_1_diff1": 0.24788263578459266,
        "nauc_map_at_1_max": -0.03938762902352481,
        "nauc_map_at_1_std": 0.06924256842773355,
        "nauc_map_at_20_diff1": 0.17155282524650578,
        "nauc_map_at_20_max": -0.017714970979469814,
        "nauc_map_at_20_std": 0.052848406500861686,
        "nauc_map_at_3_diff1": 0.2019746719499304,
        "nauc_map_at_3_max": -0.027219775137940844,
        "nauc_map_at_3_std": 0.07425197060703487,
        "nauc_map_at_5_diff1": 0.17388488983132125,
        "nauc_map_at_5_max": -0.018939278546941798,
        "nauc_map_at_5_std": 0.05078873365677963,
        "nauc_mrr_at_1000_diff1": 0.252441711267355,
        "nauc_mrr_at_1000_max": 0.06376763361273075,
        "nauc_mrr_at_1000_std": 0.07916139919794653,
        "nauc_mrr_at_100_diff1": 0.252441711267355,
        "nauc_mrr_at_100_max": 0.06376763361273075,
        "nauc_mrr_at_100_std": 0.07916139919794653,
        "nauc_mrr_at_10_diff1": 0.2579106748545823,
        "nauc_mrr_at_10_max": 0.0634810910208285,
        "nauc_mrr_at_10_std": 0.07862415565102422,
        "nauc_mrr_at_1_diff1": 0.3416796754487883,
        "nauc_mrr_at_1_max": 0.03781944429146344,
        "nauc_mrr_at_1_std": 0.12242141373737013,
        "nauc_mrr_at_20_diff1": 0.2536523229729974,
        "nauc_mrr_at_20_max": 0.06510589019605871,
        "nauc_mrr_at_20_std": 0.07714183571721223,
        "nauc_mrr_at_3_diff1": 0.26288145103676114,
        "nauc_mrr_at_3_max": 0.06167179659490028,
        "nauc_mrr_at_3_std": 0.09536001968689506,
        "nauc_mrr_at_5_diff1": 0.2504298929385951,
        "nauc_mrr_at_5_max": 0.05907806000966893,
        "nauc_mrr_at_5_std": 0.07922885685249069,
        "nauc_ndcg_at_1000_diff1": 0.1573724709146445,
        "nauc_ndcg_at_1000_max": 0.01846533276033115,
        "nauc_ndcg_at_1000_std": 0.06300487226539217,
        "nauc_ndcg_at_100_diff1": 0.1573724709146445,
        "nauc_ndcg_at_100_max": 0.01846533276033115,
        "nauc_ndcg_at_100_std": 0.06300487226539217,
        "nauc_ndcg_at_10_diff1": 0.17056871833908396,
        "nauc_ndcg_at_10_max": 0.006958300951577926,
        "nauc_ndcg_at_10_std": 0.04289168098360945,
        "nauc_ndcg_at_1_diff1": 0.3416796754487883,
        "nauc_ndcg_at_1_max": 0.03781944429146344,
        "nauc_ndcg_at_1_std": 0.12242141373737013,
        "nauc_ndcg_at_20_diff1": 0.15837124234050376,
        "nauc_ndcg_at_20_max": 0.005714659610474049,
        "nauc_ndcg_at_20_std": 0.04445971514718642,
        "nauc_ndcg_at_3_diff1": 0.20774893240503003,
        "nauc_ndcg_at_3_max": -0.0057010821670484555,
        "nauc_ndcg_at_3_std": 0.09157053305594076,
        "nauc_ndcg_at_5_diff1": 0.16342254055618585,
        "nauc_ndcg_at_5_max": 0.002192894997390152,
        "nauc_ndcg_at_5_std": 0.042117995565300485,
        "nauc_precision_at_1000_diff1": 0.12185956488595141,
        "nauc_precision_at_1000_max": 0.1517511353492332,
        "nauc_precision_at_1000_std": 0.03316667957244717,
        "nauc_precision_at_100_diff1": 0.12185956488595161,
        "nauc_precision_at_100_max": 0.15175113534923318,
        "nauc_precision_at_100_std": 0.03316667957244702,
        "nauc_precision_at_10_diff1": 0.17870567852573527,
        "nauc_precision_at_10_max": 0.13617932253796003,
        "nauc_precision_at_10_std": 0.03916955336382148,
        "nauc_precision_at_1_diff1": 0.3416796754487883,
        "nauc_precision_at_1_max": 0.03781944429146344,
        "nauc_precision_at_1_std": 0.12242141373737013,
        "nauc_precision_at_20_diff1": 0.14145658395535474,
        "nauc_precision_at_20_max": 0.10960372832159748,
        "nauc_precision_at_20_std": 0.04475966009460066,
        "nauc_precision_at_3_diff1": 0.24878243276013692,
        "nauc_precision_at_3_max": 0.07227056501767108,
        "nauc_precision_at_3_std": 0.12415426595369809,
        "nauc_precision_at_5_diff1": 0.1544632416924073,
        "nauc_precision_at_5_max": 0.0899011098647257,
        "nauc_precision_at_5_std": 0.04200419456683758,
        "nauc_recall_at_1000_diff1": 0.02700172995158091,
        "nauc_recall_at_1000_max": -0.0003139290485916102,
        "nauc_recall_at_1000_std": 0.08489730921447669,
        "nauc_recall_at_100_diff1": 0.02700172995158091,
        "nauc_recall_at_100_max": -0.0003139290485916102,
        "nauc_recall_at_100_std": 0.08489730921447669,
        "nauc_recall_at_10_diff1": 0.06878053780284485,
        "nauc_recall_at_10_max": -0.03579322547430861,
        "nauc_recall_at_10_std": 0.0005342590252836486,
        "nauc_recall_at_1_diff1": 0.24788263578459266,
        "nauc_recall_at_1_max": -0.03938762902352481,
        "nauc_recall_at_1_std": 0.06924256842773355,
        "nauc_recall_at_20_diff1": 0.045354532331147224,
        "nauc_recall_at_20_max": -0.03661235280693721,
        "nauc_recall_at_20_std": 0.011039343156363826,
        "nauc_recall_at_3_diff1": 0.11604157714938887,
        "nauc_recall_at_3_max": -0.02628768096001915,
        "nauc_recall_at_3_std": 0.0626702407564973,
        "nauc_recall_at_5_diff1": 0.05490818397485472,
        "nauc_recall_at_5_max": -0.03134303545772115,
        "nauc_recall_at_5_std": -0.0032546616848271965,
        "ndcg_at_1": 0.16197,
        "ndcg_at_10": 0.20252,
        "ndcg_at_100": 0.26584,
        "ndcg_at_1000": 0.26584,
        "ndcg_at_20": 0.23001,
        "ndcg_at_3": 0.16822,
        "ndcg_at_5": 0.18066,
        "precision_at_1": 0.16197,
        "precision_at_10": 0.04859,
        "precision_at_100": 0.00972,
        "precision_at_1000": 0.00097,
        "precision_at_20": 0.03275,
        "precision_at_3": 0.10329,
        "precision_at_5": 0.07606,
        "recall_at_1": 0.09988,
        "recall_at_10": 0.26608,
        "recall_at_100": 0.51209,
        "recall_at_1000": 0.51209,
        "recall_at_20": 0.35798,
        "recall_at_3": 0.1743,
        "recall_at_5": 0.20857
      }
    ]
  },
  "task_name": "BrightRetrieval"
}