{
  "dataset_revision": "3066d29",
  "evaluation_time": 5763.405272960663,
  "kg_co2_emissions": null,
  "mteb_version": "1.14.12",
  "scores": {
    "standard": [
      {
        "hf_subset": "stackoverflow",
        "languages": [
          "eng-Latn"
        ],
        "main_score": 0.1203,
        "map_at_1": 0.03043,
        "map_at_10": 0.07854,
        "map_at_100": 0.10076,
        "map_at_1000": 0.10275,
        "map_at_20": 0.08627,
        "map_at_3": 0.06264,
        "map_at_5": 0.06447,
        "mrr_at_1": 0.06837606837606838,
        "mrr_at_10": 0.12914801248134575,
        "mrr_at_100": 0.14253701863882642,
        "mrr_at_1000": 0.1431201961742226,
        "mrr_at_20": 0.1363135000578439,
        "mrr_at_3": 0.1054131054131054,
        "mrr_at_5": 0.11096866096866094,
        "nauc_map_at_1000_diff1": 0.22524427179718884,
        "nauc_map_at_1000_max": 0.011338906688693123,
        "nauc_map_at_1000_std": 0.0810595271962894,
        "nauc_map_at_100_diff1": 0.22962420347126272,
        "nauc_map_at_100_max": 0.013624658792628891,
        "nauc_map_at_100_std": 0.0824045849356894,
        "nauc_map_at_10_diff1": 0.25327026614761655,
        "nauc_map_at_10_max": -0.025698881313988068,
        "nauc_map_at_10_std": 0.042915184102749956,
        "nauc_map_at_1_diff1": 0.2705987754726001,
        "nauc_map_at_1_max": 0.18097719337864746,
        "nauc_map_at_1_std": 0.27095199305833145,
        "nauc_map_at_20_diff1": 0.2463056606782851,
        "nauc_map_at_20_max": -0.013861506114829024,
        "nauc_map_at_20_std": 0.05183738665815482,
        "nauc_map_at_3_diff1": 0.3000096332268456,
        "nauc_map_at_3_max": -0.021295865516156774,
        "nauc_map_at_3_std": 0.04942592949073599,
        "nauc_map_at_5_diff1": 0.2867624173623688,
        "nauc_map_at_5_max": -0.024396636348260416,
        "nauc_map_at_5_std": 0.042983401621347846,
        "nauc_mrr_at_1000_diff1": 0.12082095586415813,
        "nauc_mrr_at_1000_max": -0.07771990358118488,
        "nauc_mrr_at_1000_std": -0.06731615569377349,
        "nauc_mrr_at_100_diff1": 0.11946865193400677,
        "nauc_mrr_at_100_max": -0.07870376367628779,
        "nauc_mrr_at_100_std": -0.06724989065750239,
        "nauc_mrr_at_10_diff1": 0.12235316438525017,
        "nauc_mrr_at_10_max": -0.08126684932623186,
        "nauc_mrr_at_10_std": -0.08263388175711597,
        "nauc_mrr_at_1_diff1": 0.07645825504272981,
        "nauc_mrr_at_1_max": -0.009517830382571604,
        "nauc_mrr_at_1_std": -0.022494488234438233,
        "nauc_mrr_at_20_diff1": 0.11647744559950057,
        "nauc_mrr_at_20_max": -0.07931775960437133,
        "nauc_mrr_at_20_std": -0.07332485553912191,
        "nauc_mrr_at_3_diff1": 0.14344451238856382,
        "nauc_mrr_at_3_max": -0.08518271496699335,
        "nauc_mrr_at_3_std": -0.09921803494416065,
        "nauc_mrr_at_5_diff1": 0.12657483689039822,
        "nauc_mrr_at_5_max": -0.09676189026404185,
        "nauc_mrr_at_5_std": -0.09291861836614757,
        "nauc_ndcg_at_1000_diff1": 0.17100576988148358,
        "nauc_ndcg_at_1000_max": 0.03612888132786875,
        "nauc_ndcg_at_1000_std": 0.11736311034355894,
        "nauc_ndcg_at_100_diff1": 0.1677383074121586,
        "nauc_ndcg_at_100_max": 0.033404063061095765,
        "nauc_ndcg_at_100_std": 0.11913896042056876,
        "nauc_ndcg_at_10_diff1": 0.1762748569191833,
        "nauc_ndcg_at_10_max": -0.08213440581214995,
        "nauc_ndcg_at_10_std": -0.011751132032648352,
        "nauc_ndcg_at_1_diff1": 0.07645825504272981,
        "nauc_ndcg_at_1_max": -0.009517830382571604,
        "nauc_ndcg_at_1_std": -0.022494488234438233,
        "nauc_ndcg_at_20_diff1": 0.1744869420974478,
        "nauc_ndcg_at_20_max": -0.042383818251224906,
        "nauc_ndcg_at_20_std": 0.013452738869121222,
        "nauc_ndcg_at_3_diff1": 0.23138645640821048,
        "nauc_ndcg_at_3_max": -0.0666379970968167,
        "nauc_ndcg_at_3_std": -0.051965331218050644,
        "nauc_ndcg_at_5_diff1": 0.21502563165456615,
        "nauc_ndcg_at_5_max": -0.08551444861248593,
        "nauc_ndcg_at_5_std": -0.035559579714194677,
        "nauc_precision_at_1000_diff1": -0.18379465271380407,
        "nauc_precision_at_1000_max": -0.008335719415166077,
        "nauc_precision_at_1000_std": 0.05482337787260785,
        "nauc_precision_at_100_diff1": -0.1499616249206123,
        "nauc_precision_at_100_max": 0.0379806727213842,
        "nauc_precision_at_100_std": 0.0976181220809564,
        "nauc_precision_at_10_diff1": 0.08514525991343673,
        "nauc_precision_at_10_max": -0.11074427809429618,
        "nauc_precision_at_10_std": -0.11399472191393252,
        "nauc_precision_at_1_diff1": 0.07645825504272981,
        "nauc_precision_at_1_max": -0.009517830382571604,
        "nauc_precision_at_1_std": -0.022494488234438233,
        "nauc_precision_at_20_diff1": -0.025005047961081727,
        "nauc_precision_at_20_max": -0.0077329023200924454,
        "nauc_precision_at_20_std": 0.007248586836453146,
        "nauc_precision_at_3_diff1": 0.20025182042035825,
        "nauc_precision_at_3_max": -0.11953176652936962,
        "nauc_precision_at_3_std": -0.13979570658323948,
        "nauc_precision_at_5_diff1": 0.10698335290625796,
        "nauc_precision_at_5_max": -0.14916043761215156,
        "nauc_precision_at_5_std": -0.1427902962390637,
        "nauc_recall_at_1000_diff1": 0.21488024187826232,
        "nauc_recall_at_1000_max": 0.10942965146938938,
        "nauc_recall_at_1000_std": 0.2728429122195145,
        "nauc_recall_at_100_diff1": 0.14729035101356003,
        "nauc_recall_at_100_max": 0.07315263622487438,
        "nauc_recall_at_100_std": 0.2453841247419127,
        "nauc_recall_at_10_diff1": 0.14479470920094312,
        "nauc_recall_at_10_max": -0.10611306484217643,
        "nauc_recall_at_10_std": 0.009936093615772698,
        "nauc_recall_at_1_diff1": 0.2705987754726001,
        "nauc_recall_at_1_max": 0.18097719337864746,
        "nauc_recall_at_1_std": 0.27095199305833145,
        "nauc_recall_at_20_diff1": 0.1497700047573321,
        "nauc_recall_at_20_max": -0.04422463361801572,
        "nauc_recall_at_20_std": 0.028180920449660373,
        "nauc_recall_at_3_diff1": 0.3194453489067438,
        "nauc_recall_at_3_max": -0.0843777741948886,
        "nauc_recall_at_3_std": -0.019631142746009533,
        "nauc_recall_at_5_diff1": 0.2901198653976497,
        "nauc_recall_at_5_max": -0.09080082925437859,
        "nauc_recall_at_5_std": -0.02632460018408703,
        "ndcg_at_1": 0.06838,
        "ndcg_at_10": 0.1203,
        "ndcg_at_100": 0.21201,
        "ndcg_at_1000": 0.22937,
        "ndcg_at_20": 0.1442,
        "ndcg_at_3": 0.09218,
        "ndcg_at_5": 0.08945,
        "precision_at_1": 0.06838,
        "precision_at_10": 0.04957,
        "precision_at_100": 0.02034,
        "precision_at_1000": 0.00248,
        "precision_at_20": 0.03932,
        "precision_at_3": 0.07123,
        "precision_at_5": 0.05128,
        "recall_at_1": 0.03043,
        "recall_at_10": 0.17692,
        "recall_at_100": 0.50746,
        "recall_at_1000": 0.58933,
        "recall_at_20": 0.24948,
        "recall_at_3": 0.08661,
        "recall_at_5": 0.09317
      }
    ]
  },
  "task_name": "BrightStackOverflow"
}