{
  "dataset_revision": "a75a0eb",
  "evaluation_time": 608.8187992572784,
  "kg_co2_emissions": null,
  "mteb_version": "1.14.12",
  "scores": {
    "standard": [
      {
        "hf_subset": "theoremqa_theorems",
        "languages": [
          "eng-Latn"
        ],
        "main_score": 0.05996,
        "map_at_1": 0.01538,
        "map_at_10": 0.03772,
        "map_at_100": 0.04722,
        "map_at_1000": 0.04851,
        "map_at_20": 0.04336,
        "map_at_3": 0.02479,
        "map_at_5": 0.02786,
        "mrr_at_1": 0.03076923076923077,
        "mrr_at_10": 0.05078754578754579,
        "mrr_at_100": 0.06249735152162923,
        "mrr_at_1000": 0.06333646159507665,
        "mrr_at_20": 0.057728553497784274,
        "mrr_at_3": 0.035897435897435895,
        "mrr_at_5": 0.03897435897435897,
        "nauc_map_at_1000_diff1": 0.03571211948262958,
        "nauc_map_at_1000_max": 0.023199175249189952,
        "nauc_map_at_1000_std": 0.06006489411137852,
        "nauc_map_at_100_diff1": 0.04182781728371954,
        "nauc_map_at_100_max": 0.024020420596303542,
        "nauc_map_at_100_std": 0.06245985534908231,
        "nauc_map_at_10_diff1": 0.0318427584220322,
        "nauc_map_at_10_max": 0.06114305153738761,
        "nauc_map_at_10_std": 0.07225202642604732,
        "nauc_map_at_1_diff1": 0.13058605199931184,
        "nauc_map_at_1_max": -0.11283335043054667,
        "nauc_map_at_1_std": 0.33481080488537945,
        "nauc_map_at_20_diff1": 0.04431110372572429,
        "nauc_map_at_20_max": 0.035271788878540995,
        "nauc_map_at_20_std": 0.05350720798679573,
        "nauc_map_at_3_diff1": 0.14976337199670475,
        "nauc_map_at_3_max": -0.061745152059674555,
        "nauc_map_at_3_std": 0.3185354222798998,
        "nauc_map_at_5_diff1": 0.09739244598844113,
        "nauc_map_at_5_max": 0.05550277884262071,
        "nauc_map_at_5_std": 0.2186092085977514,
        "nauc_mrr_at_1000_diff1": -0.009790944771987784,
        "nauc_mrr_at_1000_max": -0.05446933501786741,
        "nauc_mrr_at_1000_std": 0.08004653540337729,
        "nauc_mrr_at_100_diff1": -0.008623729171831485,
        "nauc_mrr_at_100_max": -0.055274867784257734,
        "nauc_mrr_at_100_std": 0.0835599699472243,
        "nauc_mrr_at_10_diff1": -0.015314978753984746,
        "nauc_mrr_at_10_max": -0.03642561346154767,
        "nauc_mrr_at_10_std": 0.11394309268702328,
        "nauc_mrr_at_1_diff1": 0.13058605199931184,
        "nauc_mrr_at_1_max": -0.11283335043054667,
        "nauc_mrr_at_1_std": 0.33481080488537945,
        "nauc_mrr_at_20_diff1": 0.0035718354329862326,
        "nauc_mrr_at_20_max": -0.04276612536005524,
        "nauc_mrr_at_20_std": 0.07679074893067415,
        "nauc_mrr_at_3_diff1": 0.039023159424296704,
        "nauc_mrr_at_3_max": -0.14306922293575677,
        "nauc_mrr_at_3_std": 0.3010975123454571,
        "nauc_mrr_at_5_diff1": 0.010325189630245604,
        "nauc_mrr_at_5_max": -0.052826915861881235,
        "nauc_mrr_at_5_std": 0.23103571212014928,
        "nauc_ndcg_at_1000_diff1": -0.05392477811180967,
        "nauc_ndcg_at_1000_max": -0.00991517835825216,
        "nauc_ndcg_at_1000_std": -0.05567172031175284,
        "nauc_ndcg_at_100_diff1": -0.02684929942252061,
        "nauc_ndcg_at_100_max": -0.0041156226949183835,
        "nauc_ndcg_at_100_std": -0.01324991501839458,
        "nauc_ndcg_at_10_diff1": -0.05365259368050871,
        "nauc_ndcg_at_10_max": 0.08923588454983153,
        "nauc_ndcg_at_10_std": -0.05958681773768583,
        "nauc_ndcg_at_1_diff1": 0.13058605199931184,
        "nauc_ndcg_at_1_max": -0.11283335043054667,
        "nauc_ndcg_at_1_std": 0.33481080488537945,
        "nauc_ndcg_at_20_diff1": -0.003116768008828506,
        "nauc_ndcg_at_20_max": 0.05005172702001085,
        "nauc_ndcg_at_20_std": -0.08777149395103973,
        "nauc_ndcg_at_3_diff1": 0.09195340130649485,
        "nauc_ndcg_at_3_max": -0.09539835830385641,
        "nauc_ndcg_at_3_std": 0.3048434592344607,
        "nauc_ndcg_at_5_diff1": 0.019861162368394348,
        "nauc_ndcg_at_5_max": 0.09423310391960632,
        "nauc_ndcg_at_5_std": 0.1505628829861297,
        "nauc_precision_at_1000_diff1": -0.13403493594461882,
        "nauc_precision_at_1000_max": -0.09351913767992813,
        "nauc_precision_at_1000_std": -0.19320867835894254,
        "nauc_precision_at_100_diff1": -0.11427322507172374,
        "nauc_precision_at_100_max": -0.13800489133417357,
        "nauc_precision_at_100_std": -0.021298421655469864,
        "nauc_precision_at_10_diff1": -0.08470849448267108,
        "nauc_precision_at_10_max": 0.08151959711400925,
        "nauc_precision_at_10_std": -0.12224530554996625,
        "nauc_precision_at_1_diff1": 0.13058605199931184,
        "nauc_precision_at_1_max": -0.11283335043054667,
        "nauc_precision_at_1_std": 0.33481080488537945,
        "nauc_precision_at_20_diff1": 0.001475724360593384,
        "nauc_precision_at_20_max": 0.03542285931439974,
        "nauc_precision_at_20_std": -0.1641691875482626,
        "nauc_precision_at_3_diff1": 0.021407178214552246,
        "nauc_precision_at_3_max": -0.11283335043054675,
        "nauc_precision_at_3_std": 0.2758125429405154,
        "nauc_precision_at_5_diff1": -0.047771149021761515,
        "nauc_precision_at_5_max": 0.10973331965556259,
        "nauc_precision_at_5_std": 0.10337964291739045,
        "nauc_recall_at_1000_diff1": -0.07254695627418513,
        "nauc_recall_at_1000_max": -0.0311872417376087,
        "nauc_recall_at_1000_std": -0.09919380305635321,
        "nauc_recall_at_100_diff1": -0.04077303248656526,
        "nauc_recall_at_100_max": 0.00909871773201492,
        "nauc_recall_at_100_std": -0.02926872215632161,
        "nauc_recall_at_10_diff1": -0.13839203324479377,
        "nauc_recall_at_10_max": 0.17514798354550754,
        "nauc_recall_at_10_std": -0.24410653129659216,
        "nauc_recall_at_1_diff1": 0.13058605199931184,
        "nauc_recall_at_1_max": -0.11283335043054667,
        "nauc_recall_at_1_std": 0.33481080488537945,
        "nauc_recall_at_20_diff1": -0.025578083876411344,
        "nauc_recall_at_20_max": 0.09581907513944972,
        "nauc_recall_at_20_std": -0.22875136399468682,
        "nauc_recall_at_3_diff1": 0.06974912132731109,
        "nauc_recall_at_3_max": -0.09359234065450392,
        "nauc_recall_at_3_std": 0.2919029780163876,
        "nauc_recall_at_5_diff1": -0.06939214195304007,
        "nauc_recall_at_5_max": 0.2923814266353209,
        "nauc_recall_at_5_std": -0.018069352051199843,
        "ndcg_at_1": 0.03077,
        "ndcg_at_10": 0.05996,
        "ndcg_at_100": 0.11041,
        "ndcg_at_1000": 0.15354,
        "ndcg_at_20": 0.08034,
        "ndcg_at_3": 0.02843,
        "ndcg_at_5": 0.03438,
        "precision_at_1": 0.03077,
        "precision_at_10": 0.01692,
        "precision_at_100": 0.00554,
        "precision_at_1000": 0.00118,
        "precision_at_20": 0.01385,
        "precision_at_3": 0.02051,
        "precision_at_5": 0.01538,
        "recall_at_1": 0.01538,
        "recall_at_10": 0.12051,
        "recall_at_100": 0.32923,
        "recall_at_1000": 0.64231,
        "recall_at_20": 0.19231,
        "recall_at_3": 0.02821,
        "recall_at_5": 0.04359
      }
    ]
  },
  "task_name": "BrightRetrieval"
}