{
  "dataset_revision": "3066d29",
  "evaluation_time": 3596.9867396354675,
  "kg_co2_emissions": null,
  "mteb_version": "1.14.12",
  "scores": {
    "standard": [
      {
        "hf_subset": "aops",
        "languages": [
          "eng-Latn"
        ],
        "main_score": 0.06038,
        "map_at_1": 0.01829,
        "map_at_10": 0.03521,
        "map_at_100": 0.04337,
        "map_at_1000": 0.04345,
        "map_at_20": 0.04007,
        "map_at_3": 0.02765,
        "map_at_5": 0.02975,
        "mrr_at_1": 0.08108108108108109,
        "mrr_at_10": 0.10479765479765481,
        "mrr_at_100": 0.11241172499600685,
        "mrr_at_1000": 0.11255706940364635,
        "mrr_at_20": 0.10895635895635894,
        "mrr_at_3": 0.09009009009009009,
        "mrr_at_5": 0.0945945945945946,
        "nauc_map_at_1000_diff1": 0.387277666105742,
        "nauc_map_at_1000_max": -0.011322129526080426,
        "nauc_map_at_1000_std": -0.1189038422669322,
        "nauc_map_at_100_diff1": 0.38772777987783363,
        "nauc_map_at_100_max": -0.011943102849948773,
        "nauc_map_at_100_std": -0.11821805504175849,
        "nauc_map_at_10_diff1": 0.3982367037080562,
        "nauc_map_at_10_max": -0.011185333806982637,
        "nauc_map_at_10_std": -0.14767938239592932,
        "nauc_map_at_1_diff1": 0.539247048897945,
        "nauc_map_at_1_max": 0.03813645131731561,
        "nauc_map_at_1_std": -0.1892812008227558,
        "nauc_map_at_20_diff1": 0.4036467984068524,
        "nauc_map_at_20_max": 0.005806320170913122,
        "nauc_map_at_20_std": -0.12164624699352915,
        "nauc_map_at_3_diff1": 0.43278045446531305,
        "nauc_map_at_3_max": 0.010878894879246868,
        "nauc_map_at_3_std": -0.16437569978817806,
        "nauc_map_at_5_diff1": 0.4122315779724895,
        "nauc_map_at_5_max": 0.003579773032643335,
        "nauc_map_at_5_std": -0.15820262911364727,
        "nauc_mrr_at_1000_diff1": 0.42986095148610237,
        "nauc_mrr_at_1000_max": -0.05056483831056885,
        "nauc_mrr_at_1000_std": -0.05935731480357556,
        "nauc_mrr_at_100_diff1": 0.43051599107655286,
        "nauc_mrr_at_100_max": -0.050480534866352546,
        "nauc_mrr_at_100_std": -0.05876425300333059,
        "nauc_mrr_at_10_diff1": 0.4354831795592489,
        "nauc_mrr_at_10_max": -0.04409244403192544,
        "nauc_mrr_at_10_std": -0.0698619830307664,
        "nauc_mrr_at_1_diff1": 0.518200309156246,
        "nauc_mrr_at_1_max": -0.014797869971744652,
        "nauc_mrr_at_1_std": -0.10966011132051728,
        "nauc_mrr_at_20_diff1": 0.42937934879071765,
        "nauc_mrr_at_20_max": -0.05280255014093843,
        "nauc_mrr_at_20_std": -0.05997764643058524,
        "nauc_mrr_at_3_diff1": 0.5044346037035674,
        "nauc_mrr_at_3_max": -0.04414300280053487,
        "nauc_mrr_at_3_std": -0.09724403695196071,
        "nauc_mrr_at_5_diff1": 0.47662207922152033,
        "nauc_mrr_at_5_max": -0.04048075844475465,
        "nauc_mrr_at_5_std": -0.08797510086848725,
        "nauc_ndcg_at_1000_diff1": 0.34032511304445445,
        "nauc_ndcg_at_1000_max": -0.04067742630863963,
        "nauc_ndcg_at_1000_std": -0.05115369093004433,
        "nauc_ndcg_at_100_diff1": 0.34743670840053426,
        "nauc_ndcg_at_100_max": -0.04531676873225963,
        "nauc_ndcg_at_100_std": -0.04271973468453473,
        "nauc_ndcg_at_10_diff1": 0.3711976097893137,
        "nauc_ndcg_at_10_max": -0.03844874811043114,
        "nauc_ndcg_at_10_std": -0.09875510329427843,
        "nauc_ndcg_at_1_diff1": 0.518200309156246,
        "nauc_ndcg_at_1_max": -0.014797869971744652,
        "nauc_ndcg_at_1_std": -0.10966011132051728,
        "nauc_ndcg_at_20_diff1": 0.3769256287479468,
        "nauc_ndcg_at_20_max": -0.024758206097120903,
        "nauc_ndcg_at_20_std": -0.05125547165247412,
        "nauc_ndcg_at_3_diff1": 0.4689952806761804,
        "nauc_ndcg_at_3_max": -0.029150907980801277,
        "nauc_ndcg_at_3_std": -0.10807219506187,
        "nauc_ndcg_at_5_diff1": 0.41874835886931355,
        "nauc_ndcg_at_5_max": -0.038101822849184015,
        "nauc_ndcg_at_5_std": -0.11706557401646411,
        "nauc_precision_at_1000_diff1": 0.20777715758720533,
        "nauc_precision_at_1000_max": -0.11017401814057008,
        "nauc_precision_at_1000_std": -0.03011348904164761,
        "nauc_precision_at_100_diff1": 0.23286924306257437,
        "nauc_precision_at_100_max": -0.1180852338346683,
        "nauc_precision_at_100_std": -0.0021443907604743054,
        "nauc_precision_at_10_diff1": 0.27579159073133974,
        "nauc_precision_at_10_max": -0.10217219764121832,
        "nauc_precision_at_10_std": -0.07684705540638725,
        "nauc_precision_at_1_diff1": 0.518200309156246,
        "nauc_precision_at_1_max": -0.014797869971744652,
        "nauc_precision_at_1_std": -0.10966011132051728,
        "nauc_precision_at_20_diff1": 0.29589624804217685,
        "nauc_precision_at_20_max": -0.07714320313617326,
        "nauc_precision_at_20_std": -0.003808239669205483,
        "nauc_precision_at_3_diff1": 0.4609921825996594,
        "nauc_precision_at_3_max": -0.03453488788103859,
        "nauc_precision_at_3_std": -0.09065840088628524,
        "nauc_precision_at_5_diff1": 0.3821817621457427,
        "nauc_precision_at_5_max": -0.07968007562338425,
        "nauc_precision_at_5_std": -0.09507517964776008,
        "nauc_recall_at_1000_diff1": 0.2598299654284621,
        "nauc_recall_at_1000_max": -0.03113525699390032,
        "nauc_recall_at_1000_std": -0.0032539725217845955,
        "nauc_recall_at_100_diff1": 0.2797471811165149,
        "nauc_recall_at_100_max": -0.04898056770740103,
        "nauc_recall_at_100_std": 0.017151535670520766,
        "nauc_recall_at_10_diff1": 0.29424477266041366,
        "nauc_recall_at_10_max": -0.04316810211781306,
        "nauc_recall_at_10_std": -0.05856840394154852,
        "nauc_recall_at_1_diff1": 0.539247048897945,
        "nauc_recall_at_1_max": 0.03813645131731561,
        "nauc_recall_at_1_std": -0.1892812008227558,
        "nauc_recall_at_20_diff1": 0.3354596961351574,
        "nauc_recall_at_20_max": -0.008805703071266232,
        "nauc_recall_at_20_std": 0.02229220242985611,
        "nauc_recall_at_3_diff1": 0.4165881987573637,
        "nauc_recall_at_3_max": -0.020915078431778308,
        "nauc_recall_at_3_std": -0.1477648439033706,
        "nauc_recall_at_5_diff1": 0.3521570588016629,
        "nauc_recall_at_5_max": -0.018035313857736886,
        "nauc_recall_at_5_std": -0.12215450950089163,
        "ndcg_at_1": 0.08108,
        "ndcg_at_10": 0.06038,
        "ndcg_at_100": 0.09467,
        "ndcg_at_1000": 0.09653,
        "ndcg_at_20": 0.07359,
        "ndcg_at_3": 0.05451,
        "ndcg_at_5": 0.04989,
        "precision_at_1": 0.08108,
        "precision_at_10": 0.03063,
        "precision_at_100": 0.00775,
        "precision_at_1000": 0.00082,
        "precision_at_20": 0.02252,
        "precision_at_3": 0.04204,
        "precision_at_5": 0.03243,
        "recall_at_1": 0.01829,
        "recall_at_10": 0.06977,
        "recall_at_100": 0.17723,
        "recall_at_1000": 0.18474,
        "recall_at_20": 0.10221,
        "recall_at_3": 0.03159,
        "recall_at_5": 0.03845
      }
    ]
  },
  "task_name": "BrightAops"
}