{
  "dataset_revision": "3066d29",
  "evaluation_time": 12217.89486193657,
  "kg_co2_emissions": null,
  "mteb_version": "1.14.12",
  "scores": {
    "standard": [
      {
        "hf_subset": "aops",
        "languages": [
          "eng-Latn"
        ],
        "main_score": 0.11153,
        "map_at_1": 0.02917,
        "map_at_10": 0.06396,
        "map_at_100": 0.07541,
        "map_at_1000": 0.07555,
        "map_at_20": 0.06926,
        "map_at_3": 0.04841,
        "map_at_5": 0.05726,
        "mrr_at_1": 0.11711711711711711,
        "mrr_at_10": 0.19630702130702127,
        "mrr_at_100": 0.20630714926968438,
        "mrr_at_1000": 0.20636761241739585,
        "mrr_at_20": 0.202036527036527,
        "mrr_at_3": 0.17117117117117114,
        "mrr_at_5": 0.19099099099099096,
        "nauc_map_at_1000_diff1": 0.32201545991946623,
        "nauc_map_at_1000_max": 0.21841785671924108,
        "nauc_map_at_1000_std": -0.1763591581791711,
        "nauc_map_at_100_diff1": 0.32214584753387654,
        "nauc_map_at_100_max": 0.21889828218884683,
        "nauc_map_at_100_std": -0.17532101262228766,
        "nauc_map_at_10_diff1": 0.33861786798207405,
        "nauc_map_at_10_max": 0.21975901448683918,
        "nauc_map_at_10_std": -0.1983042523101195,
        "nauc_map_at_1_diff1": 0.4626604737967645,
        "nauc_map_at_1_max": 0.22776989820297666,
        "nauc_map_at_1_std": -0.3913340222574763,
        "nauc_map_at_20_diff1": 0.3228672581159639,
        "nauc_map_at_20_max": 0.20733827469417063,
        "nauc_map_at_20_std": -0.19006214557824058,
        "nauc_map_at_3_diff1": 0.3866471142883152,
        "nauc_map_at_3_max": 0.22630471213051295,
        "nauc_map_at_3_std": -0.2710811333635119,
        "nauc_map_at_5_diff1": 0.3359612603295686,
        "nauc_map_at_5_max": 0.21928357523952394,
        "nauc_map_at_5_std": -0.23003913184349142,
        "nauc_mrr_at_1000_diff1": 0.32733290592776165,
        "nauc_mrr_at_1000_max": 0.27196063780523505,
        "nauc_mrr_at_1000_std": -0.18291352051805623,
        "nauc_mrr_at_100_diff1": 0.3274346813293853,
        "nauc_mrr_at_100_max": 0.2721705618556407,
        "nauc_mrr_at_100_std": -0.18272998843638177,
        "nauc_mrr_at_10_diff1": 0.33269443193215886,
        "nauc_mrr_at_10_max": 0.27556610563730555,
        "nauc_mrr_at_10_std": -0.18595477400379162,
        "nauc_mrr_at_1_diff1": 0.504626560341165,
        "nauc_mrr_at_1_max": 0.3645321102919395,
        "nauc_mrr_at_1_std": -0.32319652706548674,
        "nauc_mrr_at_20_diff1": 0.3303326011948583,
        "nauc_mrr_at_20_max": 0.2711443611140315,
        "nauc_mrr_at_20_std": -0.1864425777604164,
        "nauc_mrr_at_3_diff1": 0.35822875633061974,
        "nauc_mrr_at_3_max": 0.2864360493393295,
        "nauc_mrr_at_3_std": -0.2114686942791935,
        "nauc_mrr_at_5_diff1": 0.33338092085019666,
        "nauc_mrr_at_5_max": 0.28246958644398423,
        "nauc_mrr_at_5_std": -0.18450580067896652,
        "nauc_ndcg_at_1000_diff1": 0.2672975064174389,
        "nauc_ndcg_at_1000_max": 0.20464214067916311,
        "nauc_ndcg_at_1000_std": -0.11670351528395526,
        "nauc_ndcg_at_100_diff1": 0.26767739633964355,
        "nauc_ndcg_at_100_max": 0.20813430468038335,
        "nauc_ndcg_at_100_std": -0.10731328167107049,
        "nauc_ndcg_at_10_diff1": 0.30352861627029015,
        "nauc_ndcg_at_10_max": 0.2226424605326931,
        "nauc_ndcg_at_10_std": -0.15219615360395103,
        "nauc_ndcg_at_1_diff1": 0.504626560341165,
        "nauc_ndcg_at_1_max": 0.3645321102919395,
        "nauc_ndcg_at_1_std": -0.32319652706548674,
        "nauc_ndcg_at_20_diff1": 0.2791697300620722,
        "nauc_ndcg_at_20_max": 0.19082151240848746,
        "nauc_ndcg_at_20_std": -0.14257673659952055,
        "nauc_ndcg_at_3_diff1": 0.34688782521950706,
        "nauc_ndcg_at_3_max": 0.3008801229663631,
        "nauc_ndcg_at_3_std": -0.19932169134937064,
        "nauc_ndcg_at_5_diff1": 0.29105470795953275,
        "nauc_ndcg_at_5_max": 0.24739000262598793,
        "nauc_ndcg_at_5_std": -0.16956358321648313,
        "nauc_precision_at_1000_diff1": 0.13666539101121122,
        "nauc_precision_at_1000_max": 0.18175212794658882,
        "nauc_precision_at_1000_std": 0.01327892546608445,
        "nauc_precision_at_100_diff1": 0.13831197979913937,
        "nauc_precision_at_100_max": 0.1933126980982092,
        "nauc_precision_at_100_std": 0.03901797856071727,
        "nauc_precision_at_10_diff1": 0.2355542773651211,
        "nauc_precision_at_10_max": 0.233517505227554,
        "nauc_precision_at_10_std": -0.025376876504892475,
        "nauc_precision_at_1_diff1": 0.504626560341165,
        "nauc_precision_at_1_max": 0.3645321102919395,
        "nauc_precision_at_1_std": -0.32319652706548674,
        "nauc_precision_at_20_diff1": 0.15792225030763127,
        "nauc_precision_at_20_max": 0.159403110939354,
        "nauc_precision_at_20_std": -0.016171191906816214,
        "nauc_precision_at_3_diff1": 0.3319251206498409,
        "nauc_precision_at_3_max": 0.3034418106175936,
        "nauc_precision_at_3_std": -0.14305446731509178,
        "nauc_precision_at_5_diff1": 0.2015939602565874,
        "nauc_precision_at_5_max": 0.2512812650076246,
        "nauc_precision_at_5_std": -0.06592644965289006,
        "nauc_recall_at_1000_diff1": 0.1489452049789447,
        "nauc_recall_at_1000_max": 0.09666805288657095,
        "nauc_recall_at_1000_std": -0.04076782821656284,
        "nauc_recall_at_100_diff1": 0.1450488638120579,
        "nauc_recall_at_100_max": 0.10400500543628934,
        "nauc_recall_at_100_std": -0.007147728510294707,
        "nauc_recall_at_10_diff1": 0.19689685392372025,
        "nauc_recall_at_10_max": 0.13599487517377415,
        "nauc_recall_at_10_std": -0.08375003278057112,
        "nauc_recall_at_1_diff1": 0.4626604737967645,
        "nauc_recall_at_1_max": 0.22776989820297666,
        "nauc_recall_at_1_std": -0.3913340222574763,
        "nauc_recall_at_20_diff1": 0.16406972742947717,
        "nauc_recall_at_20_max": 0.06894116931060643,
        "nauc_recall_at_20_std": -0.07657498463381167,
        "nauc_recall_at_3_diff1": 0.3127084022892384,
        "nauc_recall_at_3_max": 0.20679078531514508,
        "nauc_recall_at_3_std": -0.1845362374598044,
        "nauc_recall_at_5_diff1": 0.22770030019263215,
        "nauc_recall_at_5_max": 0.17355215242938885,
        "nauc_recall_at_5_std": -0.11015329460839363,
        "ndcg_at_1": 0.11712,
        "ndcg_at_10": 0.11153,
        "ndcg_at_100": 0.1628,
        "ndcg_at_1000": 0.16481,
        "ndcg_at_20": 0.12988,
        "ndcg_at_3": 0.10333,
        "ndcg_at_5": 0.10748,
        "precision_at_1": 0.11712,
        "precision_at_10": 0.05495,
        "precision_at_100": 0.01288,
        "precision_at_1000": 0.00132,
        "precision_at_20": 0.03784,
        "precision_at_3": 0.0961,
        "precision_at_5": 0.08468,
        "recall_at_1": 0.02917,
        "recall_at_10": 0.12157,
        "recall_at_100": 0.27199,
        "recall_at_1000": 0.28191,
        "recall_at_20": 0.16726,
        "recall_at_3": 0.06505,
        "recall_at_5": 0.09106
      }
    ]
  },
  "task_name": "BrightAops"
}