{
  "dataset_revision": "3066d29",
  "evaluation_time": 461.29969096183777,
  "kg_co2_emissions": null,
  "mteb_version": "1.14.12",
  "scores": {
    "standard": [
      {
        "hf_subset": "theoremqa_theorems",
        "languages": [
          "eng-Latn"
        ],
        "main_score": 0.39073,
        "map_at_1": 0.18609,
        "map_at_10": 0.33276,
        "map_at_100": 0.34668,
        "map_at_1000": 0.34823,
        "map_at_20": 0.3387,
        "map_at_3": 0.29603,
        "map_at_5": 0.3222,
        "mrr_at_1": 0.32894736842105265,
        "mrr_at_10": 0.4105419799498747,
        "mrr_at_100": 0.41715006156582585,
        "mrr_at_1000": 0.4177047858431088,
        "mrr_at_20": 0.41155412569886246,
        "mrr_at_3": 0.3859649122807017,
        "mrr_at_5": 0.40701754385964906,
        "nauc_map_at_1000_diff1": 0.2968459888554136,
        "nauc_map_at_1000_max": 0.11330966827313849,
        "nauc_map_at_1000_std": 0.19183336570831677,
        "nauc_map_at_100_diff1": 0.2962021195925852,
        "nauc_map_at_100_max": 0.11402156632853304,
        "nauc_map_at_100_std": 0.19181477676882056,
        "nauc_map_at_10_diff1": 0.29059604804471245,
        "nauc_map_at_10_max": 0.11423241199773283,
        "nauc_map_at_10_std": 0.198533404168477,
        "nauc_map_at_1_diff1": 0.4165545372635747,
        "nauc_map_at_1_max": -0.004104473166628063,
        "nauc_map_at_1_std": 0.03639272886393238,
        "nauc_map_at_20_diff1": 0.29780894521797546,
        "nauc_map_at_20_max": 0.10926312655182698,
        "nauc_map_at_20_std": 0.19150976026235925,
        "nauc_map_at_3_diff1": 0.3039531021002243,
        "nauc_map_at_3_max": 0.14907057080683153,
        "nauc_map_at_3_std": 0.18248144097253421,
        "nauc_map_at_5_diff1": 0.2971484365209491,
        "nauc_map_at_5_max": 0.112727578481625,
        "nauc_map_at_5_std": 0.17828252723485963,
        "nauc_mrr_at_1000_diff1": 0.4015066641340471,
        "nauc_mrr_at_1000_max": 0.09568841518313036,
        "nauc_mrr_at_1000_std": 0.11610299684298137,
        "nauc_mrr_at_100_diff1": 0.40095381324753054,
        "nauc_mrr_at_100_max": 0.09623142425766248,
        "nauc_mrr_at_100_std": 0.11587705314079329,
        "nauc_mrr_at_10_diff1": 0.40666797747395456,
        "nauc_mrr_at_10_max": 0.08650813872977463,
        "nauc_mrr_at_10_std": 0.11483880274138222,
        "nauc_mrr_at_1_diff1": 0.4419072804562794,
        "nauc_mrr_at_1_max": 0.1269356885306813,
        "nauc_mrr_at_1_std": 0.14761982450147623,
        "nauc_mrr_at_20_diff1": 0.40548134839633776,
        "nauc_mrr_at_20_max": 0.09160420286481573,
        "nauc_mrr_at_20_std": 0.11334706230010547,
        "nauc_mrr_at_3_diff1": 0.4213193170521317,
        "nauc_mrr_at_3_max": 0.13310807779982,
        "nauc_mrr_at_3_std": 0.13442533861008987,
        "nauc_mrr_at_5_diff1": 0.40770924216485993,
        "nauc_mrr_at_5_max": 0.08725412782353834,
        "nauc_mrr_at_5_std": 0.12106751305511441,
        "nauc_ndcg_at_1000_diff1": 0.3020918364029523,
        "nauc_ndcg_at_1000_max": 0.08497798329845105,
        "nauc_ndcg_at_1000_std": 0.15211916512433174,
        "nauc_ndcg_at_100_diff1": 0.2899244025338447,
        "nauc_ndcg_at_100_max": 0.09847583596263951,
        "nauc_ndcg_at_100_std": 0.15382092767429012,
        "nauc_ndcg_at_10_diff1": 0.297827420260357,
        "nauc_ndcg_at_10_max": 0.07846224011357664,
        "nauc_ndcg_at_10_std": 0.16170538347203298,
        "nauc_ndcg_at_1_diff1": 0.4419072804562794,
        "nauc_ndcg_at_1_max": 0.1269356885306813,
        "nauc_ndcg_at_1_std": 0.14761982450147623,
        "nauc_ndcg_at_20_diff1": 0.30648921802441514,
        "nauc_ndcg_at_20_max": 0.07306356129646616,
        "nauc_ndcg_at_20_std": 0.1465882087316128,
        "nauc_ndcg_at_3_diff1": 0.34797001241710945,
        "nauc_ndcg_at_3_max": 0.1464703193806888,
        "nauc_ndcg_at_3_std": 0.1592538459639666,
        "nauc_ndcg_at_5_diff1": 0.31388515531694583,
        "nauc_ndcg_at_5_max": 0.07591024983396588,
        "nauc_ndcg_at_5_std": 0.14324811616890515,
        "nauc_precision_at_1000_diff1": 0.10128994326379506,
        "nauc_precision_at_1000_max": 0.1353881939017493,
        "nauc_precision_at_1000_std": 0.11821556144769874,
        "nauc_precision_at_100_diff1": 0.11991277692443222,
        "nauc_precision_at_100_max": 0.17033917644724494,
        "nauc_precision_at_100_std": 0.1639410408784426,
        "nauc_precision_at_10_diff1": 0.1885482777258488,
        "nauc_precision_at_10_max": 0.10938394203114928,
        "nauc_precision_at_10_std": 0.26018939644093203,
        "nauc_precision_at_1_diff1": 0.4419072804562794,
        "nauc_precision_at_1_max": 0.1269356885306813,
        "nauc_precision_at_1_std": 0.14761982450147623,
        "nauc_precision_at_20_diff1": 0.19940377142186258,
        "nauc_precision_at_20_max": 0.09726643742526708,
        "nauc_precision_at_20_std": 0.20465777311212086,
        "nauc_precision_at_3_diff1": 0.2575225160121018,
        "nauc_precision_at_3_max": 0.2167440919900669,
        "nauc_precision_at_3_std": 0.24976783589750734,
        "nauc_precision_at_5_diff1": 0.2242546808606954,
        "nauc_precision_at_5_max": 0.10781002267983035,
        "nauc_precision_at_5_std": 0.21442859987134563,
        "nauc_recall_at_1000_diff1": 0.1377942263418898,
        "nauc_recall_at_1000_max": -0.16107805260539074,
        "nauc_recall_at_1000_std": 0.07342535700034174,
        "nauc_recall_at_100_diff1": 0.0817008126183501,
        "nauc_recall_at_100_max": 0.055188583146196186,
        "nauc_recall_at_100_std": 0.09978256320366627,
        "nauc_recall_at_10_diff1": 0.19190290162001244,
        "nauc_recall_at_10_max": -0.006277699311896009,
        "nauc_recall_at_10_std": 0.11443026499225682,
        "nauc_recall_at_1_diff1": 0.4165545372635747,
        "nauc_recall_at_1_max": -0.004104473166628063,
        "nauc_recall_at_1_std": 0.03639272886393238,
        "nauc_recall_at_20_diff1": 0.21815975867026105,
        "nauc_recall_at_20_max": -0.02763406779663708,
        "nauc_recall_at_20_std": 0.06941633087458342,
        "nauc_recall_at_3_diff1": 0.27446211397541187,
        "nauc_recall_at_3_max": 0.16190107110479046,
        "nauc_recall_at_3_std": 0.11363857523374492,
        "nauc_recall_at_5_diff1": 0.21337455137869688,
        "nauc_recall_at_5_max": -0.0003882159173616233,
        "nauc_recall_at_5_std": 0.08714831911696644,
        "ndcg_at_1": 0.32895,
        "ndcg_at_10": 0.39073,
        "ndcg_at_100": 0.45086,
        "ndcg_at_1000": 0.47046,
        "ndcg_at_20": 0.40232,
        "ndcg_at_3": 0.34159,
        "ndcg_at_5": 0.37476,
        "precision_at_1": 0.32895,
        "precision_at_10": 0.09211,
        "precision_at_100": 0.01461,
        "precision_at_1000": 0.0017,
        "precision_at_20": 0.05066,
        "precision_at_3": 0.22368,
        "precision_at_5": 0.16316,
        "recall_at_1": 0.18609,
        "recall_at_10": 0.47541,
        "recall_at_100": 0.72478,
        "recall_at_1000": 0.83772,
        "recall_at_20": 0.50799,
        "recall_at_3": 0.34665,
        "recall_at_5": 0.43186
      }
    ]
  },
  "task_name": "BrightTheoremqaTheorems"
}