{
  "dataset_revision": "a75a0eb",
  "evaluation_time": 9716.089956998825,
  "kg_co2_emissions": null,
  "mteb_version": "1.14.12",
  "scores": {
    "standard": [
      {
        "hf_subset": "leetcode",
        "languages": [
          "eng-Latn"
        ],
        "main_score": 0.24707,
        "map_at_1": 0.12207,
        "map_at_10": 0.19425,
        "map_at_100": 0.2055,
        "map_at_1000": 0.2055,
        "map_at_20": 0.1985,
        "map_at_3": 0.166,
        "map_at_5": 0.18584,
        "mrr_at_1": 0.2323943661971831,
        "mrr_at_10": 0.2961826514643417,
        "mrr_at_100": 0.30553148177646616,
        "mrr_at_1000": 0.30553148177646616,
        "mrr_at_20": 0.3003910604262718,
        "mrr_at_3": 0.2723004694835681,
        "mrr_at_5": 0.288849765258216,
        "nauc_map_at_1000_diff1": 0.5061140417498419,
        "nauc_map_at_1000_max": 0.30076363520402516,
        "nauc_map_at_1000_std": 0.08871802163566514,
        "nauc_map_at_100_diff1": 0.5061140417498419,
        "nauc_map_at_100_max": 0.30076363520402516,
        "nauc_map_at_100_std": 0.08871802163566514,
        "nauc_map_at_10_diff1": 0.513761300569655,
        "nauc_map_at_10_max": 0.2926976747254487,
        "nauc_map_at_10_std": 0.08393686998840075,
        "nauc_map_at_1_diff1": 0.6072520864057982,
        "nauc_map_at_1_max": 0.3161933497226696,
        "nauc_map_at_1_std": 0.017210607050428685,
        "nauc_map_at_20_diff1": 0.5076211544364513,
        "nauc_map_at_20_max": 0.2926946211552349,
        "nauc_map_at_20_std": 0.08392512491142409,
        "nauc_map_at_3_diff1": 0.5518026386063325,
        "nauc_map_at_3_max": 0.2911591624243338,
        "nauc_map_at_3_std": 0.08813339532546666,
        "nauc_map_at_5_diff1": 0.522868154845212,
        "nauc_map_at_5_max": 0.29696603067465605,
        "nauc_map_at_5_std": 0.08602794347383665,
        "nauc_mrr_at_1000_diff1": 0.5450230290249155,
        "nauc_mrr_at_1000_max": 0.3128714753471107,
        "nauc_mrr_at_1000_std": 0.058060986275789664,
        "nauc_mrr_at_100_diff1": 0.5450230290249155,
        "nauc_mrr_at_100_max": 0.3128714753471107,
        "nauc_mrr_at_100_std": 0.058060986275789664,
        "nauc_mrr_at_10_diff1": 0.5472559025897611,
        "nauc_mrr_at_10_max": 0.3094016563273103,
        "nauc_mrr_at_10_std": 0.05232368524190669,
        "nauc_mrr_at_1_diff1": 0.6280679027325801,
        "nauc_mrr_at_1_max": 0.34873073630688023,
        "nauc_mrr_at_1_std": 0.03449470526431228,
        "nauc_mrr_at_20_diff1": 0.5425868345321508,
        "nauc_mrr_at_20_max": 0.30946412793757955,
        "nauc_mrr_at_20_std": 0.055110739096902374,
        "nauc_mrr_at_3_diff1": 0.5697861714319999,
        "nauc_mrr_at_3_max": 0.309376102884871,
        "nauc_mrr_at_3_std": 0.069507704882388,
        "nauc_mrr_at_5_diff1": 0.5577471763249158,
        "nauc_mrr_at_5_max": 0.32069104078478344,
        "nauc_mrr_at_5_std": 0.05655627846040557,
        "nauc_ndcg_at_1000_diff1": 0.47258131361604616,
        "nauc_ndcg_at_1000_max": 0.30578196348017433,
        "nauc_ndcg_at_1000_std": 0.10047648484742794,
        "nauc_ndcg_at_100_diff1": 0.47258131361604616,
        "nauc_ndcg_at_100_max": 0.30578196348017433,
        "nauc_ndcg_at_100_std": 0.10047648484742794,
        "nauc_ndcg_at_10_diff1": 0.47973214321216084,
        "nauc_ndcg_at_10_max": 0.2785229182032267,
        "nauc_ndcg_at_10_std": 0.07224894471200377,
        "nauc_ndcg_at_1_diff1": 0.6280679027325801,
        "nauc_ndcg_at_1_max": 0.34873073630688023,
        "nauc_ndcg_at_1_std": 0.03449470526431228,
        "nauc_ndcg_at_20_diff1": 0.4651786687667849,
        "nauc_ndcg_at_20_max": 0.27544689464058786,
        "nauc_ndcg_at_20_std": 0.07791895661489805,
        "nauc_ndcg_at_3_diff1": 0.5462610809963467,
        "nauc_ndcg_at_3_max": 0.3020159129676045,
        "nauc_ndcg_at_3_std": 0.09975388387926704,
        "nauc_ndcg_at_5_diff1": 0.5021473739319107,
        "nauc_ndcg_at_5_max": 0.29697123922080976,
        "nauc_ndcg_at_5_std": 0.0818471489315044,
        "nauc_precision_at_1000_diff1": 0.22768839507002828,
        "nauc_precision_at_1000_max": 0.3698883902622784,
        "nauc_precision_at_1000_std": 0.08296474942178478,
        "nauc_precision_at_100_diff1": 0.22768839507002814,
        "nauc_precision_at_100_max": 0.3698883902622786,
        "nauc_precision_at_100_std": 0.08296474942178483,
        "nauc_precision_at_10_diff1": 0.34577191213546543,
        "nauc_precision_at_10_max": 0.2864400730951528,
        "nauc_precision_at_10_std": 0.07005451971732639,
        "nauc_precision_at_1_diff1": 0.6280679027325801,
        "nauc_precision_at_1_max": 0.34873073630688023,
        "nauc_precision_at_1_std": 0.03449470526431228,
        "nauc_precision_at_20_diff1": 0.2939234254394859,
        "nauc_precision_at_20_max": 0.2931093256448492,
        "nauc_precision_at_20_std": 0.07794193943100483,
        "nauc_precision_at_3_diff1": 0.48658906015512193,
        "nauc_precision_at_3_max": 0.2955727696213454,
        "nauc_precision_at_3_std": 0.10589354903383513,
        "nauc_precision_at_5_diff1": 0.41808784225197015,
        "nauc_precision_at_5_max": 0.31702066549941854,
        "nauc_precision_at_5_std": 0.08659474435455479,
        "nauc_recall_at_1000_diff1": 0.28377303421625777,
        "nauc_recall_at_1000_max": 0.2188556902501907,
        "nauc_recall_at_1000_std": 0.17004553874116218,
        "nauc_recall_at_100_diff1": 0.28377303421625777,
        "nauc_recall_at_100_max": 0.2188556902501907,
        "nauc_recall_at_100_std": 0.17004553874116218,
        "nauc_recall_at_10_diff1": 0.327946831030118,
        "nauc_recall_at_10_max": 0.18617516650571417,
        "nauc_recall_at_10_std": 0.05856680042824669,
        "nauc_recall_at_1_diff1": 0.6072520864057982,
        "nauc_recall_at_1_max": 0.3161933497226696,
        "nauc_recall_at_1_std": 0.017210607050428685,
        "nauc_recall_at_20_diff1": 0.28507195858984774,
        "nauc_recall_at_20_max": 0.16492748264210236,
        "nauc_recall_at_20_std": 0.07630102980334862,
        "nauc_recall_at_3_diff1": 0.4817514450563182,
        "nauc_recall_at_3_max": 0.23728590800655308,
        "nauc_recall_at_3_std": 0.1407403358429577,
        "nauc_recall_at_5_diff1": 0.39376028574336325,
        "nauc_recall_at_5_max": 0.25066081035444987,
        "nauc_recall_at_5_std": 0.09163284026465777,
        "ndcg_at_1": 0.23239,
        "ndcg_at_10": 0.24707,
        "ndcg_at_100": 0.30245,
        "ndcg_at_1000": 0.30245,
        "ndcg_at_20": 0.26028,
        "ndcg_at_3": 0.20708,
        "ndcg_at_5": 0.22879,
        "precision_at_1": 0.23239,
        "precision_at_10": 0.05915,
        "precision_at_100": 0.01007,
        "precision_at_1000": 0.00101,
        "precision_at_20": 0.0338,
        "precision_at_3": 0.12911,
        "precision_at_5": 0.09859,
        "recall_at_1": 0.12207,
        "recall_at_10": 0.3088,
        "recall_at_100": 0.54941,
        "recall_at_1000": 0.54941,
        "recall_at_20": 0.35211,
        "recall_at_3": 0.19613,
        "recall_at_5": 0.26056
      }
    ]
  },
  "task_name": "BrightRetrieval"
}