{
  "dataset_revision": "3066d29",
  "evaluation_time": 1773.693158864975,
  "kg_co2_emissions": null,
  "mteb_version": "1.14.12",
  "scores": {
    "standard": [
      {
        "hf_subset": "economics",
        "languages": [
          "eng-Latn"
        ],
        "main_score": 0.11872,
        "map_at_1": 0.03107,
        "map_at_10": 0.06431,
        "map_at_100": 0.09014,
        "map_at_1000": 0.09279,
        "map_at_20": 0.07793,
        "map_at_3": 0.05474,
        "map_at_5": 0.05754,
        "mrr_at_1": 0.10679611650485436,
        "mrr_at_10": 0.1547464940668824,
        "mrr_at_100": 0.1682118911530402,
        "mrr_at_1000": 0.16899405707572387,
        "mrr_at_20": 0.1643307494219755,
        "mrr_at_3": 0.1423948220064725,
        "mrr_at_5": 0.1448220064724919,
        "nauc_map_at_1000_diff1": 0.13736080824718022,
        "nauc_map_at_1000_max": -0.08151470944406297,
        "nauc_map_at_1000_std": -0.039217143799404414,
        "nauc_map_at_100_diff1": 0.14293688648376104,
        "nauc_map_at_100_max": -0.0842167263269187,
        "nauc_map_at_100_std": -0.039625908268556824,
        "nauc_map_at_10_diff1": 0.2215180557840379,
        "nauc_map_at_10_max": -0.14322405974051164,
        "nauc_map_at_10_std": -0.13312282587377633,
        "nauc_map_at_1_diff1": 0.28706642254285375,
        "nauc_map_at_1_max": -0.0660171737945696,
        "nauc_map_at_1_std": -0.116533575652617,
        "nauc_map_at_20_diff1": 0.17864933698347651,
        "nauc_map_at_20_max": -0.08878661804287521,
        "nauc_map_at_20_std": -0.0737457053681992,
        "nauc_map_at_3_diff1": 0.23101584542685255,
        "nauc_map_at_3_max": -0.1593064846293903,
        "nauc_map_at_3_std": -0.16913794568669013,
        "nauc_map_at_5_diff1": 0.24111820276346113,
        "nauc_map_at_5_max": -0.16599761859174744,
        "nauc_map_at_5_std": -0.1783284628350336,
        "nauc_mrr_at_1000_diff1": 0.1022827763652224,
        "nauc_mrr_at_1000_max": -0.05258713074953386,
        "nauc_mrr_at_1000_std": -0.17778766988749056,
        "nauc_mrr_at_100_diff1": 0.10182344418546321,
        "nauc_mrr_at_100_max": -0.05292666106601818,
        "nauc_mrr_at_100_std": -0.17640858859232425,
        "nauc_mrr_at_10_diff1": 0.10106022848936723,
        "nauc_mrr_at_10_max": -0.06219896444203546,
        "nauc_mrr_at_10_std": -0.18880151768083683,
        "nauc_mrr_at_1_diff1": 0.10666928899691633,
        "nauc_mrr_at_1_max": -0.028963650170795992,
        "nauc_mrr_at_1_std": -0.23545092856317473,
        "nauc_mrr_at_20_diff1": 0.10542052688797773,
        "nauc_mrr_at_20_max": -0.05259702938249411,
        "nauc_mrr_at_20_std": -0.17855663565396207,
        "nauc_mrr_at_3_diff1": 0.097923475227288,
        "nauc_mrr_at_3_max": -0.06502680828524521,
        "nauc_mrr_at_3_std": -0.2025470454725568,
        "nauc_mrr_at_5_diff1": 0.11563304846755203,
        "nauc_mrr_at_5_max": -0.07021253718013291,
        "nauc_mrr_at_5_std": -0.21086172357007477,
        "nauc_ndcg_at_1000_diff1": 0.09925010671825374,
        "nauc_ndcg_at_1000_max": -0.01633714143182382,
        "nauc_ndcg_at_1000_std": -0.0012018794158636687,
        "nauc_ndcg_at_100_diff1": 0.1123216737745684,
        "nauc_ndcg_at_100_max": -0.016398995557594605,
        "nauc_ndcg_at_100_std": 0.03268263162186111,
        "nauc_ndcg_at_10_diff1": 0.11953665675473568,
        "nauc_ndcg_at_10_max": -0.09630176577433401,
        "nauc_ndcg_at_10_std": -0.09968191130819128,
        "nauc_ndcg_at_1_diff1": 0.10666928899691633,
        "nauc_ndcg_at_1_max": -0.028963650170795992,
        "nauc_ndcg_at_1_std": -0.23545092856317473,
        "nauc_ndcg_at_20_diff1": 0.1193201094773495,
        "nauc_ndcg_at_20_max": -0.010402100610647969,
        "nauc_ndcg_at_20_std": -0.008741805725096771,
        "nauc_ndcg_at_3_diff1": 0.10307790166171636,
        "nauc_ndcg_at_3_max": -0.13239322739873627,
        "nauc_ndcg_at_3_std": -0.17925875230554464,
        "nauc_ndcg_at_5_diff1": 0.12443445902529585,
        "nauc_ndcg_at_5_max": -0.1364063528746944,
        "nauc_ndcg_at_5_std": -0.17011895087727633,
        "nauc_precision_at_1000_diff1": -0.16261466956166065,
        "nauc_precision_at_1000_max": 0.0021045648326543315,
        "nauc_precision_at_1000_std": 0.04634302046662742,
        "nauc_precision_at_100_diff1": -0.13970584701554345,
        "nauc_precision_at_100_max": 0.00696067618693814,
        "nauc_precision_at_100_std": 0.09550460327046889,
        "nauc_precision_at_10_diff1": -0.08227044425021343,
        "nauc_precision_at_10_max": -0.04632608044644288,
        "nauc_precision_at_10_std": -0.029520742639137395,
        "nauc_precision_at_1_diff1": 0.10666928899691633,
        "nauc_precision_at_1_max": -0.028963650170795992,
        "nauc_precision_at_1_std": -0.23545092856317473,
        "nauc_precision_at_20_diff1": -0.10924629252356907,
        "nauc_precision_at_20_max": 0.033650744053384064,
        "nauc_precision_at_20_std": 0.06409382625140761,
        "nauc_precision_at_3_diff1": 0.014318645092434043,
        "nauc_precision_at_3_max": -0.1258722186433071,
        "nauc_precision_at_3_std": -0.182228611336755,
        "nauc_precision_at_5_diff1": -0.005510285015587499,
        "nauc_precision_at_5_max": -0.11740744449284075,
        "nauc_precision_at_5_std": -0.1413618359809396,
        "nauc_recall_at_1000_diff1": 0.08061127933786486,
        "nauc_recall_at_1000_max": 0.07162632940031424,
        "nauc_recall_at_1000_std": 0.17058401584546493,
        "nauc_recall_at_100_diff1": 0.08711519929794555,
        "nauc_recall_at_100_max": 0.06372998914219757,
        "nauc_recall_at_100_std": 0.2542866577113842,
        "nauc_recall_at_10_diff1": 0.25883554400850006,
        "nauc_recall_at_10_max": -0.0783902680814626,
        "nauc_recall_at_10_std": -0.029819110363069137,
        "nauc_recall_at_1_diff1": 0.28706642254285375,
        "nauc_recall_at_1_max": -0.0660171737945696,
        "nauc_recall_at_1_std": -0.116533575652617,
        "nauc_recall_at_20_diff1": 0.1866940924830418,
        "nauc_recall_at_20_max": 0.0926834637968451,
        "nauc_recall_at_20_std": 0.14886258916564019,
        "nauc_recall_at_3_diff1": 0.24031792165861585,
        "nauc_recall_at_3_max": -0.17064178969029153,
        "nauc_recall_at_3_std": -0.16976228137355479,
        "nauc_recall_at_5_diff1": 0.2836250458927337,
        "nauc_recall_at_5_max": -0.1830902459429036,
        "nauc_recall_at_5_std": -0.195418975322453,
        "ndcg_at_1": 0.1068,
        "ndcg_at_10": 0.11872,
        "ndcg_at_100": 0.18168,
        "ndcg_at_1000": 0.20597,
        "ndcg_at_20": 0.14589,
        "ndcg_at_3": 0.11119,
        "ndcg_at_5": 0.10989,
        "precision_at_1": 0.1068,
        "precision_at_10": 0.06117,
        "precision_at_100": 0.02398,
        "precision_at_1000": 0.00317,
        "precision_at_20": 0.05631,
        "precision_at_3": 0.08414,
        "precision_at_5": 0.06796,
        "recall_at_1": 0.03107,
        "recall_at_10": 0.11601,
        "recall_at_100": 0.38928,
        "recall_at_1000": 0.49677,
        "recall_at_20": 0.22208,
        "recall_at_3": 0.07538,
        "recall_at_5": 0.08222
      }
    ]
  },
  "task_name": "BrightEconomics"
}