{
  "dataset_revision": "3066d29",
  "evaluation_time": 5776.882405281067,
  "kg_co2_emissions": null,
  "mteb_version": "1.14.12",
  "scores": {
    "standard": [
      {
        "hf_subset": "theoremqa_questions",
        "languages": [
          "eng-Latn"
        ],
        "main_score": 0.29534,
        "map_at_1": 0.1366,
        "map_at_10": 0.25457,
        "map_at_100": 0.26287,
        "map_at_1000": 0.26304,
        "map_at_20": 0.26033,
        "map_at_3": 0.22822,
        "map_at_5": 0.24613,
        "mrr_at_1": 0.25257731958762886,
        "mrr_at_10": 0.31404434626084116,
        "mrr_at_100": 0.3197269420199387,
        "mrr_at_1000": 0.3198783196012597,
        "mrr_at_20": 0.3175524903807197,
        "mrr_at_3": 0.30326460481099654,
        "mrr_at_5": 0.30790378006872854,
        "nauc_map_at_1000_diff1": 0.4960833266139915,
        "nauc_map_at_1000_max": 0.16807818885544049,
        "nauc_map_at_1000_std": -0.28292636294964274,
        "nauc_map_at_100_diff1": 0.49614002423409537,
        "nauc_map_at_100_max": 0.16786361403774192,
        "nauc_map_at_100_std": -0.28299892446104025,
        "nauc_map_at_10_diff1": 0.5005666384279907,
        "nauc_map_at_10_max": 0.17489385248659453,
        "nauc_map_at_10_std": -0.2809280108086358,
        "nauc_map_at_1_diff1": 0.6038684155723658,
        "nauc_map_at_1_max": 0.1286486606749697,
        "nauc_map_at_1_std": -0.24374519170116796,
        "nauc_map_at_20_diff1": 0.49781754209837714,
        "nauc_map_at_20_max": 0.1709118456100496,
        "nauc_map_at_20_std": -0.28230080610082714,
        "nauc_map_at_3_diff1": 0.49738838203173785,
        "nauc_map_at_3_max": 0.16130673621620584,
        "nauc_map_at_3_std": -0.29031913036984924,
        "nauc_map_at_5_diff1": 0.5008205887807167,
        "nauc_map_at_5_max": 0.17107396944413938,
        "nauc_map_at_5_std": -0.2845439618297867,
        "nauc_mrr_at_1000_diff1": 0.5209655143780502,
        "nauc_mrr_at_1000_max": 0.15206367756455874,
        "nauc_mrr_at_1000_std": -0.28378043077431636,
        "nauc_mrr_at_100_diff1": 0.5207672256471835,
        "nauc_mrr_at_100_max": 0.1516010471179583,
        "nauc_mrr_at_100_std": -0.28387364510580626,
        "nauc_mrr_at_10_diff1": 0.52045710746757,
        "nauc_mrr_at_10_max": 0.15379398379911285,
        "nauc_mrr_at_10_std": -0.28487930111390264,
        "nauc_mrr_at_1_diff1": 0.5283698586382574,
        "nauc_mrr_at_1_max": 0.18002945464596679,
        "nauc_mrr_at_1_std": -0.25330637537571515,
        "nauc_mrr_at_20_diff1": 0.5213753776522424,
        "nauc_mrr_at_20_max": 0.15386153893797264,
        "nauc_mrr_at_20_std": -0.2856442945215057,
        "nauc_mrr_at_3_diff1": 0.5222397562652967,
        "nauc_mrr_at_3_max": 0.16822548379726737,
        "nauc_mrr_at_3_std": -0.28912707626950523,
        "nauc_mrr_at_5_diff1": 0.5217044814259377,
        "nauc_mrr_at_5_max": 0.15788100889928228,
        "nauc_mrr_at_5_std": -0.28787501559730133,
        "nauc_ndcg_at_1000_diff1": 0.497321303947692,
        "nauc_ndcg_at_1000_max": 0.1471309560588186,
        "nauc_ndcg_at_1000_std": -0.28313168989483045,
        "nauc_ndcg_at_100_diff1": 0.4969281600783505,
        "nauc_ndcg_at_100_max": 0.14207638907796483,
        "nauc_ndcg_at_100_std": -0.2843877371013108,
        "nauc_ndcg_at_10_diff1": 0.5056966522390643,
        "nauc_ndcg_at_10_max": 0.16379337792561977,
        "nauc_ndcg_at_10_std": -0.28545544199873507,
        "nauc_ndcg_at_1_diff1": 0.5283698586382574,
        "nauc_ndcg_at_1_max": 0.18002945464596679,
        "nauc_ndcg_at_1_std": -0.25330637537571515,
        "nauc_ndcg_at_20_diff1": 0.5031628905668055,
        "nauc_ndcg_at_20_max": 0.15730699929163547,
        "nauc_ndcg_at_20_std": -0.2865977163191799,
        "nauc_ndcg_at_3_diff1": 0.5077551551633607,
        "nauc_ndcg_at_3_max": 0.17151111173297381,
        "nauc_ndcg_at_3_std": -0.3016031964316781,
        "nauc_ndcg_at_5_diff1": 0.5091905589152979,
        "nauc_ndcg_at_5_max": 0.1640003348097352,
        "nauc_ndcg_at_5_std": -0.29561849433769105,
        "nauc_precision_at_1000_diff1": 0.2879383258537265,
        "nauc_precision_at_1000_max": 0.0939307964468444,
        "nauc_precision_at_1000_std": -0.22782990376195944,
        "nauc_precision_at_100_diff1": 0.2931591240473994,
        "nauc_precision_at_100_max": 0.07674234456944978,
        "nauc_precision_at_100_std": -0.23137601243611539,
        "nauc_precision_at_10_diff1": 0.3580048272014194,
        "nauc_precision_at_10_max": 0.1782864698990374,
        "nauc_precision_at_10_std": -0.2458555033176985,
        "nauc_precision_at_1_diff1": 0.5283698586382574,
        "nauc_precision_at_1_max": 0.18002945464596679,
        "nauc_precision_at_1_std": -0.25330637537571515,
        "nauc_precision_at_20_diff1": 0.3314232560991846,
        "nauc_precision_at_20_max": 0.14532889766769552,
        "nauc_precision_at_20_std": -0.24561749323996257,
        "nauc_precision_at_3_diff1": 0.36972370652268577,
        "nauc_precision_at_3_max": 0.18982388801866382,
        "nauc_precision_at_3_std": -0.30087784315462685,
        "nauc_precision_at_5_diff1": 0.35969431931531565,
        "nauc_precision_at_5_max": 0.1920185375142458,
        "nauc_precision_at_5_std": -0.2633382522057396,
        "nauc_recall_at_1000_diff1": 0.44876084002291283,
        "nauc_recall_at_1000_max": 0.11638727875678456,
        "nauc_recall_at_1000_std": -0.24217225393047143,
        "nauc_recall_at_100_diff1": 0.44301216640533686,
        "nauc_recall_at_100_max": 0.08510210926954559,
        "nauc_recall_at_100_std": -0.24998131872031565,
        "nauc_recall_at_10_diff1": 0.47663493265843215,
        "nauc_recall_at_10_max": 0.14987849537077103,
        "nauc_recall_at_10_std": -0.26934121054664373,
        "nauc_recall_at_1_diff1": 0.6038684155723658,
        "nauc_recall_at_1_max": 0.1286486606749697,
        "nauc_recall_at_1_std": -0.24374519170116796,
        "nauc_recall_at_20_diff1": 0.46764860695226074,
        "nauc_recall_at_20_max": 0.13584648145115374,
        "nauc_recall_at_20_std": -0.25988639798392343,
        "nauc_recall_at_3_diff1": 0.4886703627646796,
        "nauc_recall_at_3_max": 0.15160720014991874,
        "nauc_recall_at_3_std": -0.31413280062944904,
        "nauc_recall_at_5_diff1": 0.5043172398140672,
        "nauc_recall_at_5_max": 0.14986438845044528,
        "nauc_recall_at_5_std": -0.3115093868688865,
        "ndcg_at_1": 0.25258,
        "ndcg_at_10": 0.29534,
        "ndcg_at_100": 0.32839,
        "ndcg_at_1000": 0.33127,
        "ndcg_at_20": 0.31221,
        "ndcg_at_3": 0.26254,
        "ndcg_at_5": 0.27775,
        "precision_at_1": 0.25258,
        "precision_at_10": 0.07268,
        "precision_at_100": 0.00969,
        "precision_at_1000": 0.001,
        "precision_at_20": 0.04098,
        "precision_at_3": 0.18213,
        "precision_at_5": 0.12887,
        "recall_at_1": 0.1366,
        "recall_at_10": 0.35412,
        "recall_at_100": 0.48771,
        "recall_at_1000": 0.50563,
        "recall_at_20": 0.41469,
        "recall_at_3": 0.26821,
        "recall_at_5": 0.30601
      }
    ]
  },
  "task_name": "BrightTheoremqaQuestions"
}