{
  "dataset_revision": "3066d29",
  "evaluation_time": 1449.0582101345062,
  "kg_co2_emissions": null,
  "mteb_version": "1.14.12",
  "scores": {
    "standard": [
      {
        "hf_subset": "biology",
        "languages": [
          "eng-Latn"
        ],
        "main_score": 0.2376,
        "map_at_1": 0.07943,
        "map_at_10": 0.17157,
        "map_at_100": 0.19866,
        "map_at_1000": 0.20057,
        "map_at_20": 0.18583,
        "map_at_3": 0.12568,
        "map_at_5": 0.15039,
        "mrr_at_1": 0.23300970873786409,
        "mrr_at_10": 0.30135614116196635,
        "mrr_at_100": 0.30863907375285626,
        "mrr_at_1000": 0.3094232361479889,
        "mrr_at_20": 0.30391420322174173,
        "mrr_at_3": 0.27508090614886727,
        "mrr_at_5": 0.28770226537216825,
        "nauc_map_at_1000_diff1": 0.10157871069425725,
        "nauc_map_at_1000_max": 0.08805492914884364,
        "nauc_map_at_1000_std": 0.10423352951056503,
        "nauc_map_at_100_diff1": 0.10227666258757016,
        "nauc_map_at_100_max": 0.08874920897566792,
        "nauc_map_at_100_std": 0.10471141679526581,
        "nauc_map_at_10_diff1": 0.12085831399866716,
        "nauc_map_at_10_max": 0.08614040612851546,
        "nauc_map_at_10_std": 0.07107642839369632,
        "nauc_map_at_1_diff1": 0.05677357611872702,
        "nauc_map_at_1_max": 0.10080512058007826,
        "nauc_map_at_1_std": 0.08218915194755769,
        "nauc_map_at_20_diff1": 0.10543574942736647,
        "nauc_map_at_20_max": 0.08309754637166357,
        "nauc_map_at_20_std": 0.08027015876586509,
        "nauc_map_at_3_diff1": 0.06966580264280914,
        "nauc_map_at_3_max": 0.10275683755179918,
        "nauc_map_at_3_std": 0.07323975119256743,
        "nauc_map_at_5_diff1": 0.10850040632586232,
        "nauc_map_at_5_max": 0.10056261031450021,
        "nauc_map_at_5_std": 0.0573939716266151,
        "nauc_mrr_at_1000_diff1": 0.01855975383254776,
        "nauc_mrr_at_1000_max": 0.05360151347598241,
        "nauc_mrr_at_1000_std": 0.11170905576985185,
        "nauc_mrr_at_100_diff1": 0.01814280528001967,
        "nauc_mrr_at_100_max": 0.05386697339151753,
        "nauc_mrr_at_100_std": 0.11239380922082277,
        "nauc_mrr_at_10_diff1": 0.01677804690575329,
        "nauc_mrr_at_10_max": 0.0529561319252289,
        "nauc_mrr_at_10_std": 0.11280089983171873,
        "nauc_mrr_at_1_diff1": 0.04824201253267175,
        "nauc_mrr_at_1_max": 0.08387837306730307,
        "nauc_mrr_at_1_std": 0.13813134906191857,
        "nauc_mrr_at_20_diff1": 0.01956182768626117,
        "nauc_mrr_at_20_max": 0.057690618032751,
        "nauc_mrr_at_20_std": 0.11211584844930826,
        "nauc_mrr_at_3_diff1": 0.016499306985339888,
        "nauc_mrr_at_3_max": 0.06948143937556217,
        "nauc_mrr_at_3_std": 0.12434539461869794,
        "nauc_mrr_at_5_diff1": 0.005637444328635342,
        "nauc_mrr_at_5_max": 0.047891400972043564,
        "nauc_mrr_at_5_std": 0.11727147988613856,
        "nauc_ndcg_at_1000_diff1": 0.09475794212158421,
        "nauc_ndcg_at_1000_max": 0.08248398550926109,
        "nauc_ndcg_at_1000_std": 0.144511690979817,
        "nauc_ndcg_at_100_diff1": 0.08807090827307007,
        "nauc_ndcg_at_100_max": 0.08774649495916355,
        "nauc_ndcg_at_100_std": 0.15054329937711303,
        "nauc_ndcg_at_10_diff1": 0.10449044150917718,
        "nauc_ndcg_at_10_max": 0.06530810873015784,
        "nauc_ndcg_at_10_std": 0.08707806966606774,
        "nauc_ndcg_at_1_diff1": 0.04824201253267175,
        "nauc_ndcg_at_1_max": 0.08387837306730307,
        "nauc_ndcg_at_1_std": 0.13813134906191857,
        "nauc_ndcg_at_20_diff1": 0.08476647050135991,
        "nauc_ndcg_at_20_max": 0.07192255833178975,
        "nauc_ndcg_at_20_std": 0.08772181714039003,
        "nauc_ndcg_at_3_diff1": 0.0339492120996255,
        "nauc_ndcg_at_3_max": 0.06898514864900021,
        "nauc_ndcg_at_3_std": 0.11115069216020886,
        "nauc_ndcg_at_5_diff1": 0.05847120960415374,
        "nauc_ndcg_at_5_max": 0.0486315663370946,
        "nauc_ndcg_at_5_std": 0.07700854826472679,
        "nauc_precision_at_1000_diff1": -0.039410518609669314,
        "nauc_precision_at_1000_max": -0.04843600598882056,
        "nauc_precision_at_1000_std": 0.16196091211997451,
        "nauc_precision_at_100_diff1": -0.014611039305203924,
        "nauc_precision_at_100_max": -0.023891049288775272,
        "nauc_precision_at_100_std": 0.1997947777188763,
        "nauc_precision_at_10_diff1": 0.07481584098435104,
        "nauc_precision_at_10_max": -0.010215280377560497,
        "nauc_precision_at_10_std": 0.12657778922643648,
        "nauc_precision_at_1_diff1": 0.04824201253267175,
        "nauc_precision_at_1_max": 0.08387837306730307,
        "nauc_precision_at_1_std": 0.13813134906191857,
        "nauc_precision_at_20_diff1": 0.010440755919366917,
        "nauc_precision_at_20_max": -0.029015221417323992,
        "nauc_precision_at_20_std": 0.10963201011745558,
        "nauc_precision_at_3_diff1": 0.018865484638373835,
        "nauc_precision_at_3_max": 0.04353151242604,
        "nauc_precision_at_3_std": 0.10644184979184412,
        "nauc_precision_at_5_diff1": 0.03554798562440567,
        "nauc_precision_at_5_max": 0.0031244965822187004,
        "nauc_precision_at_5_std": 0.08662549368463725,
        "nauc_recall_at_1000_diff1": 0.24108398747079815,
        "nauc_recall_at_1000_max": 0.13432489197011516,
        "nauc_recall_at_1000_std": 0.2337117338706647,
        "nauc_recall_at_100_diff1": 0.15774421540513,
        "nauc_recall_at_100_max": 0.150189619813487,
        "nauc_recall_at_100_std": 0.2423411791535861,
        "nauc_recall_at_10_diff1": 0.1608771961064577,
        "nauc_recall_at_10_max": 0.06477180408831612,
        "nauc_recall_at_10_std": 0.05560124389663392,
        "nauc_recall_at_1_diff1": 0.05677357611872702,
        "nauc_recall_at_1_max": 0.10080512058007826,
        "nauc_recall_at_1_std": 0.08218915194755769,
        "nauc_recall_at_20_diff1": 0.12560656185853103,
        "nauc_recall_at_20_max": 0.0943606657403865,
        "nauc_recall_at_20_std": 0.058968385923948215,
        "nauc_recall_at_3_diff1": 0.030525737229470724,
        "nauc_recall_at_3_max": 0.0822134224664179,
        "nauc_recall_at_3_std": 0.05067784213462854,
        "nauc_recall_at_5_diff1": 0.09668031287318847,
        "nauc_recall_at_5_max": 0.07425486048377121,
        "nauc_recall_at_5_std": 0.03479103656274133,
        "ndcg_at_1": 0.23301,
        "ndcg_at_10": 0.2376,
        "ndcg_at_100": 0.32075,
        "ndcg_at_1000": 0.34341,
        "ndcg_at_20": 0.26483,
        "ndcg_at_3": 0.20173,
        "ndcg_at_5": 0.21192,
        "precision_at_1": 0.23301,
        "precision_at_10": 0.10388,
        "precision_at_100": 0.02155,
        "precision_at_1000": 0.00252,
        "precision_at_20": 0.06699,
        "precision_at_3": 0.16505,
        "precision_at_5": 0.14175,
        "recall_at_1": 0.07943,
        "recall_at_10": 0.27623,
        "recall_at_100": 0.55143,
        "recall_at_1000": 0.66856,
        "recall_at_20": 0.35056,
        "recall_at_3": 0.14925,
        "recall_at_5": 0.1954
      }
    ]
  },
  "task_name": "BrightBiology"
}