{
  "dataset_revision": "3066d29",
  "evaluation_time": 459.9977025985718,
  "kg_co2_emissions": null,
  "mteb_version": "1.14.12",
  "scores": {
    "standard": [
      {
        "hf_subset": "theoremqa_theorems",
        "languages": [
          "eng-Latn"
        ],
        "main_score": 0.22331,
        "map_at_1": 0.0885,
        "map_at_10": 0.17389,
        "map_at_100": 0.19313,
        "map_at_1000": 0.19398,
        "map_at_20": 0.18224,
        "map_at_3": 0.14129,
        "map_at_5": 0.16002,
        "mrr_at_1": 0.17105263157894737,
        "mrr_at_10": 0.2250104427736007,
        "mrr_at_100": 0.24198376023038867,
        "mrr_at_1000": 0.24228748965092275,
        "mrr_at_20": 0.23584103239472318,
        "mrr_at_3": 0.19517543859649125,
        "mrr_at_5": 0.21162280701754388,
        "nauc_map_at_1000_diff1": 0.06788292700738678,
        "nauc_map_at_1000_max": 0.27096502646747395,
        "nauc_map_at_1000_std": 0.379764712423081,
        "nauc_map_at_100_diff1": 0.06678653668915153,
        "nauc_map_at_100_max": 0.2712551798787154,
        "nauc_map_at_100_std": 0.3789082453569311,
        "nauc_map_at_10_diff1": 0.073912291787728,
        "nauc_map_at_10_max": 0.2825157158177561,
        "nauc_map_at_10_std": 0.39118265294589166,
        "nauc_map_at_1_diff1": 0.21611518773172328,
        "nauc_map_at_1_max": 0.23709807561442586,
        "nauc_map_at_1_std": 0.32922199048454803,
        "nauc_map_at_20_diff1": 0.06188128484198614,
        "nauc_map_at_20_max": 0.27412660941766964,
        "nauc_map_at_20_std": 0.3786019627877775,
        "nauc_map_at_3_diff1": 0.03263895614740181,
        "nauc_map_at_3_max": 0.32763316517321656,
        "nauc_map_at_3_std": 0.37979845530483847,
        "nauc_map_at_5_diff1": 0.04361203380802969,
        "nauc_map_at_5_max": 0.29379066602749837,
        "nauc_map_at_5_std": 0.4056142900070767,
        "nauc_mrr_at_1000_diff1": 0.1626296223797902,
        "nauc_mrr_at_1000_max": 0.2852265283074318,
        "nauc_mrr_at_1000_std": 0.3655433297440164,
        "nauc_mrr_at_100_diff1": 0.16269768739085286,
        "nauc_mrr_at_100_max": 0.28537075702915,
        "nauc_mrr_at_100_std": 0.36544993086382593,
        "nauc_mrr_at_10_diff1": 0.17809590103298698,
        "nauc_mrr_at_10_max": 0.28835797477763014,
        "nauc_mrr_at_10_std": 0.3766377366451194,
        "nauc_mrr_at_1_diff1": 0.17294885457280743,
        "nauc_mrr_at_1_max": 0.3369496580047528,
        "nauc_mrr_at_1_std": 0.4043919464818558,
        "nauc_mrr_at_20_diff1": 0.16346837663494854,
        "nauc_mrr_at_20_max": 0.28347011466570965,
        "nauc_mrr_at_20_std": 0.3610504312512927,
        "nauc_mrr_at_3_diff1": 0.15539586407988223,
        "nauc_mrr_at_3_max": 0.3160731876056874,
        "nauc_mrr_at_3_std": 0.37922706820683816,
        "nauc_mrr_at_5_diff1": 0.1752651210536819,
        "nauc_mrr_at_5_max": 0.29365530864675454,
        "nauc_mrr_at_5_std": 0.391091807455386,
        "nauc_ndcg_at_1000_diff1": 0.0948989377734927,
        "nauc_ndcg_at_1000_max": 0.1932084460452194,
        "nauc_ndcg_at_1000_std": 0.35673296556870143,
        "nauc_ndcg_at_100_diff1": 0.08697600727742048,
        "nauc_ndcg_at_100_max": 0.19616305862182892,
        "nauc_ndcg_at_100_std": 0.34799026142815603,
        "nauc_ndcg_at_10_diff1": 0.116624561138811,
        "nauc_ndcg_at_10_max": 0.24846728578756386,
        "nauc_ndcg_at_10_std": 0.374855874553134,
        "nauc_ndcg_at_1_diff1": 0.17294885457280743,
        "nauc_ndcg_at_1_max": 0.3369496580047528,
        "nauc_ndcg_at_1_std": 0.4043919464818558,
        "nauc_ndcg_at_20_diff1": 0.0761315783065807,
        "nauc_ndcg_at_20_max": 0.22124903106071592,
        "nauc_ndcg_at_20_std": 0.3249066855836863,
        "nauc_ndcg_at_3_diff1": 0.06827111023019963,
        "nauc_ndcg_at_3_max": 0.3156666124671457,
        "nauc_ndcg_at_3_std": 0.38611788600938385,
        "nauc_ndcg_at_5_diff1": 0.07643762610139757,
        "nauc_ndcg_at_5_max": 0.26652376364536795,
        "nauc_ndcg_at_5_std": 0.4106738511460429,
        "nauc_precision_at_1000_diff1": 0.1323989210947302,
        "nauc_precision_at_1000_max": 0.01859498720871596,
        "nauc_precision_at_1000_std": 0.2925945411368927,
        "nauc_precision_at_100_diff1": 0.0959394230188581,
        "nauc_precision_at_100_max": 0.04808959918678933,
        "nauc_precision_at_100_std": 0.3067873044557,
        "nauc_precision_at_10_diff1": 0.14406258194980856,
        "nauc_precision_at_10_max": 0.23403465532278506,
        "nauc_precision_at_10_std": 0.41683912668983636,
        "nauc_precision_at_1_diff1": 0.17294885457280743,
        "nauc_precision_at_1_max": 0.3369496580047528,
        "nauc_precision_at_1_std": 0.4043919464818558,
        "nauc_precision_at_20_diff1": 0.014653516460726986,
        "nauc_precision_at_20_max": 0.13252536966592926,
        "nauc_precision_at_20_std": 0.2834163658665727,
        "nauc_precision_at_3_diff1": -0.013760913698836828,
        "nauc_precision_at_3_max": 0.38679003080950847,
        "nauc_precision_at_3_std": 0.45303345628658265,
        "nauc_precision_at_5_diff1": 0.04634940531728616,
        "nauc_precision_at_5_max": 0.3011485621611132,
        "nauc_precision_at_5_std": 0.5051937265261345,
        "nauc_recall_at_1000_diff1": -0.0064180243564608015,
        "nauc_recall_at_1000_max": -0.2653100083622202,
        "nauc_recall_at_1000_std": 0.2820695623360552,
        "nauc_recall_at_100_diff1": -0.016853972510338554,
        "nauc_recall_at_100_max": -0.14327175285630564,
        "nauc_recall_at_100_std": 0.24700524367102197,
        "nauc_recall_at_10_diff1": 0.11129351811621266,
        "nauc_recall_at_10_max": 0.16421933437695405,
        "nauc_recall_at_10_std": 0.3251869606298374,
        "nauc_recall_at_1_diff1": 0.21611518773172328,
        "nauc_recall_at_1_max": 0.23709807561442586,
        "nauc_recall_at_1_std": 0.32922199048454803,
        "nauc_recall_at_20_diff1": 0.010872628065795259,
        "nauc_recall_at_20_max": 0.0901619465360832,
        "nauc_recall_at_20_std": 0.16930077140157973,
        "nauc_recall_at_3_diff1": 0.020582882332318964,
        "nauc_recall_at_3_max": 0.27195674668519315,
        "nauc_recall_at_3_std": 0.3320445133202607,
        "nauc_recall_at_5_diff1": 0.03790044192816655,
        "nauc_recall_at_5_max": 0.1873442486703738,
        "nauc_recall_at_5_std": 0.37992423363065786,
        "ndcg_at_1": 0.17105,
        "ndcg_at_10": 0.22331,
        "ndcg_at_100": 0.32087,
        "ndcg_at_1000": 0.33336,
        "ndcg_at_20": 0.25461,
        "ndcg_at_3": 0.16656,
        "ndcg_at_5": 0.1927,
        "precision_at_1": 0.17105,
        "precision_at_10": 0.06053,
        "precision_at_100": 0.01434,
        "precision_at_1000": 0.00158,
        "precision_at_20": 0.04145,
        "precision_at_3": 0.11404,
        "precision_at_5": 0.09211,
        "recall_at_1": 0.0885,
        "recall_at_10": 0.31814,
        "recall_at_100": 0.72478,
        "recall_at_1000": 0.80044,
        "recall_at_20": 0.4187,
        "recall_at_3": 0.17152,
        "recall_at_5": 0.22932
      }
    ]
  },
  "task_name": "BrightTheoremqaTheorems"
}