{
  "dataset_revision": "a75a0eb",
  "evaluation_time": 1799.6206634044647,
  "kg_co2_emissions": null,
  "mteb_version": "1.14.12",
  "scores": {
    "standard": [
      {
        "hf_subset": "economics",
        "languages": [
          "eng-Latn"
        ],
        "main_score": 0.11881,
        "map_at_1": 0.03104,
        "map_at_10": 0.06407,
        "map_at_100": 0.08941,
        "map_at_1000": 0.09452,
        "map_at_20": 0.07755,
        "map_at_3": 0.05463,
        "map_at_5": 0.05764,
        "mrr_at_1": 0.10679611650485436,
        "mrr_at_10": 0.15520496224379718,
        "mrr_at_100": 0.16874269509641263,
        "mrr_at_1000": 0.16991676832287553,
        "mrr_at_20": 0.16486175436474515,
        "mrr_at_3": 0.1423948220064725,
        "mrr_at_5": 0.14676375404530745,
        "nauc_map_at_1000_diff1": 0.11341586721813399,
        "nauc_map_at_1000_max": -0.07309615709300876,
        "nauc_map_at_1000_std": -0.17344883439530862,
        "nauc_map_at_100_diff1": 0.12406554684202245,
        "nauc_map_at_100_max": -0.07486582129741286,
        "nauc_map_at_100_std": -0.18186362757708519,
        "nauc_map_at_10_diff1": 0.20241230246785466,
        "nauc_map_at_10_max": -0.13522276493635577,
        "nauc_map_at_10_std": -0.27167825379739563,
        "nauc_map_at_1_diff1": 0.2575704262789454,
        "nauc_map_at_1_max": -0.0592316826048562,
        "nauc_map_at_1_std": -0.21471453439334298,
        "nauc_map_at_20_diff1": 0.1600421821343219,
        "nauc_map_at_20_max": -0.07919225909624569,
        "nauc_map_at_20_std": -0.21022185576066382,
        "nauc_map_at_3_diff1": 0.2101618356998925,
        "nauc_map_at_3_max": -0.1510740885626672,
        "nauc_map_at_3_std": -0.2986214145424972,
        "nauc_map_at_5_diff1": 0.2178000810842751,
        "nauc_map_at_5_max": -0.15958330733246273,
        "nauc_map_at_5_std": -0.30856701702075223,
        "nauc_mrr_at_1000_diff1": 0.09833322257707146,
        "nauc_mrr_at_1000_max": -0.04537922269710034,
        "nauc_mrr_at_1000_std": -0.1431382370202209,
        "nauc_mrr_at_100_diff1": 0.09782730455101704,
        "nauc_mrr_at_100_max": -0.04586057352856178,
        "nauc_mrr_at_100_std": -0.14359927426048602,
        "nauc_mrr_at_10_diff1": 0.09682393470178335,
        "nauc_mrr_at_10_max": -0.055310469320625215,
        "nauc_mrr_at_10_std": -0.1544408601098232,
        "nauc_mrr_at_1_diff1": 0.11038897457296064,
        "nauc_mrr_at_1_max": -0.021031777095746596,
        "nauc_mrr_at_1_std": -0.12234084413136853,
        "nauc_mrr_at_20_diff1": 0.10077864671984518,
        "nauc_mrr_at_20_max": -0.04544264931010153,
        "nauc_mrr_at_20_std": -0.14662650625420673,
        "nauc_mrr_at_3_diff1": 0.09486771288360299,
        "nauc_mrr_at_3_max": -0.05508098959933213,
        "nauc_mrr_at_3_std": -0.15886663152149672,
        "nauc_mrr_at_5_diff1": 0.10405810275195605,
        "nauc_mrr_at_5_max": -0.06725203608749827,
        "nauc_mrr_at_5_std": -0.17464914266283668,
        "nauc_ndcg_at_1000_diff1": 0.04877181809499881,
        "nauc_ndcg_at_1000_max": -0.01553018424016929,
        "nauc_ndcg_at_1000_std": -0.08440466144146913,
        "nauc_ndcg_at_100_diff1": 0.09816081976791521,
        "nauc_ndcg_at_100_max": -0.0078250022285544,
        "nauc_ndcg_at_100_std": -0.0888749646561128,
        "nauc_ndcg_at_10_diff1": 0.10788805358450636,
        "nauc_ndcg_at_10_max": -0.08771879087200526,
        "nauc_ndcg_at_10_std": -0.17838858071226987,
        "nauc_ndcg_at_1_diff1": 0.11038897457296064,
        "nauc_ndcg_at_1_max": -0.021031777095746596,
        "nauc_ndcg_at_1_std": -0.12234084413136853,
        "nauc_ndcg_at_20_diff1": 0.10406775256781173,
        "nauc_ndcg_at_20_max": -0.0006054052859660365,
        "nauc_ndcg_at_20_std": -0.10272882154451533,
        "nauc_ndcg_at_3_diff1": 0.09271237571827919,
        "nauc_ndcg_at_3_max": -0.1229647206113563,
        "nauc_ndcg_at_3_std": -0.22472563403866758,
        "nauc_ndcg_at_5_diff1": 0.10566478315791354,
        "nauc_ndcg_at_5_max": -0.13216541616778743,
        "nauc_ndcg_at_5_std": -0.23459064428918197,
        "nauc_precision_at_1000_diff1": -0.20467591452415138,
        "nauc_precision_at_1000_max": 0.017022926116594606,
        "nauc_precision_at_1000_std": 0.10437180804419517,
        "nauc_precision_at_100_diff1": -0.14933660099712423,
        "nauc_precision_at_100_max": 0.017959955458491352,
        "nauc_precision_at_100_std": 0.06616741097444624,
        "nauc_precision_at_10_diff1": -0.08536488973120054,
        "nauc_precision_at_10_max": -0.03472011945914761,
        "nauc_precision_at_10_std": -0.04039362191042668,
        "nauc_precision_at_1_diff1": 0.11038897457296064,
        "nauc_precision_at_1_max": -0.021031777095746596,
        "nauc_precision_at_1_std": -0.12234084413136853,
        "nauc_precision_at_20_diff1": -0.1194303889453841,
        "nauc_precision_at_20_max": 0.04874001124109749,
        "nauc_precision_at_20_std": 0.03661011292175776,
        "nauc_precision_at_3_diff1": 0.005408317830638487,
        "nauc_precision_at_3_max": -0.11254848122298204,
        "nauc_precision_at_3_std": -0.2095997462929706,
        "nauc_precision_at_5_diff1": -0.02821193765809886,
        "nauc_precision_at_5_max": -0.11678148665379988,
        "nauc_precision_at_5_std": -0.1841900893134391,
        "nauc_recall_at_1000_diff1": -0.02783830378437186,
        "nauc_recall_at_1000_max": 0.06747390994353258,
        "nauc_recall_at_1000_std": 0.1371271533487319,
        "nauc_recall_at_100_diff1": 0.07244365782155757,
        "nauc_recall_at_100_max": 0.06285483172273199,
        "nauc_recall_at_100_std": 0.06232730195995588,
        "nauc_recall_at_10_diff1": 0.24675888669237836,
        "nauc_recall_at_10_max": -0.072899134526561,
        "nauc_recall_at_10_std": -0.1944601019834754,
        "nauc_recall_at_1_diff1": 0.2575704262789454,
        "nauc_recall_at_1_max": -0.0592316826048562,
        "nauc_recall_at_1_std": -0.21471453439334298,
        "nauc_recall_at_20_diff1": 0.17260395178229235,
        "nauc_recall_at_20_max": 0.09949285499711667,
        "nauc_recall_at_20_std": -0.008921682978247546,
        "nauc_recall_at_3_diff1": 0.2226746812586738,
        "nauc_recall_at_3_max": -0.1642174453056184,
        "nauc_recall_at_3_std": -0.30906886434294045,
        "nauc_recall_at_5_diff1": 0.25547485857119384,
        "nauc_recall_at_5_max": -0.1831830119338619,
        "nauc_recall_at_5_std": -0.3350199040999031,
        "ndcg_at_1": 0.1068,
        "ndcg_at_10": 0.11881,
        "ndcg_at_100": 0.1805,
        "ndcg_at_1000": 0.24838,
        "ndcg_at_20": 0.14595,
        "ndcg_at_3": 0.11119,
        "ndcg_at_5": 0.11116,
        "precision_at_1": 0.1068,
        "precision_at_10": 0.06117,
        "precision_at_100": 0.02408,
        "precision_at_1000": 0.00517,
        "precision_at_20": 0.05631,
        "precision_at_3": 0.08414,
        "precision_at_5": 0.0699,
        "recall_at_1": 0.03104,
        "recall_at_10": 0.11555,
        "recall_at_100": 0.3854,
        "recall_at_1000": 0.72007,
        "recall_at_20": 0.22129,
        "recall_at_3": 0.07525,
        "recall_at_5": 0.08341
      }
    ]
  },
  "task_name": "BrightRetrieval"
}