{
  "dataset_revision": "3066d29",
  "evaluation_time": 12336.369898557663,
  "kg_co2_emissions": null,
  "mteb_version": "1.14.12",
  "scores": {
    "standard": [
      {
        "hf_subset": "theoremqa_questions",
        "languages": [
          "eng-Latn"
        ],
        "main_score": 0.1745,
        "map_at_1": 0.0951,
        "map_at_10": 0.14507,
        "map_at_100": 0.15036,
        "map_at_1000": 0.15082,
        "map_at_20": 0.14777,
        "map_at_3": 0.13097,
        "map_at_5": 0.13825,
        "mrr_at_1": 0.18041237113402062,
        "mrr_at_10": 0.20517509409261986,
        "mrr_at_100": 0.208572136830796,
        "mrr_at_1000": 0.2091298117052428,
        "mrr_at_20": 0.20708332278901367,
        "mrr_at_3": 0.19329896907216496,
        "mrr_at_5": 0.19871134020618555,
        "nauc_map_at_1000_diff1": 0.4047026007128582,
        "nauc_map_at_1000_max": 0.2271744959075131,
        "nauc_map_at_1000_std": -0.2422628818155835,
        "nauc_map_at_100_diff1": 0.4042516920343336,
        "nauc_map_at_100_max": 0.22700726639874855,
        "nauc_map_at_100_std": -0.2415889050642154,
        "nauc_map_at_10_diff1": 0.40369795159768995,
        "nauc_map_at_10_max": 0.21924242296413451,
        "nauc_map_at_10_std": -0.23651498854435998,
        "nauc_map_at_1_diff1": 0.42227046850149,
        "nauc_map_at_1_max": 0.24069215307357048,
        "nauc_map_at_1_std": -0.19365806750283182,
        "nauc_map_at_20_diff1": 0.4044641954845892,
        "nauc_map_at_20_max": 0.2253540274366842,
        "nauc_map_at_20_std": -0.24029094509444351,
        "nauc_map_at_3_diff1": 0.41041178085829655,
        "nauc_map_at_3_max": 0.2183319215481193,
        "nauc_map_at_3_std": -0.2250823368557209,
        "nauc_map_at_5_diff1": 0.4001286426400608,
        "nauc_map_at_5_max": 0.22212618917704305,
        "nauc_map_at_5_std": -0.2261668361224779,
        "nauc_mrr_at_1000_diff1": 0.4436387327145339,
        "nauc_mrr_at_1000_max": 0.2070421619846642,
        "nauc_mrr_at_1000_std": -0.1968265464792866,
        "nauc_mrr_at_100_diff1": 0.44360168843396575,
        "nauc_mrr_at_100_max": 0.20690549948679324,
        "nauc_mrr_at_100_std": -0.19692545381883525,
        "nauc_mrr_at_10_diff1": 0.4477171939753017,
        "nauc_mrr_at_10_max": 0.20629183665048473,
        "nauc_mrr_at_10_std": -0.19464942093800428,
        "nauc_mrr_at_1_diff1": 0.4755292482109901,
        "nauc_mrr_at_1_max": 0.23027405241683038,
        "nauc_mrr_at_1_std": -0.1706335920400076,
        "nauc_mrr_at_20_diff1": 0.4451247721736621,
        "nauc_mrr_at_20_max": 0.2061741504570808,
        "nauc_mrr_at_20_std": -0.19633865727308408,
        "nauc_mrr_at_3_diff1": 0.4560844942143889,
        "nauc_mrr_at_3_max": 0.21749482778568033,
        "nauc_mrr_at_3_std": -0.18166943346599101,
        "nauc_mrr_at_5_diff1": 0.445899641552371,
        "nauc_mrr_at_5_max": 0.21013164730469494,
        "nauc_mrr_at_5_std": -0.18637621867972876,
        "nauc_ndcg_at_1000_diff1": 0.3907505988644949,
        "nauc_ndcg_at_1000_max": 0.22838407692386892,
        "nauc_ndcg_at_1000_std": -0.2656892399936431,
        "nauc_ndcg_at_100_diff1": 0.38750035384052983,
        "nauc_ndcg_at_100_max": 0.2247790228836395,
        "nauc_ndcg_at_100_std": -0.25704673435572,
        "nauc_ndcg_at_10_diff1": 0.40239323914461883,
        "nauc_ndcg_at_10_max": 0.20172297984707713,
        "nauc_ndcg_at_10_std": -0.24532292809021572,
        "nauc_ndcg_at_1_diff1": 0.4755292482109901,
        "nauc_ndcg_at_1_max": 0.23027405241683038,
        "nauc_ndcg_at_1_std": -0.1706335920400076,
        "nauc_ndcg_at_20_diff1": 0.40029634534722364,
        "nauc_ndcg_at_20_max": 0.21239304545722312,
        "nauc_ndcg_at_20_std": -0.2541334650999172,
        "nauc_ndcg_at_3_diff1": 0.42001414201664533,
        "nauc_ndcg_at_3_max": 0.22084482100185107,
        "nauc_ndcg_at_3_std": -0.21146119379074718,
        "nauc_ndcg_at_5_diff1": 0.397984832964347,
        "nauc_ndcg_at_5_max": 0.21011183050395763,
        "nauc_ndcg_at_5_std": -0.2254775584578205,
        "nauc_precision_at_1000_diff1": 0.3395719038784376,
        "nauc_precision_at_1000_max": 0.19112776241811102,
        "nauc_precision_at_1000_std": -0.27888682888701755,
        "nauc_precision_at_100_diff1": 0.3384168581838745,
        "nauc_precision_at_100_max": 0.2062530934064977,
        "nauc_precision_at_100_std": -0.2684447047083679,
        "nauc_precision_at_10_diff1": 0.4054876427855636,
        "nauc_precision_at_10_max": 0.17099535840811103,
        "nauc_precision_at_10_std": -0.26490124866907566,
        "nauc_precision_at_1_diff1": 0.4755292482109901,
        "nauc_precision_at_1_max": 0.23027405241683038,
        "nauc_precision_at_1_std": -0.1706335920400076,
        "nauc_precision_at_20_diff1": 0.3825998091979783,
        "nauc_precision_at_20_max": 0.21504300214778524,
        "nauc_precision_at_20_std": -0.2780088987075285,
        "nauc_precision_at_3_diff1": 0.42900780036029684,
        "nauc_precision_at_3_max": 0.20523801778878226,
        "nauc_precision_at_3_std": -0.22805435972104124,
        "nauc_precision_at_5_diff1": 0.3891314531391052,
        "nauc_precision_at_5_max": 0.20133406186144934,
        "nauc_precision_at_5_std": -0.23094689123285123,
        "nauc_recall_at_1000_diff1": 0.2729226570237285,
        "nauc_recall_at_1000_max": 0.2824138524850183,
        "nauc_recall_at_1000_std": -0.3325070667628043,
        "nauc_recall_at_100_diff1": 0.26826370158355267,
        "nauc_recall_at_100_max": 0.2578443143639585,
        "nauc_recall_at_100_std": -0.29389671359847547,
        "nauc_recall_at_10_diff1": 0.3381399565290366,
        "nauc_recall_at_10_max": 0.1704542554728111,
        "nauc_recall_at_10_std": -0.2783111979594431,
        "nauc_recall_at_1_diff1": 0.42227046850149,
        "nauc_recall_at_1_max": 0.24069215307357048,
        "nauc_recall_at_1_std": -0.19365806750283182,
        "nauc_recall_at_20_diff1": 0.3310614060793668,
        "nauc_recall_at_20_max": 0.190418106956859,
        "nauc_recall_at_20_std": -0.29847489442504044,
        "nauc_recall_at_3_diff1": 0.3788370518660481,
        "nauc_recall_at_3_max": 0.19409496304382054,
        "nauc_recall_at_3_std": -0.2332918159054139,
        "nauc_recall_at_5_diff1": 0.3371257491501268,
        "nauc_recall_at_5_max": 0.18881726154837292,
        "nauc_recall_at_5_std": -0.24093188307680938,
        "ndcg_at_1": 0.18041,
        "ndcg_at_10": 0.1745,
        "ndcg_at_100": 0.19983,
        "ndcg_at_1000": 0.20832,
        "ndcg_at_20": 0.18204,
        "ndcg_at_3": 0.15226,
        "ndcg_at_5": 0.15902,
        "precision_at_1": 0.18041,
        "precision_at_10": 0.04175,
        "precision_at_100": 0.00634,
        "precision_at_1000": 0.00074,
        "precision_at_20": 0.02345,
        "precision_at_3": 0.09622,
        "precision_at_5": 0.06701,
        "recall_at_1": 0.0951,
        "recall_at_10": 0.20593,
        "recall_at_100": 0.31418,
        "recall_at_1000": 0.36376,
        "recall_at_20": 0.22912,
        "recall_at_3": 0.1445,
        "recall_at_5": 0.16512
      }
    ]
  },
  "task_name": "BrightTheoremqaQuestions"
}