{
  "dataset_revision": "a75a0eb",
  "evaluation_time": 610.2459795475006,
  "kg_co2_emissions": null,
  "mteb_version": "1.14.12",
  "scores": {
    "standard": [
      {
        "hf_subset": "theoremqa_theorems",
        "languages": [
          "eng-Latn"
        ],
        "main_score": 0.30006,
        "map_at_1": 0.1441,
        "map_at_10": 0.25846,
        "map_at_100": 0.2696,
        "map_at_1000": 0.2696,
        "map_at_20": 0.26288,
        "map_at_3": 0.23509,
        "map_at_5": 0.24778,
        "mrr_at_1": 0.26153846153846155,
        "mrr_at_10": 0.31619047619047613,
        "mrr_at_100": 0.32297646442007005,
        "mrr_at_1000": 0.32297646442007005,
        "mrr_at_20": 0.31875987101993297,
        "mrr_at_3": 0.2948717948717949,
        "mrr_at_5": 0.31179487179487175,
        "nauc_map_at_1000_diff1": 0.15721765293891748,
        "nauc_map_at_1000_max": 0.08817510025949458,
        "nauc_map_at_1000_std": 0.4580490641451378,
        "nauc_map_at_100_diff1": 0.15721765293891748,
        "nauc_map_at_100_max": 0.08817510025949458,
        "nauc_map_at_100_std": 0.4580490641451378,
        "nauc_map_at_10_diff1": 0.16560111811465938,
        "nauc_map_at_10_max": 0.09430805983487194,
        "nauc_map_at_10_std": 0.4580286069104093,
        "nauc_map_at_1_diff1": 0.2455895014111205,
        "nauc_map_at_1_max": 0.003617997805545714,
        "nauc_map_at_1_std": 0.3670450430622254,
        "nauc_map_at_20_diff1": 0.1623621115346293,
        "nauc_map_at_20_max": 0.08822365745383744,
        "nauc_map_at_20_std": 0.4537716185722144,
        "nauc_map_at_3_diff1": 0.15715170546435872,
        "nauc_map_at_3_max": 0.09295065701860519,
        "nauc_map_at_3_std": 0.4370289757501346,
        "nauc_map_at_5_diff1": 0.16441875097833192,
        "nauc_map_at_5_max": 0.09825417865148824,
        "nauc_map_at_5_std": 0.44584627441190133,
        "nauc_mrr_at_1000_diff1": 0.209973542769155,
        "nauc_mrr_at_1000_max": 0.07205404453476724,
        "nauc_mrr_at_1000_std": 0.46423237878713697,
        "nauc_mrr_at_100_diff1": 0.209973542769155,
        "nauc_mrr_at_100_max": 0.07205404453476724,
        "nauc_mrr_at_100_std": 0.46423237878713697,
        "nauc_mrr_at_10_diff1": 0.21724056253594298,
        "nauc_mrr_at_10_max": 0.07780285711254067,
        "nauc_mrr_at_10_std": 0.46297045011449395,
        "nauc_mrr_at_1_diff1": 0.21857155905829967,
        "nauc_mrr_at_1_max": 0.025510111821670733,
        "nauc_mrr_at_1_std": 0.47377772108349553,
        "nauc_mrr_at_20_diff1": 0.2147669346851336,
        "nauc_mrr_at_20_max": 0.07200800147338306,
        "nauc_mrr_at_20_std": 0.46143408852175105,
        "nauc_mrr_at_3_diff1": 0.19341517655756846,
        "nauc_mrr_at_3_max": 0.04699603440639887,
        "nauc_mrr_at_3_std": 0.457437694357341,
        "nauc_mrr_at_5_diff1": 0.2289932218150021,
        "nauc_mrr_at_5_max": 0.07288982887915431,
        "nauc_mrr_at_5_std": 0.4510190112973929,
        "nauc_ndcg_at_1000_diff1": 0.1308415918298388,
        "nauc_ndcg_at_1000_max": 0.10020305520934555,
        "nauc_ndcg_at_1000_std": 0.49748347628918416,
        "nauc_ndcg_at_100_diff1": 0.1308415918298388,
        "nauc_ndcg_at_100_max": 0.10020305520934555,
        "nauc_ndcg_at_100_std": 0.49748347628918416,
        "nauc_ndcg_at_10_diff1": 0.17784509611637872,
        "nauc_ndcg_at_10_max": 0.11149366884298993,
        "nauc_ndcg_at_10_std": 0.47841966946142656,
        "nauc_ndcg_at_1_diff1": 0.21857155905829967,
        "nauc_ndcg_at_1_max": 0.025510111821670733,
        "nauc_ndcg_at_1_std": 0.47377772108349553,
        "nauc_ndcg_at_20_diff1": 0.16573951825693659,
        "nauc_ndcg_at_20_max": 0.08771445978932012,
        "nauc_ndcg_at_20_std": 0.46478296345172765,
        "nauc_ndcg_at_3_diff1": 0.1722896510488855,
        "nauc_ndcg_at_3_max": 0.08590014500041937,
        "nauc_ndcg_at_3_std": 0.44892675322481834,
        "nauc_ndcg_at_5_diff1": 0.18755907760299212,
        "nauc_ndcg_at_5_max": 0.11415100841977899,
        "nauc_ndcg_at_5_std": 0.4533990665641118,
        "nauc_precision_at_1000_diff1": -0.029059612705659977,
        "nauc_precision_at_1000_max": 0.09124991626956003,
        "nauc_precision_at_1000_std": 0.39163449957500873,
        "nauc_precision_at_100_diff1": -0.02905961270566007,
        "nauc_precision_at_100_max": 0.09124991626955999,
        "nauc_precision_at_100_std": 0.3916344995750086,
        "nauc_precision_at_10_diff1": 0.12463902291868584,
        "nauc_precision_at_10_max": 0.13936019950152728,
        "nauc_precision_at_10_std": 0.48759042898955757,
        "nauc_precision_at_1_diff1": 0.21857155905829967,
        "nauc_precision_at_1_max": 0.025510111821670733,
        "nauc_precision_at_1_std": 0.47377772108349553,
        "nauc_precision_at_20_diff1": 0.09126591550986651,
        "nauc_precision_at_20_max": 0.096355919816592,
        "nauc_precision_at_20_std": 0.42159545503402196,
        "nauc_precision_at_3_diff1": 0.06393546597264524,
        "nauc_precision_at_3_max": 0.16298269199845733,
        "nauc_precision_at_3_std": 0.47985071150016145,
        "nauc_precision_at_5_diff1": 0.11408429706213649,
        "nauc_precision_at_5_max": 0.19410225331968228,
        "nauc_precision_at_5_std": 0.459457021959425,
        "nauc_recall_at_1000_diff1": -0.06308480861979429,
        "nauc_recall_at_1000_max": 0.15392130957408062,
        "nauc_recall_at_1000_std": 0.6541577279760922,
        "nauc_recall_at_100_diff1": -0.06308480861979429,
        "nauc_recall_at_100_max": 0.15392130957408062,
        "nauc_recall_at_100_std": 0.6541577279760922,
        "nauc_recall_at_10_diff1": 0.16360979870100809,
        "nauc_recall_at_10_max": 0.16375872292456714,
        "nauc_recall_at_10_std": 0.5201148744494063,
        "nauc_recall_at_1_diff1": 0.2455895014111205,
        "nauc_recall_at_1_max": 0.003617997805545714,
        "nauc_recall_at_1_std": 0.3670450430622254,
        "nauc_recall_at_20_diff1": 0.11533073580873096,
        "nauc_recall_at_20_max": 0.06590000327447611,
        "nauc_recall_at_20_std": 0.468296934814874,
        "nauc_recall_at_3_diff1": 0.15713719595330267,
        "nauc_recall_at_3_max": 0.12975435430508375,
        "nauc_recall_at_3_std": 0.4558479657468378,
        "nauc_recall_at_5_diff1": 0.20615838321125246,
        "nauc_recall_at_5_max": 0.16396695191231114,
        "nauc_recall_at_5_std": 0.4566824882264057,
        "ndcg_at_1": 0.26154,
        "ndcg_at_10": 0.30006,
        "ndcg_at_100": 0.35337,
        "ndcg_at_1000": 0.35337,
        "ndcg_at_20": 0.31556,
        "ndcg_at_3": 0.2625,
        "ndcg_at_5": 0.27999,
        "precision_at_1": 0.26154,
        "precision_at_10": 0.07538,
        "precision_at_100": 0.012,
        "precision_at_1000": 0.0012,
        "precision_at_20": 0.04231,
        "precision_at_3": 0.17436,
        "precision_at_5": 0.12615,
        "recall_at_1": 0.1441,
        "recall_at_10": 0.35974,
        "recall_at_100": 0.59077,
        "recall_at_1000": 0.59077,
        "recall_at_20": 0.41795,
        "recall_at_3": 0.26641,
        "recall_at_5": 0.31
      }
    ]
  },
  "task_name": "BrightRetrieval"
}