{
  "dataset_revision": "a75a0eb",
  "evaluation_time": 611.4748229980469,
  "kg_co2_emissions": null,
  "mteb_version": "1.14.12",
  "scores": {
    "standard": [
      {
        "hf_subset": "theoremqa_theorems",
        "languages": [
          "eng-Latn"
        ],
        "main_score": 0.27396,
        "map_at_1": 0.10821,
        "map_at_10": 0.22036,
        "map_at_100": 0.22036,
        "map_at_1000": 0.22036,
        "map_at_20": 0.22036,
        "map_at_3": 0.18641,
        "map_at_5": 0.20513,
        "mrr_at_1": 0.2,
        "mrr_at_10": 0.26647130647130646,
        "mrr_at_100": 0.26647130647130646,
        "mrr_at_1000": 0.26647130647130646,
        "mrr_at_20": 0.26647130647130646,
        "mrr_at_3": 0.2384615384615385,
        "mrr_at_5": 0.25307692307692314,
        "nauc_map_at_1000_diff1": 0.1518682202566716,
        "nauc_map_at_1000_max": 0.13221929862573759,
        "nauc_map_at_1000_std": 0.3868968981807408,
        "nauc_map_at_100_diff1": 0.1518682202566716,
        "nauc_map_at_100_max": 0.13221929862573759,
        "nauc_map_at_100_std": 0.3868968981807408,
        "nauc_map_at_10_diff1": 0.1518682202566716,
        "nauc_map_at_10_max": 0.13221929862573759,
        "nauc_map_at_10_std": 0.3868968981807408,
        "nauc_map_at_1_diff1": 0.21941080128603807,
        "nauc_map_at_1_max": 0.029764250224064235,
        "nauc_map_at_1_std": 0.24152754564355627,
        "nauc_map_at_20_diff1": 0.1518682202566716,
        "nauc_map_at_20_max": 0.13221929862573759,
        "nauc_map_at_20_std": 0.3868968981807408,
        "nauc_map_at_3_diff1": 0.16327905172847657,
        "nauc_map_at_3_max": 0.10030450902752838,
        "nauc_map_at_3_std": 0.3783889911858497,
        "nauc_map_at_5_diff1": 0.14567522907223399,
        "nauc_map_at_5_max": 0.12174012470108421,
        "nauc_map_at_5_std": 0.4041972785560991,
        "nauc_mrr_at_1000_diff1": 0.16433542239089402,
        "nauc_mrr_at_1000_max": 0.15155176053154867,
        "nauc_mrr_at_1000_std": 0.4011653038957892,
        "nauc_mrr_at_100_diff1": 0.16433542239089402,
        "nauc_mrr_at_100_max": 0.15155176053154867,
        "nauc_mrr_at_100_std": 0.4011653038957892,
        "nauc_mrr_at_10_diff1": 0.16433542239089402,
        "nauc_mrr_at_10_max": 0.15155176053154867,
        "nauc_mrr_at_10_std": 0.4011653038957892,
        "nauc_mrr_at_1_diff1": 0.21620701544446153,
        "nauc_mrr_at_1_max": 0.12412671515203796,
        "nauc_mrr_at_1_std": 0.3540572332966344,
        "nauc_mrr_at_20_diff1": 0.16433542239089402,
        "nauc_mrr_at_20_max": 0.15155176053154867,
        "nauc_mrr_at_20_std": 0.4011653038957892,
        "nauc_mrr_at_3_diff1": 0.17884229632895976,
        "nauc_mrr_at_3_max": 0.14691711967150495,
        "nauc_mrr_at_3_std": 0.40441777724568817,
        "nauc_mrr_at_5_diff1": 0.16685669645189333,
        "nauc_mrr_at_5_max": 0.14559800131853284,
        "nauc_mrr_at_5_std": 0.41357026897706356,
        "nauc_ndcg_at_1000_diff1": 0.15081390790488927,
        "nauc_ndcg_at_1000_max": 0.14959191962527552,
        "nauc_ndcg_at_1000_std": 0.4055104632928016,
        "nauc_ndcg_at_100_diff1": 0.15081390790488927,
        "nauc_ndcg_at_100_max": 0.14959191962527552,
        "nauc_ndcg_at_100_std": 0.4055104632928016,
        "nauc_ndcg_at_10_diff1": 0.15081390790488927,
        "nauc_ndcg_at_10_max": 0.14959191962527552,
        "nauc_ndcg_at_10_std": 0.4055104632928016,
        "nauc_ndcg_at_1_diff1": 0.21620701544446153,
        "nauc_ndcg_at_1_max": 0.12412671515203796,
        "nauc_ndcg_at_1_std": 0.3540572332966344,
        "nauc_ndcg_at_20_diff1": 0.15081390790488927,
        "nauc_ndcg_at_20_max": 0.14959191962527552,
        "nauc_ndcg_at_20_std": 0.4055104632928016,
        "nauc_ndcg_at_3_diff1": 0.1649178239238688,
        "nauc_ndcg_at_3_max": 0.12173265863770152,
        "nauc_ndcg_at_3_std": 0.4102395180003767,
        "nauc_ndcg_at_5_diff1": 0.13723748479526143,
        "nauc_ndcg_at_5_max": 0.13312288070751943,
        "nauc_ndcg_at_5_std": 0.438108601058625,
        "nauc_precision_at_1000_diff1": 0.07231666687118572,
        "nauc_precision_at_1000_max": 0.25321343576554317,
        "nauc_precision_at_1000_std": 0.35781305791880075,
        "nauc_precision_at_100_diff1": 0.072316666871186,
        "nauc_precision_at_100_max": 0.25321343576554345,
        "nauc_precision_at_100_std": 0.3578130579188007,
        "nauc_precision_at_10_diff1": 0.07231666687118588,
        "nauc_precision_at_10_max": 0.25321343576554367,
        "nauc_precision_at_10_std": 0.3578130579188008,
        "nauc_precision_at_1_diff1": 0.21620701544446153,
        "nauc_precision_at_1_max": 0.12412671515203796,
        "nauc_precision_at_1_std": 0.3540572332966344,
        "nauc_precision_at_20_diff1": 0.07231666687118588,
        "nauc_precision_at_20_max": 0.25321343576554367,
        "nauc_precision_at_20_std": 0.3578130579188008,
        "nauc_precision_at_3_diff1": 0.12062027546873204,
        "nauc_precision_at_3_max": 0.2189578921164718,
        "nauc_precision_at_3_std": 0.44403299066471325,
        "nauc_precision_at_5_diff1": 0.07368502436331878,
        "nauc_precision_at_5_max": 0.22800070371759823,
        "nauc_precision_at_5_std": 0.47016603786432976,
        "nauc_recall_at_1000_diff1": 0.15086511301257086,
        "nauc_recall_at_1000_max": 0.15425121244720827,
        "nauc_recall_at_1000_std": 0.4253418777962075,
        "nauc_recall_at_100_diff1": 0.15086511301257086,
        "nauc_recall_at_100_max": 0.15425121244720827,
        "nauc_recall_at_100_std": 0.4253418777962075,
        "nauc_recall_at_10_diff1": 0.15086511301257086,
        "nauc_recall_at_10_max": 0.15425121244720827,
        "nauc_recall_at_10_std": 0.4253418777962075,
        "nauc_recall_at_1_diff1": 0.21941080128603807,
        "nauc_recall_at_1_max": 0.029764250224064235,
        "nauc_recall_at_1_std": 0.24152754564355627,
        "nauc_recall_at_20_diff1": 0.15086511301257086,
        "nauc_recall_at_20_max": 0.15425121244720827,
        "nauc_recall_at_20_std": 0.4253418777962075,
        "nauc_recall_at_3_diff1": 0.14828298287874078,
        "nauc_recall_at_3_max": 0.10309945050908244,
        "nauc_recall_at_3_std": 0.4370713015862054,
        "nauc_recall_at_5_diff1": 0.11064610631023078,
        "nauc_recall_at_5_max": 0.12741340790385491,
        "nauc_recall_at_5_std": 0.49408899908613696,
        "ndcg_at_1": 0.2,
        "ndcg_at_10": 0.27396,
        "ndcg_at_100": 0.27396,
        "ndcg_at_1000": 0.27396,
        "ndcg_at_20": 0.27396,
        "ndcg_at_3": 0.21543,
        "ndcg_at_5": 0.24013,
        "precision_at_1": 0.2,
        "precision_at_10": 0.07385,
        "precision_at_100": 0.00738,
        "precision_at_1000": 0.00074,
        "precision_at_20": 0.03692,
        "precision_at_3": 0.14359,
        "precision_at_5": 0.11385,
        "recall_at_1": 0.10821,
        "recall_at_10": 0.38231,
        "recall_at_100": 0.38231,
        "recall_at_1000": 0.38231,
        "recall_at_20": 0.38231,
        "recall_at_3": 0.23641,
        "recall_at_5": 0.28821
      }
    ]
  },
  "task_name": "BrightRetrieval"
}