{
  "dataset_revision": "a75a0eb",
  "evaluation_time": 9725.010713338852,
  "kg_co2_emissions": null,
  "mteb_version": "1.14.12",
  "scores": {
    "standard": [
      {
        "hf_subset": "leetcode",
        "languages": [
          "eng-Latn"
        ],
        "main_score": 0.16923,
        "map_at_1": 0.00176,
        "map_at_10": 0.10488,
        "map_at_100": 0.10488,
        "map_at_1000": 0.10488,
        "map_at_20": 0.10488,
        "map_at_3": 0.07613,
        "map_at_5": 0.08817,
        "mrr_at_1": 0.007042253521126761,
        "mrr_at_10": 0.15345964676950594,
        "mrr_at_100": 0.15345964676950594,
        "mrr_at_1000": 0.15345964676950594,
        "mrr_at_20": 0.15345964676950594,
        "mrr_at_3": 0.11971830985915492,
        "mrr_at_5": 0.1362676056338028,
        "nauc_map_at_1000_diff1": 0.02457268001323438,
        "nauc_map_at_1000_max": -0.07685488791937696,
        "nauc_map_at_1000_std": 0.32025520786589,
        "nauc_map_at_100_diff1": 0.02457268001323438,
        "nauc_map_at_100_max": -0.07685488791937696,
        "nauc_map_at_100_std": 0.32025520786589,
        "nauc_map_at_10_diff1": 0.02457268001323438,
        "nauc_map_at_10_max": -0.07685488791937696,
        "nauc_map_at_10_std": 0.32025520786589,
        "nauc_map_at_1_diff1": -0.5706102875384583,
        "nauc_map_at_1_max": -0.4961372536869316,
        "nauc_map_at_1_std": -0.06982117008700112,
        "nauc_map_at_20_diff1": 0.02457268001323438,
        "nauc_map_at_20_max": -0.07685488791937696,
        "nauc_map_at_20_std": 0.32025520786589,
        "nauc_map_at_3_diff1": 0.07487946354052627,
        "nauc_map_at_3_max": -0.0786621524856658,
        "nauc_map_at_3_std": 0.3612757511299648,
        "nauc_map_at_5_diff1": 0.07434570479042923,
        "nauc_map_at_5_max": -0.0871464934158239,
        "nauc_map_at_5_std": 0.35675622187880673,
        "nauc_mrr_at_1000_diff1": -0.028138446214088828,
        "nauc_mrr_at_1000_max": -0.09069910855740915,
        "nauc_mrr_at_1000_std": 0.30070473439033124,
        "nauc_mrr_at_100_diff1": -0.028138446214088828,
        "nauc_mrr_at_100_max": -0.09069910855740915,
        "nauc_mrr_at_100_std": 0.30070473439033124,
        "nauc_mrr_at_10_diff1": -0.028138446214088828,
        "nauc_mrr_at_10_max": -0.09069910855740915,
        "nauc_mrr_at_10_std": 0.30070473439033124,
        "nauc_mrr_at_1_diff1": -0.5706102875384583,
        "nauc_mrr_at_1_max": -0.4961372536869316,
        "nauc_mrr_at_1_std": -0.06982117008700112,
        "nauc_mrr_at_20_diff1": -0.028138446214088828,
        "nauc_mrr_at_20_max": -0.09069910855740915,
        "nauc_mrr_at_20_std": 0.30070473439033124,
        "nauc_mrr_at_3_diff1": -0.0028799671447049683,
        "nauc_mrr_at_3_max": -0.07782538344153053,
        "nauc_mrr_at_3_std": 0.29849607295627006,
        "nauc_mrr_at_5_diff1": 0.010181339317749815,
        "nauc_mrr_at_5_max": -0.09272801603638471,
        "nauc_mrr_at_5_std": 0.3325359656818958,
        "nauc_ndcg_at_1000_diff1": -0.011171778819788302,
        "nauc_ndcg_at_1000_max": -0.08356094063218898,
        "nauc_ndcg_at_1000_std": 0.30405877754969785,
        "nauc_ndcg_at_100_diff1": -0.011171778819788302,
        "nauc_ndcg_at_100_max": -0.08356094063218898,
        "nauc_ndcg_at_100_std": 0.30405877754969785,
        "nauc_ndcg_at_10_diff1": -0.011171778819788302,
        "nauc_ndcg_at_10_max": -0.08356094063218898,
        "nauc_ndcg_at_10_std": 0.30405877754969785,
        "nauc_ndcg_at_1_diff1": -0.5706102875384583,
        "nauc_ndcg_at_1_max": -0.4961372536869316,
        "nauc_ndcg_at_1_std": -0.06982117008700112,
        "nauc_ndcg_at_20_diff1": -0.011171778819788302,
        "nauc_ndcg_at_20_max": -0.08356094063218898,
        "nauc_ndcg_at_20_std": 0.30405877754969785,
        "nauc_ndcg_at_3_diff1": 0.046935233341007986,
        "nauc_ndcg_at_3_max": -0.08441438447232394,
        "nauc_ndcg_at_3_std": 0.3335242936172587,
        "nauc_ndcg_at_5_diff1": 0.0634447858630618,
        "nauc_ndcg_at_5_max": -0.09999705155846078,
        "nauc_ndcg_at_5_std": 0.3585751237352615,
        "nauc_precision_at_1000_diff1": -0.06863130822670865,
        "nauc_precision_at_1000_max": -0.0686585744386502,
        "nauc_precision_at_1000_std": 0.2075009775392657,
        "nauc_precision_at_100_diff1": -0.0686313082267089,
        "nauc_precision_at_100_max": -0.06865857443865012,
        "nauc_precision_at_100_std": 0.20750097753926544,
        "nauc_precision_at_10_diff1": -0.06863130822670865,
        "nauc_precision_at_10_max": -0.0686585744386503,
        "nauc_precision_at_10_std": 0.2075009775392654,
        "nauc_precision_at_1_diff1": -0.5706102875384583,
        "nauc_precision_at_1_max": -0.4961372536869316,
        "nauc_precision_at_1_std": -0.06982117008700112,
        "nauc_precision_at_20_diff1": -0.06863130822670865,
        "nauc_precision_at_20_max": -0.0686585744386503,
        "nauc_precision_at_20_std": 0.2075009775392654,
        "nauc_precision_at_3_diff1": 0.09515956136675947,
        "nauc_precision_at_3_max": -0.08034437584548368,
        "nauc_precision_at_3_std": 0.36427252839548424,
        "nauc_precision_at_5_diff1": 0.10025085254034465,
        "nauc_precision_at_5_max": -0.09736125460092568,
        "nauc_precision_at_5_std": 0.39556662345896054,
        "nauc_recall_at_1000_diff1": -0.04421385971384336,
        "nauc_recall_at_1000_max": -0.08337867258200976,
        "nauc_recall_at_1000_std": 0.2567084353899476,
        "nauc_recall_at_100_diff1": -0.04421385971384336,
        "nauc_recall_at_100_max": -0.08337867258200976,
        "nauc_recall_at_100_std": 0.2567084353899476,
        "nauc_recall_at_10_diff1": -0.04421385971384336,
        "nauc_recall_at_10_max": -0.08337867258200976,
        "nauc_recall_at_10_std": 0.2567084353899476,
        "nauc_recall_at_1_diff1": -0.5706102875384583,
        "nauc_recall_at_1_max": -0.4961372536869316,
        "nauc_recall_at_1_std": -0.06982117008700112,
        "nauc_recall_at_20_diff1": -0.04421385971384336,
        "nauc_recall_at_20_max": -0.08337867258200976,
        "nauc_recall_at_20_std": 0.2567084353899476,
        "nauc_recall_at_3_diff1": 0.06247229676464797,
        "nauc_recall_at_3_max": -0.09104989815894546,
        "nauc_recall_at_3_std": 0.3351770732990604,
        "nauc_recall_at_5_diff1": 0.06443276005662926,
        "nauc_recall_at_5_max": -0.11891245023186364,
        "nauc_recall_at_5_std": 0.3436206948774061,
        "ndcg_at_1": 0.00704,
        "ndcg_at_10": 0.16923,
        "ndcg_at_100": 0.16923,
        "ndcg_at_1000": 0.16923,
        "ndcg_at_20": 0.16923,
        "ndcg_at_3": 0.11339,
        "ndcg_at_5": 0.13176,
        "precision_at_1": 0.00704,
        "precision_at_10": 0.05704,
        "precision_at_100": 0.0057,
        "precision_at_1000": 0.00057,
        "precision_at_20": 0.02852,
        "precision_at_3": 0.09155,
        "precision_at_5": 0.07183,
        "recall_at_1": 0.00176,
        "recall_at_10": 0.29683,
        "recall_at_100": 0.29683,
        "recall_at_1000": 0.29683,
        "recall_at_20": 0.29683,
        "recall_at_3": 0.1588,
        "recall_at_5": 0.20423
      }
    ]
  },
  "task_name": "BrightRetrieval"
}