{
  "dataset_revision": "3066d29",
  "evaluation_time": 3599.638721227646,
  "kg_co2_emissions": null,
  "mteb_version": "1.14.12",
  "scores": {
    "standard": [
      {
        "hf_subset": "aops",
        "languages": [
          "eng-Latn"
        ],
        "main_score": 0.0499,
        "map_at_1": 0.01652,
        "map_at_10": 0.02862,
        "map_at_100": 0.0322,
        "map_at_1000": 0.03262,
        "map_at_20": 0.02986,
        "map_at_3": 0.0214,
        "map_at_5": 0.02286,
        "mrr_at_1": 0.04504504504504504,
        "mrr_at_10": 0.07682325182325182,
        "mrr_at_100": 0.08280339473375743,
        "mrr_at_1000": 0.08352002332283832,
        "mrr_at_20": 0.07931035431035431,
        "mrr_at_3": 0.06006006006006005,
        "mrr_at_5": 0.06816816816816816,
        "nauc_map_at_1000_diff1": 0.4077231949009152,
        "nauc_map_at_1000_max": 0.07630587744620759,
        "nauc_map_at_1000_std": -0.06926302854455378,
        "nauc_map_at_100_diff1": 0.40915110253928244,
        "nauc_map_at_100_max": 0.0768760664866323,
        "nauc_map_at_100_std": -0.06713313117717,
        "nauc_map_at_10_diff1": 0.4187625462645,
        "nauc_map_at_10_max": 0.06200624197001529,
        "nauc_map_at_10_std": -0.09873579273121903,
        "nauc_map_at_1_diff1": 0.45354547179080307,
        "nauc_map_at_1_max": 0.26695551473103557,
        "nauc_map_at_1_std": -0.10292383934841952,
        "nauc_map_at_20_diff1": 0.4178697753416346,
        "nauc_map_at_20_max": 0.08346460039651489,
        "nauc_map_at_20_std": -0.07920157344353213,
        "nauc_map_at_3_diff1": 0.399945791837166,
        "nauc_map_at_3_max": 0.12489296188901802,
        "nauc_map_at_3_std": -0.1248044714439673,
        "nauc_map_at_5_diff1": 0.40166767541976023,
        "nauc_map_at_5_max": 0.13173388260513602,
        "nauc_map_at_5_std": -0.08596354797676145,
        "nauc_mrr_at_1000_diff1": 0.4033916663185136,
        "nauc_mrr_at_1000_max": 0.0669676164396621,
        "nauc_mrr_at_1000_std": -0.009300046784860053,
        "nauc_mrr_at_100_diff1": 0.40303674958227736,
        "nauc_mrr_at_100_max": 0.06752509543392499,
        "nauc_mrr_at_100_std": -0.00831303860261358,
        "nauc_mrr_at_10_diff1": 0.4153786981967885,
        "nauc_mrr_at_10_max": 0.05820245760613419,
        "nauc_mrr_at_10_std": -0.021729544825597722,
        "nauc_mrr_at_1_diff1": 0.4890028182965075,
        "nauc_mrr_at_1_max": 0.30099986200922446,
        "nauc_mrr_at_1_std": -0.1031466266558132,
        "nauc_mrr_at_20_diff1": 0.40047537259264326,
        "nauc_mrr_at_20_max": 0.06843101406488804,
        "nauc_mrr_at_20_std": -0.007037780979050783,
        "nauc_mrr_at_3_diff1": 0.4390806563001938,
        "nauc_mrr_at_3_max": 0.14441479257469525,
        "nauc_mrr_at_3_std": -0.05596359400153978,
        "nauc_mrr_at_5_diff1": 0.42378768964909297,
        "nauc_mrr_at_5_max": 0.12734375578270024,
        "nauc_mrr_at_5_std": -0.006997379413231117,
        "nauc_ndcg_at_1000_diff1": 0.3541933229020504,
        "nauc_ndcg_at_1000_max": 0.001596500187618628,
        "nauc_ndcg_at_1000_std": 0.005878243252196084,
        "nauc_ndcg_at_100_diff1": 0.36336042953808695,
        "nauc_ndcg_at_100_max": 0.008203468258897513,
        "nauc_ndcg_at_100_std": 0.027065039370426265,
        "nauc_ndcg_at_10_diff1": 0.40839335969709106,
        "nauc_ndcg_at_10_max": -0.014729643905018179,
        "nauc_ndcg_at_10_std": -0.06462585804959248,
        "nauc_ndcg_at_1_diff1": 0.4890028182965075,
        "nauc_ndcg_at_1_max": 0.30099986200922446,
        "nauc_ndcg_at_1_std": -0.1031466266558132,
        "nauc_ndcg_at_20_diff1": 0.3931365514549921,
        "nauc_ndcg_at_20_max": 0.03649281002916901,
        "nauc_ndcg_at_20_std": -0.015627842830561074,
        "nauc_ndcg_at_3_diff1": 0.4272364337963074,
        "nauc_ndcg_at_3_max": 0.10235072092415837,
        "nauc_ndcg_at_3_std": -0.05813206792852814,
        "nauc_ndcg_at_5_diff1": 0.4006713502067121,
        "nauc_ndcg_at_5_max": 0.09651747598100352,
        "nauc_ndcg_at_5_std": -0.014054708741804795,
        "nauc_precision_at_1000_diff1": 0.17391742116606362,
        "nauc_precision_at_1000_max": -0.1030708434814986,
        "nauc_precision_at_1000_std": 0.17015626201687656,
        "nauc_precision_at_100_diff1": 0.2096484493616194,
        "nauc_precision_at_100_max": -0.09947030676795322,
        "nauc_precision_at_100_std": 0.22215920153270072,
        "nauc_precision_at_10_diff1": 0.38712330201510153,
        "nauc_precision_at_10_max": -0.1806445075064519,
        "nauc_precision_at_10_std": 0.03091404980325952,
        "nauc_precision_at_1_diff1": 0.4890028182965075,
        "nauc_precision_at_1_max": 0.30099986200922446,
        "nauc_precision_at_1_std": -0.1031466266558132,
        "nauc_precision_at_20_diff1": 0.3286522205834778,
        "nauc_precision_at_20_max": -0.05264690701510048,
        "nauc_precision_at_20_std": 0.12489684261147176,
        "nauc_precision_at_3_diff1": 0.4070100180303354,
        "nauc_precision_at_3_max": 0.03153125521712004,
        "nauc_precision_at_3_std": -0.00027469548151035783,
        "nauc_precision_at_5_diff1": 0.3908278933368881,
        "nauc_precision_at_5_max": 0.024691272133068643,
        "nauc_precision_at_5_std": 0.11691285590222336,
        "nauc_recall_at_1000_diff1": 0.2884100860974832,
        "nauc_recall_at_1000_max": -0.059439869391103864,
        "nauc_recall_at_1000_std": 0.0031435659059067373,
        "nauc_recall_at_100_diff1": 0.31330164145931017,
        "nauc_recall_at_100_max": -0.04215243910418277,
        "nauc_recall_at_100_std": 0.06704895408837099,
        "nauc_recall_at_10_diff1": 0.39716114974844713,
        "nauc_recall_at_10_max": -0.11770908976949612,
        "nauc_recall_at_10_std": -0.0896109883069637,
        "nauc_recall_at_1_diff1": 0.45354547179080307,
        "nauc_recall_at_1_max": 0.26695551473103557,
        "nauc_recall_at_1_std": -0.10292383934841952,
        "nauc_recall_at_20_diff1": 0.3710039040219785,
        "nauc_recall_at_20_max": 8.675947882408791e-05,
        "nauc_recall_at_20_std": 0.012323101686425898,
        "nauc_recall_at_3_diff1": 0.3784699936996799,
        "nauc_recall_at_3_max": 0.01954840402952665,
        "nauc_recall_at_3_std": -0.13284467312516446,
        "nauc_recall_at_5_diff1": 0.3937294215238262,
        "nauc_recall_at_5_max": 0.06549722516351367,
        "nauc_recall_at_5_std": -0.009216790726651434,
        "ndcg_at_1": 0.04505,
        "ndcg_at_10": 0.0499,
        "ndcg_at_100": 0.07517,
        "ndcg_at_1000": 0.08326,
        "ndcg_at_20": 0.05492,
        "ndcg_at_3": 0.03476,
        "ndcg_at_5": 0.03771,
        "precision_at_1": 0.04505,
        "precision_at_10": 0.02252,
        "precision_at_100": 0.0064,
        "precision_at_1000": 0.0008,
        "precision_at_20": 0.01396,
        "precision_at_3": 0.02703,
        "precision_at_5": 0.02342,
        "recall_at_1": 0.01652,
        "recall_at_10": 0.06489,
        "recall_at_100": 0.14345,
        "recall_at_1000": 0.17814,
        "recall_at_20": 0.07781,
        "recall_at_3": 0.02815,
        "recall_at_5": 0.03491
      }
    ]
  },
  "task_name": "BrightAops"
}