{
  "dataset_revision": "a75a0eb",
  "evaluation_time": 9759.37058377266,
  "kg_co2_emissions": null,
  "mteb_version": "1.14.12",
  "scores": {
    "standard": [
      {
        "hf_subset": "leetcode",
        "languages": [
          "eng-Latn"
        ],
        "main_score": 0.14757,
        "map_at_1": 0.00704,
        "map_at_10": 0.09669,
        "map_at_100": 0.11023,
        "map_at_1000": 0.11189,
        "map_at_20": 0.10421,
        "map_at_3": 0.07111,
        "map_at_5": 0.08436,
        "mrr_at_1": 0.007042253521126761,
        "mrr_at_10": 0.1319584171696848,
        "mrr_at_100": 0.143667163519909,
        "mrr_at_1000": 0.14470276403010873,
        "mrr_at_20": 0.13905224562328952,
        "mrr_at_3": 0.10915492957746478,
        "mrr_at_5": 0.12253521126760562,
        "nauc_map_at_1000_diff1": -0.2664917623515761,
        "nauc_map_at_1000_max": -0.17909238008264533,
        "nauc_map_at_1000_std": 0.026364663259625807,
        "nauc_map_at_100_diff1": -0.26541266153346155,
        "nauc_map_at_100_max": -0.1784524425929502,
        "nauc_map_at_100_std": 0.026225377526467253,
        "nauc_map_at_10_diff1": -0.25751985144992334,
        "nauc_map_at_10_max": -0.18153316121041102,
        "nauc_map_at_10_std": 0.010039094314168925,
        "nauc_map_at_1_diff1": -0.412518408660656,
        "nauc_map_at_1_max": -0.5706102875384583,
        "nauc_map_at_1_std": -0.4961372536869316,
        "nauc_map_at_20_diff1": -0.2600043807252631,
        "nauc_map_at_20_max": -0.18830513458975467,
        "nauc_map_at_20_std": 0.011153498305569316,
        "nauc_map_at_3_diff1": -0.2734401658307346,
        "nauc_map_at_3_max": -0.20464183553922996,
        "nauc_map_at_3_std": -0.02517133331224023,
        "nauc_map_at_5_diff1": -0.2625609668449082,
        "nauc_map_at_5_max": -0.19849128284612935,
        "nauc_map_at_5_std": -0.0005138765551069045,
        "nauc_mrr_at_1000_diff1": -0.282031902039669,
        "nauc_mrr_at_1000_max": -0.19035989739232334,
        "nauc_mrr_at_1000_std": -0.01652200687827051,
        "nauc_mrr_at_100_diff1": -0.2825612723156057,
        "nauc_mrr_at_100_max": -0.19058156313494146,
        "nauc_mrr_at_100_std": -0.016600312685651625,
        "nauc_mrr_at_10_diff1": -0.2729792581724709,
        "nauc_mrr_at_10_max": -0.19938367592029377,
        "nauc_mrr_at_10_std": -0.03810693655965991,
        "nauc_mrr_at_1_diff1": -0.412518408660656,
        "nauc_mrr_at_1_max": -0.5706102875384583,
        "nauc_mrr_at_1_std": -0.4961372536869316,
        "nauc_mrr_at_20_diff1": -0.2804557253252108,
        "nauc_mrr_at_20_max": -0.19233093597021927,
        "nauc_mrr_at_20_std": -0.029088006669087382,
        "nauc_mrr_at_3_diff1": -0.2536671909079734,
        "nauc_mrr_at_3_max": -0.19011654457756333,
        "nauc_mrr_at_3_std": -0.028758867718495434,
        "nauc_mrr_at_5_diff1": -0.2797933957465108,
        "nauc_mrr_at_5_max": -0.21052549210128693,
        "nauc_mrr_at_5_std": -0.026954648531490783,
        "nauc_ndcg_at_1000_diff1": -0.26670600825028495,
        "nauc_ndcg_at_1000_max": -0.16909303107190088,
        "nauc_ndcg_at_1000_std": 0.06969672169645538,
        "nauc_ndcg_at_100_diff1": -0.27847436722856794,
        "nauc_ndcg_at_100_max": -0.16202543718175935,
        "nauc_ndcg_at_100_std": 0.08589009596566419,
        "nauc_ndcg_at_10_diff1": -0.24731509874666227,
        "nauc_ndcg_at_10_max": -0.19038640038767557,
        "nauc_ndcg_at_10_std": 0.0019683506231515354,
        "nauc_ndcg_at_1_diff1": -0.412518408660656,
        "nauc_ndcg_at_1_max": -0.5706102875384583,
        "nauc_ndcg_at_1_std": -0.4961372536869316,
        "nauc_ndcg_at_20_diff1": -0.26125785573272453,
        "nauc_ndcg_at_20_max": -0.19234997598848386,
        "nauc_ndcg_at_20_std": 0.01770302904988774,
        "nauc_ndcg_at_3_diff1": -0.2549347754093852,
        "nauc_ndcg_at_3_max": -0.181894099790827,
        "nauc_ndcg_at_3_std": -0.005807770454946848,
        "nauc_ndcg_at_5_diff1": -0.2545041207362968,
        "nauc_ndcg_at_5_max": -0.2051235782890198,
        "nauc_ndcg_at_5_std": 0.007204726972380902,
        "nauc_precision_at_1000_diff1": -0.15080628066513965,
        "nauc_precision_at_1000_max": -0.022440045103550195,
        "nauc_precision_at_1000_std": 0.0956175968088497,
        "nauc_precision_at_100_diff1": -0.23107790357965313,
        "nauc_precision_at_100_max": -0.06549045101286517,
        "nauc_precision_at_100_std": 0.19104656196723488,
        "nauc_precision_at_10_diff1": -0.2282839761930844,
        "nauc_precision_at_10_max": -0.13360391509092606,
        "nauc_precision_at_10_std": 0.07286790760587648,
        "nauc_precision_at_1_diff1": -0.412518408660656,
        "nauc_precision_at_1_max": -0.5706102875384583,
        "nauc_precision_at_1_std": -0.4961372536869316,
        "nauc_precision_at_20_diff1": -0.227984158025662,
        "nauc_precision_at_20_max": -0.12772331757342306,
        "nauc_precision_at_20_std": 0.10097358487550023,
        "nauc_precision_at_3_diff1": -0.22770365286771632,
        "nauc_precision_at_3_max": -0.16562223747842744,
        "nauc_precision_at_3_std": 0.04223423160881469,
        "nauc_precision_at_5_diff1": -0.23284222806633528,
        "nauc_precision_at_5_max": -0.16180844458437735,
        "nauc_precision_at_5_std": 0.0765268971590644,
        "nauc_recall_at_1000_diff1": -0.029735665624055278,
        "nauc_recall_at_1000_max": -0.09644889228429018,
        "nauc_recall_at_1000_std": 0.24191977667944736,
        "nauc_recall_at_100_diff1": -0.25392310928133854,
        "nauc_recall_at_100_max": -0.08790835293911332,
        "nauc_recall_at_100_std": 0.2103526330264308,
        "nauc_recall_at_10_diff1": -0.20538056764507784,
        "nauc_recall_at_10_max": -0.1790066497923437,
        "nauc_recall_at_10_std": 0.004282272851669467,
        "nauc_recall_at_1_diff1": -0.412518408660656,
        "nauc_recall_at_1_max": -0.5706102875384583,
        "nauc_recall_at_1_std": -0.4961372536869316,
        "nauc_recall_at_20_diff1": -0.23628358146906792,
        "nauc_recall_at_20_max": -0.1792295661972626,
        "nauc_recall_at_20_std": 0.03290055611547754,
        "nauc_recall_at_3_diff1": -0.22004565152000688,
        "nauc_recall_at_3_max": -0.19313450900173304,
        "nauc_recall_at_3_std": -0.005441751953529815,
        "nauc_recall_at_5_diff1": -0.22651050706743306,
        "nauc_recall_at_5_max": -0.20542772580164465,
        "nauc_recall_at_5_std": 0.018584722932271258,
        "ndcg_at_1": 0.00704,
        "ndcg_at_10": 0.14757,
        "ndcg_at_100": 0.21155,
        "ndcg_at_1000": 0.26185,
        "ndcg_at_20": 0.17236,
        "ndcg_at_3": 0.10648,
        "ndcg_at_5": 0.12389,
        "precision_at_1": 0.00704,
        "precision_at_10": 0.0493,
        "precision_at_100": 0.00993,
        "precision_at_1000": 0.00165,
        "precision_at_20": 0.03275,
        "precision_at_3": 0.0939,
        "precision_at_5": 0.07465,
        "recall_at_1": 0.00704,
        "recall_at_10": 0.24765,
        "recall_at_100": 0.51092,
        "recall_at_1000": 0.88439,
        "recall_at_20": 0.32711,
        "recall_at_3": 0.14378,
        "recall_at_5": 0.18791
      }
    ]
  },
  "task_name": "BrightRetrieval"
}