{
  "dataset_revision": "a75a0eb",
  "evaluation_time": 538.1926391124725,
  "kg_co2_emissions": null,
  "mteb_version": "1.14.12",
  "scores": {
    "standard": [
      {
        "hf_subset": "theoremqa_theorems",
        "languages": [
          "eng-Latn"
        ],
        "main_score": 0.23898,
        "map_at_1": 0.11795,
        "map_at_10": 0.20329,
        "map_at_100": 0.21884,
        "map_at_1000": 0.21884,
        "map_at_20": 0.21008,
        "map_at_3": 0.18316,
        "map_at_5": 0.1947,
        "mrr_at_1": 0.2153846153846154,
        "mrr_at_10": 0.25882173382173385,
        "mrr_at_100": 0.26982662304180416,
        "mrr_at_1000": 0.26982662304180416,
        "mrr_at_20": 0.26359710550887017,
        "mrr_at_3": 0.25128205128205133,
        "mrr_at_5": 0.25128205128205133,
        "nauc_map_at_1000_diff1": -0.15261481428269508,
        "nauc_map_at_1000_max": 0.3389163035964381,
        "nauc_map_at_1000_std": 0.6521024702680945,
        "nauc_map_at_100_diff1": -0.15261481428269508,
        "nauc_map_at_100_max": 0.3389163035964381,
        "nauc_map_at_100_std": 0.6521024702680945,
        "nauc_map_at_10_diff1": -0.16748909847589524,
        "nauc_map_at_10_max": 0.34153059442868766,
        "nauc_map_at_10_std": 0.6684835253518274,
        "nauc_map_at_1_diff1": -0.2313247348157644,
        "nauc_map_at_1_max": 0.31583889034228235,
        "nauc_map_at_1_std": 0.676865485338437,
        "nauc_map_at_20_diff1": -0.15815124763467622,
        "nauc_map_at_20_max": 0.33997002219560696,
        "nauc_map_at_20_std": 0.6634708518338374,
        "nauc_map_at_3_diff1": -0.17775939318635278,
        "nauc_map_at_3_max": 0.32852457308068567,
        "nauc_map_at_3_std": 0.7001290873128535,
        "nauc_map_at_5_diff1": -0.17958380549146793,
        "nauc_map_at_5_max": 0.34892780513367844,
        "nauc_map_at_5_std": 0.6844921934612178,
        "nauc_mrr_at_1000_diff1": -0.19432573920825144,
        "nauc_mrr_at_1000_max": 0.4498152604665294,
        "nauc_mrr_at_1000_std": 0.5279738043206805,
        "nauc_mrr_at_100_diff1": -0.19432573920825144,
        "nauc_mrr_at_100_max": 0.4498152604665294,
        "nauc_mrr_at_100_std": 0.5279738043206805,
        "nauc_mrr_at_10_diff1": -0.1927039634322411,
        "nauc_mrr_at_10_max": 0.45146015621384544,
        "nauc_mrr_at_10_std": 0.5259371979946799,
        "nauc_mrr_at_1_diff1": -0.346030727636939,
        "nauc_mrr_at_1_max": 0.47260223139694757,
        "nauc_mrr_at_1_std": 0.5964852182511534,
        "nauc_mrr_at_20_diff1": -0.18997269620685914,
        "nauc_mrr_at_20_max": 0.45149977350324944,
        "nauc_mrr_at_20_std": 0.5277492581310892,
        "nauc_mrr_at_3_diff1": -0.21014773052919372,
        "nauc_mrr_at_3_max": 0.45275563684248216,
        "nauc_mrr_at_3_std": 0.5338746212638859,
        "nauc_mrr_at_5_diff1": -0.21014773052919372,
        "nauc_mrr_at_5_max": 0.45275563684248216,
        "nauc_mrr_at_5_std": 0.5338746212638859,
        "nauc_ndcg_at_1000_diff1": -0.09242277248115255,
        "nauc_ndcg_at_1000_max": 0.3616258837733445,
        "nauc_ndcg_at_1000_std": 0.5781320567406253,
        "nauc_ndcg_at_100_diff1": -0.09242277248115255,
        "nauc_ndcg_at_100_max": 0.3616258837733445,
        "nauc_ndcg_at_100_std": 0.5781320567406253,
        "nauc_ndcg_at_10_diff1": -0.12605982129606713,
        "nauc_ndcg_at_10_max": 0.37789528140355616,
        "nauc_ndcg_at_10_std": 0.6088208925853574,
        "nauc_ndcg_at_1_diff1": -0.346030727636939,
        "nauc_ndcg_at_1_max": 0.47260223139694757,
        "nauc_ndcg_at_1_std": 0.5964852182511534,
        "nauc_ndcg_at_20_diff1": -0.09988679710983449,
        "nauc_ndcg_at_20_max": 0.3734185934823423,
        "nauc_ndcg_at_20_std": 0.6012506956860745,
        "nauc_ndcg_at_3_diff1": -0.1581984862440819,
        "nauc_ndcg_at_3_max": 0.3909274579792383,
        "nauc_ndcg_at_3_std": 0.6293467106224897,
        "nauc_ndcg_at_5_diff1": -0.15813763574727632,
        "nauc_ndcg_at_5_max": 0.391006948837494,
        "nauc_ndcg_at_5_std": 0.6344219944528298,
        "nauc_precision_at_1000_diff1": 0.06301151340843253,
        "nauc_precision_at_1000_max": 0.31428839496738226,
        "nauc_precision_at_1000_std": 0.14068818607299916,
        "nauc_precision_at_100_diff1": 0.06301151340843268,
        "nauc_precision_at_100_max": 0.31428839496738215,
        "nauc_precision_at_100_std": 0.14068818607299938,
        "nauc_precision_at_10_diff1": -0.06650507616018288,
        "nauc_precision_at_10_max": 0.4461161534336321,
        "nauc_precision_at_10_std": 0.4492476054275842,
        "nauc_precision_at_1_diff1": -0.346030727636939,
        "nauc_precision_at_1_max": 0.47260223139694757,
        "nauc_precision_at_1_std": 0.5964852182511534,
        "nauc_precision_at_20_diff1": 0.040570578324132245,
        "nauc_precision_at_20_max": 0.41602626606210813,
        "nauc_precision_at_20_std": 0.3488639009766086,
        "nauc_precision_at_3_diff1": -0.1418371256671818,
        "nauc_precision_at_3_max": 0.45126700042480816,
        "nauc_precision_at_3_std": 0.537109923165216,
        "nauc_precision_at_5_diff1": -0.14538177557100007,
        "nauc_precision_at_5_max": 0.46872517231312405,
        "nauc_precision_at_5_std": 0.5128957096335759,
        "nauc_recall_at_1000_diff1": 0.10828042238792977,
        "nauc_recall_at_1000_max": 0.2649759945305533,
        "nauc_recall_at_1000_std": 0.5128557616460933,
        "nauc_recall_at_100_diff1": 0.10828042238792977,
        "nauc_recall_at_100_max": 0.2649759945305533,
        "nauc_recall_at_100_std": 0.5128557616460933,
        "nauc_recall_at_10_diff1": -0.00958276585666829,
        "nauc_recall_at_10_max": 0.3592144489039354,
        "nauc_recall_at_10_std": 0.5537189464208929,
        "nauc_recall_at_1_diff1": -0.2313247348157644,
        "nauc_recall_at_1_max": 0.31583889034228235,
        "nauc_recall_at_1_std": 0.676865485338437,
        "nauc_recall_at_20_diff1": 0.050384732049108934,
        "nauc_recall_at_20_max": 0.32852647139658153,
        "nauc_recall_at_20_std": 0.5449335827621391,
        "nauc_recall_at_3_diff1": -0.06891363637900519,
        "nauc_recall_at_3_max": 0.3632796658207025,
        "nauc_recall_at_3_std": 0.6464277127794628,
        "nauc_recall_at_5_diff1": -0.07296131471668257,
        "nauc_recall_at_5_max": 0.38332122811015695,
        "nauc_recall_at_5_std": 0.6278999066539948,
        "ndcg_at_1": 0.21538,
        "ndcg_at_10": 0.23898,
        "ndcg_at_100": 0.31294,
        "ndcg_at_1000": 0.31294,
        "ndcg_at_20": 0.26333,
        "ndcg_at_3": 0.21482,
        "ndcg_at_5": 0.22152,
        "precision_at_1": 0.21538,
        "precision_at_10": 0.05692,
        "precision_at_100": 0.01154,
        "precision_at_1000": 0.00115,
        "precision_at_20": 0.03615,
        "precision_at_3": 0.14359,
        "precision_at_5": 0.09538,
        "recall_at_1": 0.11795,
        "recall_at_10": 0.28897,
        "recall_at_100": 0.59846,
        "recall_at_1000": 0.59846,
        "recall_at_20": 0.37667,
        "recall_at_3": 0.22103,
        "recall_at_5": 0.24154
      }
    ]
  },
  "task_name": "BrightRetrieval"
}