{
  "dataset_revision": "3066d29",
  "evaluation_time": 3613.794693470001,
  "kg_co2_emissions": null,
  "mteb_version": "1.14.12",
  "scores": {
    "standard": [
      {
        "hf_subset": "aops",
        "languages": [
          "eng-Latn"
        ],
        "main_score": 0.06112,
        "map_at_1": 0.01137,
        "map_at_10": 0.03234,
        "map_at_100": 0.04275,
        "map_at_1000": 0.04299,
        "map_at_20": 0.03733,
        "map_at_3": 0.02367,
        "map_at_5": 0.0275,
        "mrr_at_1": 0.05405405405405406,
        "mrr_at_10": 0.10084727584727583,
        "mrr_at_100": 0.10723063957298698,
        "mrr_at_1000": 0.10752188393888207,
        "mrr_at_20": 0.10474829224829224,
        "mrr_at_3": 0.08408408408408408,
        "mrr_at_5": 0.093993993993994,
        "nauc_map_at_1000_diff1": 0.08694464675647222,
        "nauc_map_at_1000_max": 0.2063723919300398,
        "nauc_map_at_1000_std": 0.17380088600846305,
        "nauc_map_at_100_diff1": 0.08788538061579616,
        "nauc_map_at_100_max": 0.2063252548044392,
        "nauc_map_at_100_std": 0.17575140771180334,
        "nauc_map_at_10_diff1": 0.08279931124926626,
        "nauc_map_at_10_max": 0.10022205785136605,
        "nauc_map_at_10_std": 0.09947702924471565,
        "nauc_map_at_1_diff1": -0.02544560725529078,
        "nauc_map_at_1_max": 0.04890710648515569,
        "nauc_map_at_1_std": 0.10785643793139513,
        "nauc_map_at_20_diff1": 0.09092963609461917,
        "nauc_map_at_20_max": 0.15839798179163886,
        "nauc_map_at_20_std": 0.12609953776022748,
        "nauc_map_at_3_diff1": 0.060112903108494424,
        "nauc_map_at_3_max": 0.05352474345347024,
        "nauc_map_at_3_std": 0.03768687419415647,
        "nauc_map_at_5_diff1": 0.07932281801623325,
        "nauc_map_at_5_max": 0.054895534121121824,
        "nauc_map_at_5_std": 0.06073352205627614,
        "nauc_mrr_at_1000_diff1": 0.10897407587611746,
        "nauc_mrr_at_1000_max": 0.19540469502794844,
        "nauc_mrr_at_1000_std": 0.20376894489563102,
        "nauc_mrr_at_100_diff1": 0.1102086236740382,
        "nauc_mrr_at_100_max": 0.1950773236306642,
        "nauc_mrr_at_100_std": 0.20453701767757043,
        "nauc_mrr_at_10_diff1": 0.11053986062067413,
        "nauc_mrr_at_10_max": 0.18183146517094054,
        "nauc_mrr_at_10_std": 0.19856245012238552,
        "nauc_mrr_at_1_diff1": 0.06675456636029677,
        "nauc_mrr_at_1_max": 0.12839054243049441,
        "nauc_mrr_at_1_std": 0.17832251039066527,
        "nauc_mrr_at_20_diff1": 0.11005650222707626,
        "nauc_mrr_at_20_max": 0.19529780594376123,
        "nauc_mrr_at_20_std": 0.20032256671005627,
        "nauc_mrr_at_3_diff1": 0.11700099728091025,
        "nauc_mrr_at_3_max": 0.16155455654522394,
        "nauc_mrr_at_3_std": 0.1471543695255924,
        "nauc_mrr_at_5_diff1": 0.1098219799703985,
        "nauc_mrr_at_5_max": 0.16460808689446507,
        "nauc_mrr_at_5_std": 0.16115547853499923,
        "nauc_ndcg_at_1000_diff1": 0.10185741699730765,
        "nauc_ndcg_at_1000_max": 0.29570527232230936,
        "nauc_ndcg_at_1000_std": 0.2792500580023312,
        "nauc_ndcg_at_100_diff1": 0.11378091797089704,
        "nauc_ndcg_at_100_max": 0.2958790846562279,
        "nauc_ndcg_at_100_std": 0.29501414040613877,
        "nauc_ndcg_at_10_diff1": 0.1029463003375948,
        "nauc_ndcg_at_10_max": 0.14626371011667066,
        "nauc_ndcg_at_10_std": 0.15588926011079143,
        "nauc_ndcg_at_1_diff1": 0.06675456636029677,
        "nauc_ndcg_at_1_max": 0.12839054243049441,
        "nauc_ndcg_at_1_std": 0.17832251039066527,
        "nauc_ndcg_at_20_diff1": 0.11425827390851322,
        "nauc_ndcg_at_20_max": 0.2278229939442803,
        "nauc_ndcg_at_20_std": 0.19326075837288623,
        "nauc_ndcg_at_3_diff1": 0.1074743047367482,
        "nauc_ndcg_at_3_max": 0.16565233609694552,
        "nauc_ndcg_at_3_std": 0.12265453150072747,
        "nauc_ndcg_at_5_diff1": 0.09437647383562044,
        "nauc_ndcg_at_5_max": 0.1326820837703758,
        "nauc_ndcg_at_5_std": 0.11744087357828262,
        "nauc_precision_at_1000_diff1": 0.036472992826552565,
        "nauc_precision_at_1000_max": 0.48726024120602096,
        "nauc_precision_at_1000_std": 0.44597148411130594,
        "nauc_precision_at_100_diff1": 0.057886312869492945,
        "nauc_precision_at_100_max": 0.4874382100479441,
        "nauc_precision_at_100_std": 0.46928870116555216,
        "nauc_precision_at_10_diff1": 0.07358824833184359,
        "nauc_precision_at_10_max": 0.31272743152527877,
        "nauc_precision_at_10_std": 0.29425386671101034,
        "nauc_precision_at_1_diff1": 0.06675456636029677,
        "nauc_precision_at_1_max": 0.12839054243049441,
        "nauc_precision_at_1_std": 0.17832251039066527,
        "nauc_precision_at_20_diff1": 0.07005906317501155,
        "nauc_precision_at_20_max": 0.44241559780031614,
        "nauc_precision_at_20_std": 0.3269030417889928,
        "nauc_precision_at_3_diff1": 0.1131292883917306,
        "nauc_precision_at_3_max": 0.22649979228120146,
        "nauc_precision_at_3_std": 0.1255229838054178,
        "nauc_precision_at_5_diff1": 0.06855903880274124,
        "nauc_precision_at_5_max": 0.23538569226567715,
        "nauc_precision_at_5_std": 0.18490575720565414,
        "nauc_recall_at_1000_diff1": 0.13254962185917507,
        "nauc_recall_at_1000_max": 0.2968978271012981,
        "nauc_recall_at_1000_std": 0.2923856535651228,
        "nauc_recall_at_100_diff1": 0.16441386068400016,
        "nauc_recall_at_100_max": 0.29611944623169895,
        "nauc_recall_at_100_std": 0.33573557231328544,
        "nauc_recall_at_10_diff1": 0.13991338596227954,
        "nauc_recall_at_10_max": 0.11925069404199484,
        "nauc_recall_at_10_std": 0.1509600233975015,
        "nauc_recall_at_1_diff1": -0.02544560725529078,
        "nauc_recall_at_1_max": 0.04890710648515569,
        "nauc_recall_at_1_std": 0.10785643793139513,
        "nauc_recall_at_20_diff1": 0.16343017106742852,
        "nauc_recall_at_20_max": 0.23097359105448434,
        "nauc_recall_at_20_std": 0.19621629100017532,
        "nauc_recall_at_3_diff1": 0.09641001400726697,
        "nauc_recall_at_3_max": 0.06472856449464479,
        "nauc_recall_at_3_std": 0.011989156821128697,
        "nauc_recall_at_5_diff1": 0.12447702331768304,
        "nauc_recall_at_5_max": 0.05178072917077104,
        "nauc_recall_at_5_std": 0.05211235538302564,
        "ndcg_at_1": 0.05405,
        "ndcg_at_10": 0.06112,
        "ndcg_at_100": 0.10202,
        "ndcg_at_1000": 0.10592,
        "ndcg_at_20": 0.07526,
        "ndcg_at_3": 0.051,
        "ndcg_at_5": 0.05401,
        "precision_at_1": 0.05405,
        "precision_at_10": 0.03153,
        "precision_at_100": 0.00973,
        "precision_at_1000": 0.00104,
        "precision_at_20": 0.02523,
        "precision_at_3": 0.04805,
        "precision_at_5": 0.04144,
        "recall_at_1": 0.01137,
        "recall_at_10": 0.0755,
        "recall_at_100": 0.19101,
        "recall_at_1000": 0.20941,
        "recall_at_20": 0.10639,
        "recall_at_3": 0.03904,
        "recall_at_5": 0.05325
      }
    ]
  },
  "task_name": "BrightAops"
}