{
  "dataset_revision": "3066d29",
  "evaluation_time": 6781.965845346451,
  "kg_co2_emissions": null,
  "mteb_version": "1.14.12",
  "scores": {
    "standard": [
      {
        "hf_subset": "aops",
        "languages": [
          "eng-Latn"
        ],
        "main_score": 0.18107,
        "map_at_1": 0.05148,
        "map_at_10": 0.11624,
        "map_at_100": 0.13257,
        "map_at_1000": 0.13294,
        "map_at_20": 0.12517,
        "map_at_3": 0.08722,
        "map_at_5": 0.10173,
        "mrr_at_1": 0.23423423423423423,
        "mrr_at_10": 0.2947554697554698,
        "mrr_at_100": 0.3039457746639562,
        "mrr_at_1000": 0.30407662069455044,
        "mrr_at_20": 0.30071717939364995,
        "mrr_at_3": 0.2687687687687687,
        "mrr_at_5": 0.2854354354354354,
        "nauc_map_at_1000_diff1": 0.18129590419082722,
        "nauc_map_at_1000_max": 0.2447111668621248,
        "nauc_map_at_1000_std": -0.19626622632976087,
        "nauc_map_at_100_diff1": 0.1819806914833925,
        "nauc_map_at_100_max": 0.24603845849494035,
        "nauc_map_at_100_std": -0.19520174995409892,
        "nauc_map_at_10_diff1": 0.1922344040007982,
        "nauc_map_at_10_max": 0.2443110484736373,
        "nauc_map_at_10_std": -0.22315645945012683,
        "nauc_map_at_1_diff1": 0.28348071662975444,
        "nauc_map_at_1_max": 0.27953720104100754,
        "nauc_map_at_1_std": -0.24876665380413227,
        "nauc_map_at_20_diff1": 0.18613124156176428,
        "nauc_map_at_20_max": 0.24052613525997407,
        "nauc_map_at_20_std": -0.21537073844425686,
        "nauc_map_at_3_diff1": 0.24110377861439244,
        "nauc_map_at_3_max": 0.28915508802346374,
        "nauc_map_at_3_std": -0.22189353042545953,
        "nauc_map_at_5_diff1": 0.2073528883590392,
        "nauc_map_at_5_max": 0.2267838600898062,
        "nauc_map_at_5_std": -0.21592716138525542,
        "nauc_mrr_at_1000_diff1": 0.13877764088119907,
        "nauc_mrr_at_1000_max": 0.26646897690879495,
        "nauc_mrr_at_1000_std": -0.18024326134508062,
        "nauc_mrr_at_100_diff1": 0.13843508240557262,
        "nauc_mrr_at_100_max": 0.26643895861383604,
        "nauc_mrr_at_100_std": -0.1799447921753668,
        "nauc_mrr_at_10_diff1": 0.1333172125066391,
        "nauc_mrr_at_10_max": 0.26507710260978684,
        "nauc_mrr_at_10_std": -0.1847513361211584,
        "nauc_mrr_at_1_diff1": 0.21418118869222724,
        "nauc_mrr_at_1_max": 0.32325329693214744,
        "nauc_mrr_at_1_std": -0.19342365905679643,
        "nauc_mrr_at_20_diff1": 0.13695275356559106,
        "nauc_mrr_at_20_max": 0.2657087514412871,
        "nauc_mrr_at_20_std": -0.17853008993403688,
        "nauc_mrr_at_3_diff1": 0.1664068681206547,
        "nauc_mrr_at_3_max": 0.28280281074408936,
        "nauc_mrr_at_3_std": -0.18902953106063283,
        "nauc_mrr_at_5_diff1": 0.14361765604479687,
        "nauc_mrr_at_5_max": 0.2620124861802685,
        "nauc_mrr_at_5_std": -0.19794919978184766,
        "nauc_ndcg_at_1000_diff1": 0.13234389202046015,
        "nauc_ndcg_at_1000_max": 0.22346327236831007,
        "nauc_ndcg_at_1000_std": -0.1698149957498022,
        "nauc_ndcg_at_100_diff1": 0.13424007280671665,
        "nauc_ndcg_at_100_max": 0.23257614876763563,
        "nauc_ndcg_at_100_std": -0.1590480010749994,
        "nauc_ndcg_at_10_diff1": 0.14734548375925666,
        "nauc_ndcg_at_10_max": 0.22904852310618834,
        "nauc_ndcg_at_10_std": -0.21544668788781354,
        "nauc_ndcg_at_1_diff1": 0.21418118869222724,
        "nauc_ndcg_at_1_max": 0.32325329693214744,
        "nauc_ndcg_at_1_std": -0.19342365905679643,
        "nauc_ndcg_at_20_diff1": 0.14055253964538028,
        "nauc_ndcg_at_20_max": 0.2226119367877056,
        "nauc_ndcg_at_20_std": -0.1978669347528744,
        "nauc_ndcg_at_3_diff1": 0.1600704257428623,
        "nauc_ndcg_at_3_max": 0.27680497002755866,
        "nauc_ndcg_at_3_std": -0.17430607534597875,
        "nauc_ndcg_at_5_diff1": 0.15221611326236908,
        "nauc_ndcg_at_5_max": 0.21227530178681014,
        "nauc_ndcg_at_5_std": -0.2046053802486065,
        "nauc_precision_at_1000_diff1": 0.005451410998404236,
        "nauc_precision_at_1000_max": 0.17309815409608945,
        "nauc_precision_at_1000_std": -0.027542724453948834,
        "nauc_precision_at_100_diff1": -0.0016312900192383625,
        "nauc_precision_at_100_max": 0.19901962035914753,
        "nauc_precision_at_100_std": 0.0076334654934058525,
        "nauc_precision_at_10_diff1": 0.043853090600473266,
        "nauc_precision_at_10_max": 0.18997836887991146,
        "nauc_precision_at_10_std": -0.1389122063285765,
        "nauc_precision_at_1_diff1": 0.21418118869222724,
        "nauc_precision_at_1_max": 0.32325329693214744,
        "nauc_precision_at_1_std": -0.19342365905679643,
        "nauc_precision_at_20_diff1": 0.04794350431559057,
        "nauc_precision_at_20_max": 0.20196170466095006,
        "nauc_precision_at_20_std": -0.07883606356477317,
        "nauc_precision_at_3_diff1": 0.15089056865831987,
        "nauc_precision_at_3_max": 0.26414980151063566,
        "nauc_precision_at_3_std": -0.1523987910323191,
        "nauc_precision_at_5_diff1": 0.07480149446120715,
        "nauc_precision_at_5_max": 0.15110003586675744,
        "nauc_precision_at_5_std": -0.1416446404714432,
        "nauc_recall_at_1000_diff1": 0.08379528364690686,
        "nauc_recall_at_1000_max": 0.11381337931213482,
        "nauc_recall_at_1000_std": -0.13561384983457977,
        "nauc_recall_at_100_diff1": 0.09709836024073844,
        "nauc_recall_at_100_max": 0.14704669437917128,
        "nauc_recall_at_100_std": -0.0996155996731216,
        "nauc_recall_at_10_diff1": 0.11046888800212674,
        "nauc_recall_at_10_max": 0.17441263348627783,
        "nauc_recall_at_10_std": -0.23817914267368798,
        "nauc_recall_at_1_diff1": 0.28348071662975444,
        "nauc_recall_at_1_max": 0.27953720104100754,
        "nauc_recall_at_1_std": -0.24876665380413227,
        "nauc_recall_at_20_diff1": 0.0821921251097532,
        "nauc_recall_at_20_max": 0.13052785658687602,
        "nauc_recall_at_20_std": -0.20284076918760324,
        "nauc_recall_at_3_diff1": 0.19954994391654732,
        "nauc_recall_at_3_max": 0.24729885095554627,
        "nauc_recall_at_3_std": -0.21481952180429062,
        "nauc_recall_at_5_diff1": 0.1321876216107783,
        "nauc_recall_at_5_max": 0.12876801947864913,
        "nauc_recall_at_5_std": -0.23427381222710078,
        "ndcg_at_1": 0.23423,
        "ndcg_at_10": 0.18107,
        "ndcg_at_100": 0.23804,
        "ndcg_at_1000": 0.24273,
        "ndcg_at_20": 0.20578,
        "ndcg_at_3": 0.17383,
        "ndcg_at_5": 0.16861,
        "precision_at_1": 0.23423,
        "precision_at_10": 0.08559,
        "precision_at_100": 0.01622,
        "precision_at_1000": 0.00171,
        "precision_at_20": 0.05631,
        "precision_at_3": 0.15315,
        "precision_at_5": 0.12072,
        "recall_at_1": 0.05148,
        "recall_at_10": 0.19321,
        "recall_at_100": 0.36079,
        "recall_at_1000": 0.38197,
        "recall_at_20": 0.25622,
        "recall_at_3": 0.10366,
        "recall_at_5": 0.14211
      }
    ]
  },
  "task_name": "BrightAops"
}