{
  "dataset_revision": "3066d29",
  "evaluation_time": 938.4630382061005,
  "kg_co2_emissions": null,
  "mteb_version": "1.14.12",
  "scores": {
    "standard": [
      {
        "hf_subset": "theoremqa_theorems",
        "languages": [
          "eng-Latn"
        ],
        "main_score": 0.0809,
        "map_at_1": 0.02193,
        "map_at_10": 0.05197,
        "map_at_100": 0.05995,
        "map_at_1000": 0.0611,
        "map_at_20": 0.05732,
        "map_at_3": 0.03399,
        "map_at_5": 0.0432,
        "mrr_at_1": 0.05263157894736842,
        "mrr_at_10": 0.09027777777777778,
        "mrr_at_100": 0.097322714779759,
        "mrr_at_1000": 0.09810669675165104,
        "mrr_at_20": 0.09324475404196765,
        "mrr_at_3": 0.07236842105263158,
        "mrr_at_5": 0.08223684210526316,
        "nauc_map_at_1000_diff1": 0.31696571340600466,
        "nauc_map_at_1000_max": 0.05965369999625659,
        "nauc_map_at_1000_std": -0.022862088303020906,
        "nauc_map_at_100_diff1": 0.32005721280845995,
        "nauc_map_at_100_max": 0.0585691670053969,
        "nauc_map_at_100_std": -0.022335726226562474,
        "nauc_map_at_10_diff1": 0.33463078332521856,
        "nauc_map_at_10_max": 0.06864564519407727,
        "nauc_map_at_10_std": -0.024466673811835423,
        "nauc_map_at_1_diff1": -0.022975333101578073,
        "nauc_map_at_1_max": -0.35399814047467,
        "nauc_map_at_1_std": -0.5343565717863233,
        "nauc_map_at_20_diff1": 0.3256399873554179,
        "nauc_map_at_20_max": 0.060865934054897305,
        "nauc_map_at_20_std": -0.0348567941096393,
        "nauc_map_at_3_diff1": 0.20647333625542977,
        "nauc_map_at_3_max": -0.08893851882434661,
        "nauc_map_at_3_std": -0.24909157715419186,
        "nauc_map_at_5_diff1": 0.2952492333277768,
        "nauc_map_at_5_max": 0.07896607813651388,
        "nauc_map_at_5_std": -0.03498036218795823,
        "nauc_mrr_at_1000_diff1": 0.14688708325098124,
        "nauc_mrr_at_1000_max": -0.1100723908903733,
        "nauc_mrr_at_1000_std": -0.17479250676805874,
        "nauc_mrr_at_100_diff1": 0.14867981014782086,
        "nauc_mrr_at_100_max": -0.11089632829133983,
        "nauc_mrr_at_100_std": -0.17378171007515336,
        "nauc_mrr_at_10_diff1": 0.15488929940947863,
        "nauc_mrr_at_10_max": -0.09643976485077205,
        "nauc_mrr_at_10_std": -0.17699201325590858,
        "nauc_mrr_at_1_diff1": -0.07281266925628964,
        "nauc_mrr_at_1_max": -0.3920036198324969,
        "nauc_mrr_at_1_std": -0.5224379605774966,
        "nauc_mrr_at_20_diff1": 0.15052128801833609,
        "nauc_mrr_at_20_max": -0.10944804628868492,
        "nauc_mrr_at_20_std": -0.18228304583485033,
        "nauc_mrr_at_3_diff1": 0.04638318203567595,
        "nauc_mrr_at_3_max": -0.19365609736576647,
        "nauc_mrr_at_3_std": -0.30908677218019265,
        "nauc_mrr_at_5_diff1": 0.1282153316938505,
        "nauc_mrr_at_5_max": -0.07937014400217604,
        "nauc_mrr_at_5_std": -0.18366285612595093,
        "nauc_ndcg_at_1000_diff1": 0.2940221960000738,
        "nauc_ndcg_at_1000_max": 0.0727975171329303,
        "nauc_ndcg_at_1000_std": 0.0588568236324638,
        "nauc_ndcg_at_100_diff1": 0.32426254185778236,
        "nauc_ndcg_at_100_max": 0.052066469797845634,
        "nauc_ndcg_at_100_std": 0.07040754217707929,
        "nauc_ndcg_at_10_diff1": 0.36094377018340584,
        "nauc_ndcg_at_10_max": 0.08784289355188854,
        "nauc_ndcg_at_10_std": 0.027373605564594717,
        "nauc_ndcg_at_1_diff1": -0.07281266925628964,
        "nauc_ndcg_at_1_max": -0.3920036198324969,
        "nauc_ndcg_at_1_std": -0.5224379605774966,
        "nauc_ndcg_at_20_diff1": 0.33541445760865785,
        "nauc_ndcg_at_20_max": 0.05959804700535212,
        "nauc_ndcg_at_20_std": 0.0013357053989560936,
        "nauc_ndcg_at_3_diff1": 0.18216500788602477,
        "nauc_ndcg_at_3_max": -0.08497714164260335,
        "nauc_ndcg_at_3_std": -0.22783211150683516,
        "nauc_ndcg_at_5_diff1": 0.30703097495422155,
        "nauc_ndcg_at_5_max": 0.12541998913550484,
        "nauc_ndcg_at_5_std": 0.025364577439019834,
        "nauc_precision_at_1000_diff1": 0.17223766375072888,
        "nauc_precision_at_1000_max": 0.021378061262160207,
        "nauc_precision_at_1000_std": 0.16905303162555893,
        "nauc_precision_at_100_diff1": 0.24227257875090943,
        "nauc_precision_at_100_max": 0.010613712445191313,
        "nauc_precision_at_100_std": 0.19966976081458881,
        "nauc_precision_at_10_diff1": 0.35390562879633836,
        "nauc_precision_at_10_max": 0.11299969225977288,
        "nauc_precision_at_10_std": 0.12640476175596008,
        "nauc_precision_at_1_diff1": -0.07281266925628964,
        "nauc_precision_at_1_max": -0.3920036198324969,
        "nauc_precision_at_1_std": -0.5224379605774966,
        "nauc_precision_at_20_diff1": 0.2940944325037442,
        "nauc_precision_at_20_max": 0.04039303660742014,
        "nauc_precision_at_20_std": 0.05065120780460132,
        "nauc_precision_at_3_diff1": 0.11449509705965637,
        "nauc_precision_at_3_max": -0.08031465595620607,
        "nauc_precision_at_3_std": -0.18717180738173297,
        "nauc_precision_at_5_diff1": 0.29031009092273363,
        "nauc_precision_at_5_max": 0.2022726649938524,
        "nauc_precision_at_5_std": 0.19494754434741343,
        "nauc_recall_at_1000_diff1": 0.27947653051146304,
        "nauc_recall_at_1000_max": 0.18910203277095997,
        "nauc_recall_at_1000_std": 0.2014767456643689,
        "nauc_recall_at_100_diff1": 0.3841850622975812,
        "nauc_recall_at_100_max": 0.11350181538255866,
        "nauc_recall_at_100_std": 0.25935128508943567,
        "nauc_recall_at_10_diff1": 0.499503133391701,
        "nauc_recall_at_10_max": 0.20477667136386996,
        "nauc_recall_at_10_std": 0.18453089064675204,
        "nauc_recall_at_1_diff1": -0.022975333101578073,
        "nauc_recall_at_1_max": -0.35399814047467,
        "nauc_recall_at_1_std": -0.5343565717863233,
        "nauc_recall_at_20_diff1": 0.4186532300890272,
        "nauc_recall_at_20_max": 0.1341851604720048,
        "nauc_recall_at_20_std": 0.1098944694210665,
        "nauc_recall_at_3_diff1": 0.3157346073778145,
        "nauc_recall_at_3_max": 0.03728034862818825,
        "nauc_recall_at_3_std": -0.11325110351984374,
        "nauc_recall_at_5_diff1": 0.4680170297917152,
        "nauc_recall_at_5_max": 0.3386195079200232,
        "nauc_recall_at_5_std": 0.24751712882007762,
        "ndcg_at_1": 0.05263,
        "ndcg_at_10": 0.0809,
        "ndcg_at_100": 0.1195,
        "ndcg_at_1000": 0.13717,
        "ndcg_at_20": 0.09492,
        "ndcg_at_3": 0.04577,
        "ndcg_at_5": 0.06151,
        "precision_at_1": 0.05263,
        "precision_at_10": 0.02368,
        "precision_at_100": 0.00553,
        "precision_at_1000": 0.00074,
        "precision_at_20": 0.01645,
        "precision_at_3": 0.0307,
        "precision_at_5": 0.02895,
        "recall_at_1": 0.02193,
        "recall_at_10": 0.12939,
        "recall_at_100": 0.28947,
        "recall_at_1000": 0.39693,
        "recall_at_20": 0.17215,
        "recall_at_3": 0.04605,
        "recall_at_5": 0.07895
      }
    ]
  },
  "task_name": "BrightTheoremqaTheorems"
}